resume_id,resume_text,target_role,years_experience,seniority
1,"Experienced in DSA, C++, Python. Worked on Developed backend system. 4 years of experience.",Software Engineer,4,Senior
2,"Experienced in Python, C++, Java. Worked on Optimized algorithms. 2 years of experience.",Software Engineer,2,Mid
3,"Experienced in System Design, Python, Java. Worked on Optimized algorithms. 2 years of experience.",Software Engineer,2,Mid
4,"Experienced in Java, System Design, C++. Worked on Developed backend system. 2 years of experience.",Software Engineer,2,Mid
5,"Experienced in OOP, Python, DSA. Worked on Optimized algorithms. 5 years of experience.",Software Engineer,5,Senior
6,"Experienced in DSA, Java, C++. Worked on Built REST API. 2 years of experience.",Software Engineer,2,Mid
7,"Experienced in System Design, Java, DSA. Worked on Optimized algorithms. 0 years of experience.",Software Engineer,0,Junior
8,"Experienced in DSA, C++, OOP. Worked on Developed backend system. 2 years of experience.",Software Engineer,2,Mid
9,"Experienced in C++, System Design, OOP. Worked on Optimized algorithms. 0 years of experience.",Software Engineer,0,Junior
10,"Experienced in System Design, OOP, Java. Worked on Built REST API. 5 years of experience.",Software Engineer,5,Senior
11,"Experienced in Java, OOP, Python. Worked on Built REST API. 2 years of experience.",Software Engineer,2,Mid
12,"Experienced in System Design, Java, DSA. Worked on Developed backend system. 2 years of experience.",Software Engineer,2,Mid
13,"Experienced in Python, System Design, DSA. Worked on Built REST API. 2 years of experience.",Software Engineer,2,Mid
14,"Experienced in Java, C++, DSA. Worked on Developed backend system. 2 years of experience.",Software Engineer,2,Mid
15,"Experienced in System Design, C++, Python. Worked on Developed backend system. 5 years of experience.",Software Engineer,5,Senior
16,"Experienced in Java, OOP, DSA. Worked on Optimized algorithms. 0 years of experience.",Software Engineer,0,Junior
17,"Experienced in Python, Java, OOP. Worked on Developed backend system. 0 years of experience.",Software Engineer,0,Junior
18,"Experienced in OOP, C++, Python. Worked on Optimized algorithms. 1 years of experience.",Software Engineer,1,Junior
19,"Experienced in System Design, Python, Java. Worked on Developed backend system. 1 years of experience.",Software Engineer,1,Junior
20,"Experienced in C++, DSA, OOP. Worked on Built REST API. 2 years of experience.",Software Engineer,2,Mid
21,"Experienced in OOP, Java, Python. Worked on Optimized algorithms. 0 years of experience.",Software Engineer,0,Junior
22,"Experienced in Python, Java, System Design. Worked on Built REST API. 1 years of experience.",Software Engineer,1,Junior
23,"Experienced in Java, System Design, Python. Worked on Developed backend system. 0 years of experience.",Software Engineer,0,Junior
24,"Experienced in DSA, Java, Python. Worked on Developed backend system. 1 years of experience.",Software Engineer,1,Junior
25,"Experienced in Java, DSA, Python. Worked on Developed backend system. 4 years of experience.",Software Engineer,4,Senior
26,"Experienced in OOP, System Design, Python. Worked on Developed backend system. 0 years of experience.",Software Engineer,0,Junior
27,"Experienced in C++, System Design, Python. Worked on Developed backend system. 3 years of experience.",Software Engineer,3,Mid
28,"Experienced in Java, C++, DSA. Worked on Developed backend system. 3 years of experience.",Software Engineer,3,Mid
29,"Experienced in OOP, Java, System Design. Worked on Optimized algorithms. 2 years of experience.",Software Engineer,2,Mid
30,"Experienced in Python, DSA, C++. Worked on Built REST API. 2 years of experience.",Software Engineer,2,Mid
31,"Experienced in Python, DSA, C++. Worked on Developed backend system. 5 years of experience.",Software Engineer,5,Senior
32,"Experienced in OOP, Java, C++. Worked on Built REST API. 4 years of experience.",Software Engineer,4,Senior
33,"Experienced in OOP, DSA, C++. Worked on Developed backend system. 1 years of experience.",Software Engineer,1,Junior
34,"Experienced in System Design, DSA, C++. Worked on Developed backend system. 3 years of experience.",Software Engineer,3,Mid
35,"Experienced in DSA, Python, Java. Worked on Built REST API. 3 years of experience.",Software Engineer,3,Mid
36,"Experienced in Java, C++, DSA. Worked on Optimized algorithms. 5 years of experience.",Software Engineer,5,Senior
37,"Experienced in DSA, System Design, C++. Worked on Built REST API. 4 years of experience.",Software Engineer,4,Senior
38,"Experienced in C++, DSA, System Design. Worked on Developed backend system. 0 years of experience.",Software Engineer,0,Junior
39,"Experienced in C++, Java, DSA. Worked on Optimized algorithms. 2 years of experience.",Software Engineer,2,Mid
40,"Experienced in Python, DSA, System Design. Worked on Developed backend system. 5 years of experience.",Software Engineer,5,Senior
41,"Experienced in C++, System Design, Java. Worked on Built REST API. 4 years of experience.",Software Engineer,4,Senior
42,"Experienced in System Design, Java, DSA. Worked on Optimized algorithms. 3 years of experience.",Software Engineer,3,Mid
43,"Experienced in C++, DSA, Python. Worked on Built REST API. 5 years of experience.",Software Engineer,5,Senior
44,"Experienced in Java, Python, System Design. Worked on Optimized algorithms. 4 years of experience.",Software Engineer,4,Senior
45,"Experienced in C++, Java, DSA. Worked on Built REST API. 1 years of experience.",Software Engineer,1,Junior
46,"Experienced in OOP, Java, System Design. Worked on Developed backend system. 3 years of experience.",Software Engineer,3,Mid
47,"Experienced in C++, DSA, System Design. Worked on Built REST API. 5 years of experience.",Software Engineer,5,Senior
48,"Experienced in C++, Java, DSA. Worked on Developed backend system. 1 years of experience.",Software Engineer,1,Junior
49,"Experienced in DSA, Java, OOP. Worked on Developed backend system. 5 years of experience.",Software Engineer,5,Senior
50,"Experienced in C++, Python, Java. Worked on Optimized algorithms. 0 years of experience.",Software Engineer,0,Junior
51,"Experienced in System Design, Java, Python. Worked on Developed backend system. 0 years of experience.",Software Engineer,0,Junior
52,"Experienced in C++, Python, OOP. Worked on Built REST API. 1 years of experience.",Software Engineer,1,Junior
53,"Experienced in Java, C++, OOP. Worked on Built REST API. 0 years of experience.",Software Engineer,0,Junior
54,"Experienced in C++, DSA, Python. Worked on Developed backend system. 4 years of experience.",Software Engineer,4,Senior
55,"Experienced in Python, Java, OOP. Worked on Built REST API. 2 years of experience.",Software Engineer,2,Mid
56,"Experienced in System Design, OOP, C++. Worked on Built REST API. 2 years of experience.",Software Engineer,2,Mid
57,"Experienced in DSA, System Design, Java. Worked on Optimized algorithms. 4 years of experience.",Software Engineer,4,Senior
58,"Experienced in Python, DSA, Java. Worked on Developed backend system. 1 years of experience.",Software Engineer,1,Junior
59,"Experienced in System Design, C++, Java. Worked on Developed backend system. 4 years of experience.",Software Engineer,4,Senior
60,"Experienced in System Design, Java, DSA. Worked on Built REST API. 3 years of experience.",Software Engineer,3,Mid
61,"Experienced in Python, Java, DSA. Worked on Built REST API. 2 years of experience.",Software Engineer,2,Mid
62,"Experienced in C++, Java, System Design. Worked on Built REST API. 0 years of experience.",Software Engineer,0,Junior
63,"Experienced in System Design, DSA, C++. Worked on Built REST API. 1 years of experience.",Software Engineer,1,Junior
64,"Experienced in OOP, DSA, System Design. Worked on Built REST API. 1 years of experience.",Software Engineer,1,Junior
65,"Experienced in DSA, C++, Python. Worked on Developed backend system. 2 years of experience.",Software Engineer,2,Mid
66,"Experienced in System Design, OOP, Python. Worked on Optimized algorithms. 2 years of experience.",Software Engineer,2,Mid
67,"Experienced in Python, Java, DSA. Worked on Developed backend system. 5 years of experience.",Software Engineer,5,Senior
68,"Experienced in Python, Java, DSA. Worked on Optimized algorithms. 0 years of experience.",Software Engineer,0,Junior
69,"Experienced in OOP, DSA, Python. Worked on Optimized algorithms. 1 years of experience.",Software Engineer,1,Junior
70,"Experienced in C++, Java, System Design. Worked on Built REST API. 2 years of experience.",Software Engineer,2,Mid
71,"Experienced in Java, System Design, DSA. Worked on Developed backend system. 5 years of experience.",Software Engineer,5,Senior
72,"Experienced in OOP, Java, C++. Worked on Developed backend system. 2 years of experience.",Software Engineer,2,Mid
73,"Experienced in C++, System Design, Python. Worked on Optimized algorithms. 2 years of experience.",Software Engineer,2,Mid
74,"Experienced in C++, OOP, DSA. Worked on Optimized algorithms. 0 years of experience.",Software Engineer,0,Junior
75,"Experienced in OOP, Python, DSA. Worked on Developed backend system. 2 years of experience.",Software Engineer,2,Mid
76,"Experienced in Python, Java, System Design. Worked on Developed backend system. 3 years of experience.",Software Engineer,3,Mid
77,"Experienced in DSA, Python, Java. Worked on Optimized algorithms. 1 years of experience.",Software Engineer,1,Junior
78,"Experienced in Java, Python, C++. Worked on Optimized algorithms. 3 years of experience.",Software Engineer,3,Mid
79,"Experienced in DSA, C++, Java. Worked on Developed backend system. 2 years of experience.",Software Engineer,2,Mid
80,"Experienced in Java, System Design, OOP. Worked on Developed backend system. 1 years of experience.",Software Engineer,1,Junior
81,"Experienced in C++, System Design, Java. Worked on Developed backend system. 4 years of experience.",Software Engineer,4,Senior
82,"Experienced in System Design, C++, Java. Worked on Built REST API. 4 years of experience.",Software Engineer,4,Senior
83,"Experienced in System Design, Python, C++. Worked on Developed backend system. 2 years of experience.",Software Engineer,2,Mid
84,"Experienced in System Design, Python, Java. Worked on Optimized algorithms. 3 years of experience.",Software Engineer,3,Mid
85,"Experienced in System Design, Python, C++. Worked on Developed backend system. 4 years of experience.",Software Engineer,4,Senior
86,"Experienced in Python, OOP, Java. Worked on Built REST API. 2 years of experience.",Software Engineer,2,Mid
87,"Experienced in DSA, Python, C++. Worked on Built REST API. 5 years of experience.",Software Engineer,5,Senior
88,"Experienced in OOP, Java, System Design. Worked on Built REST API. 1 years of experience.",Software Engineer,1,Junior
89,"Experienced in OOP, C++, DSA. Worked on Developed backend system. 0 years of experience.",Software Engineer,0,Junior
90,"Experienced in System Design, DSA, Java. Worked on Developed backend system. 4 years of experience.",Software Engineer,4,Senior
91,"Experienced in System Design, Python, Java. Worked on Optimized algorithms. 3 years of experience.",Software Engineer,3,Mid
92,"Experienced in Python, System Design, DSA. Worked on Built REST API. 1 years of experience.",Software Engineer,1,Junior
93,"Experienced in Python, C++, OOP. Worked on Optimized algorithms. 5 years of experience.",Software Engineer,5,Senior
94,"Experienced in C++, Java, OOP. Worked on Developed backend system. 1 years of experience.",Software Engineer,1,Junior
95,"Experienced in DSA, Python, System Design. Worked on Developed backend system. 1 years of experience.",Software Engineer,1,Junior
96,"Experienced in OOP, C++, DSA. Worked on Built REST API. 3 years of experience.",Software Engineer,3,Mid
97,"Experienced in OOP, C++, DSA. Worked on Developed backend system. 1 years of experience.",Software Engineer,1,Junior
98,"Experienced in C++, OOP, Python. Worked on Optimized algorithms. 0 years of experience.",Software Engineer,0,Junior
99,"Experienced in Java, DSA, System Design. Worked on Developed backend system. 0 years of experience.",Software Engineer,0,Junior
100,"Experienced in OOP, Java, DSA. Worked on Built REST API. 5 years of experience.",Software Engineer,5,Senior
101,"Experienced in DSA, Python, C++. Worked on Optimized algorithms. 0 years of experience.",Software Engineer,0,Junior
102,"Experienced in C++, OOP, DSA. Worked on Developed backend system. 4 years of experience.",Software Engineer,4,Senior
103,"Experienced in System Design, Java, OOP. Worked on Optimized algorithms. 0 years of experience.",Software Engineer,0,Junior
104,"Experienced in C++, DSA, Java. Worked on Developed backend system. 2 years of experience.",Software Engineer,2,Mid
105,"Experienced in OOP, System Design, Python. Worked on Optimized algorithms. 3 years of experience.",Software Engineer,3,Mid
106,"Experienced in Java, C++, DSA. Worked on Built REST API. 2 years of experience.",Software Engineer,2,Mid
107,"Experienced in System Design, Java, Python. Worked on Optimized algorithms. 0 years of experience.",Software Engineer,0,Junior
108,"Experienced in DSA, OOP, Java. Worked on Optimized algorithms. 0 years of experience.",Software Engineer,0,Junior
109,"Experienced in C++, DSA, Java. Worked on Developed backend system. 5 years of experience.",Software Engineer,5,Senior
110,"Experienced in Java, System Design, DSA. Worked on Developed backend system. 3 years of experience.",Software Engineer,3,Mid
111,"Experienced in Java, DSA, C++. Worked on Optimized algorithms. 4 years of experience.",Software Engineer,4,Senior
112,"Experienced in OOP, System Design, DSA. Worked on Developed backend system. 2 years of experience.",Software Engineer,2,Mid
113,"Experienced in Java, DSA, System Design. Worked on Built REST API. 4 years of experience.",Software Engineer,4,Senior
114,"Experienced in C++, DSA, Java. Worked on Developed backend system. 0 years of experience.",Software Engineer,0,Junior
115,"Experienced in C++, Python, System Design. Worked on Developed backend system. 5 years of experience.",Software Engineer,5,Senior
116,"Experienced in System Design, DSA, OOP. Worked on Developed backend system. 5 years of experience.",Software Engineer,5,Senior
117,"Experienced in Java, OOP, System Design. Worked on Optimized algorithms. 2 years of experience.",Software Engineer,2,Mid
118,"Experienced in C++, Java, System Design. Worked on Optimized algorithms. 2 years of experience.",Software Engineer,2,Mid
119,"Experienced in DSA, OOP, System Design. Worked on Built REST API. 3 years of experience.",Software Engineer,3,Mid
120,"Experienced in Java, DSA, C++. Worked on Developed backend system. 4 years of experience.",Software Engineer,4,Senior
121,"Experienced in Python, Java, DSA. Worked on Developed backend system. 0 years of experience.",Software Engineer,0,Junior
122,"Experienced in DSA, Java, Python. Worked on Optimized algorithms. 3 years of experience.",Software Engineer,3,Mid
123,"Experienced in System Design, Python, Java. Worked on Built REST API. 1 years of experience.",Software Engineer,1,Junior
124,"Experienced in Java, Python, System Design. Worked on Built REST API. 1 years of experience.",Software Engineer,1,Junior
125,"Experienced in OOP, System Design, DSA. Worked on Optimized algorithms. 0 years of experience.",Software Engineer,0,Junior
126,"Experienced in System Design, C++, DSA. Worked on Developed backend system. 2 years of experience.",Software Engineer,2,Mid
127,"Experienced in Python, OOP, System Design. Worked on Optimized algorithms. 0 years of experience.",Software Engineer,0,Junior
128,"Experienced in Java, OOP, System Design. Worked on Developed backend system. 4 years of experience.",Software Engineer,4,Senior
129,"Experienced in Java, System Design, DSA. Worked on Developed backend system. 0 years of experience.",Software Engineer,0,Junior
130,"Experienced in OOP, Java, C++. Worked on Built REST API. 1 years of experience.",Software Engineer,1,Junior
131,"Experienced in Java, System Design, DSA. Worked on Built REST API. 3 years of experience.",Software Engineer,3,Mid
132,"Experienced in DSA, Python, Java. Worked on Optimized algorithms. 0 years of experience.",Software Engineer,0,Junior
133,"Experienced in Java, C++, System Design. Worked on Built REST API. 3 years of experience.",Software Engineer,3,Mid
134,"Experienced in Java, OOP, System Design. Worked on Optimized algorithms. 2 years of experience.",Software Engineer,2,Mid
135,"Experienced in OOP, System Design, Python. Worked on Optimized algorithms. 2 years of experience.",Software Engineer,2,Mid
136,"Experienced in Java, Python, OOP. Worked on Built REST API. 2 years of experience.",Software Engineer,2,Mid
137,"Experienced in Java, Python, System Design. Worked on Built REST API. 5 years of experience.",Software Engineer,5,Senior
138,"Experienced in Java, OOP, DSA. Worked on Built REST API. 4 years of experience.",Software Engineer,4,Senior
139,"Experienced in System Design, Java, Python. Worked on Built REST API. 4 years of experience.",Software Engineer,4,Senior
140,"Experienced in System Design, C++, DSA. Worked on Developed backend system. 5 years of experience.",Software Engineer,5,Senior
141,"Experienced in Java, DSA, OOP. Worked on Developed backend system. 4 years of experience.",Software Engineer,4,Senior
142,"Experienced in Java, System Design, Python. Worked on Built REST API. 1 years of experience.",Software Engineer,1,Junior
143,"Experienced in Java, C++, System Design. Worked on Built REST API. 4 years of experience.",Software Engineer,4,Senior
144,"Experienced in Python, System Design, Java. Worked on Developed backend system. 0 years of experience.",Software Engineer,0,Junior
145,"Experienced in System Design, Python, DSA. Worked on Developed backend system. 4 years of experience.",Software Engineer,4,Senior
146,"Experienced in Java, Python, System Design. Worked on Built REST API. 5 years of experience.",Software Engineer,5,Senior
147,"Experienced in C++, OOP, DSA. Worked on Optimized algorithms. 1 years of experience.",Software Engineer,1,Junior
148,"Experienced in Python, Java, System Design. Worked on Built REST API. 0 years of experience.",Software Engineer,0,Junior
149,"Experienced in System Design, Java, Python. Worked on Optimized algorithms. 1 years of experience.",Software Engineer,1,Junior
150,"Experienced in C++, Java, OOP. Worked on Developed backend system. 2 years of experience.",Software Engineer,2,Mid
151,"Experienced in Java, Python, DSA. Worked on Developed backend system. 1 years of experience.",Software Engineer,1,Junior
152,"Experienced in OOP, C++, Python. Worked on Developed backend system. 3 years of experience.",Software Engineer,3,Mid
153,"Experienced in System Design, DSA, Python. Worked on Optimized algorithms. 5 years of experience.",Software Engineer,5,Senior
154,"Experienced in System Design, C++, OOP. Worked on Built REST API. 1 years of experience.",Software Engineer,1,Junior
155,"Experienced in Python, C++, System Design. Worked on Developed backend system. 4 years of experience.",Software Engineer,4,Senior
156,"Experienced in OOP, Java, DSA. Worked on Built REST API. 2 years of experience.",Software Engineer,2,Mid
157,"Experienced in OOP, Python, C++. Worked on Developed backend system. 3 years of experience.",Software Engineer,3,Mid
158,"Experienced in DSA, Python, C++. Worked on Optimized algorithms. 1 years of experience.",Software Engineer,1,Junior
159,"Experienced in OOP, Java, Python. Worked on Built REST API. 5 years of experience.",Software Engineer,5,Senior
160,"Experienced in Python, DSA, Java. Worked on Optimized algorithms. 0 years of experience.",Software Engineer,0,Junior
161,"Experienced in C++, Python, Java. Worked on Developed backend system. 1 years of experience.",Software Engineer,1,Junior
162,"Experienced in Python, OOP, C++. Worked on Developed backend system. 4 years of experience.",Software Engineer,4,Senior
163,"Experienced in DSA, Python, C++. Worked on Optimized algorithms. 0 years of experience.",Software Engineer,0,Junior
164,"Experienced in Java, System Design, C++. Worked on Built REST API. 3 years of experience.",Software Engineer,3,Mid
165,"Experienced in Python, C++, DSA. Worked on Developed backend system. 2 years of experience.",Software Engineer,2,Mid
166,"Experienced in DSA, System Design, C++. Worked on Built REST API. 5 years of experience.",Software Engineer,5,Senior
167,"Experienced in Python, Java, System Design. Worked on Optimized algorithms. 2 years of experience.",Software Engineer,2,Mid
168,"Experienced in System Design, C++, Python. Worked on Developed backend system. 1 years of experience.",Software Engineer,1,Junior
169,"Experienced in Java, DSA, System Design. Worked on Developed backend system. 4 years of experience.",Software Engineer,4,Senior
170,"Experienced in System Design, DSA, C++. Worked on Built REST API. 0 years of experience.",Software Engineer,0,Junior
171,"Experienced in DSA, OOP, Java. Worked on Developed backend system. 1 years of experience.",Software Engineer,1,Junior
172,"Experienced in System Design, OOP, DSA. Worked on Optimized algorithms. 0 years of experience.",Software Engineer,0,Junior
173,"Experienced in System Design, Python, Java. Worked on Optimized algorithms. 0 years of experience.",Software Engineer,0,Junior
174,"Experienced in OOP, System Design, Python. Worked on Developed backend system. 3 years of experience.",Software Engineer,3,Mid
175,"Experienced in OOP, Python, Java. Worked on Built REST API. 1 years of experience.",Software Engineer,1,Junior
176,"Experienced in Java, DSA, C++. Worked on Built REST API. 4 years of experience.",Software Engineer,4,Senior
177,"Experienced in System Design, C++, Python. Worked on Developed backend system. 0 years of experience.",Software Engineer,0,Junior
178,"Experienced in C++, System Design, OOP. Worked on Optimized algorithms. 4 years of experience.",Software Engineer,4,Senior
179,"Experienced in System Design, Python, DSA. Worked on Developed backend system. 5 years of experience.",Software Engineer,5,Senior
180,"Experienced in DSA, Python, C++. Worked on Optimized algorithms. 4 years of experience.",Software Engineer,4,Senior
181,"Experienced in Java, System Design, OOP. Worked on Built REST API. 0 years of experience.",Software Engineer,0,Junior
182,"Experienced in System Design, DSA, OOP. Worked on Optimized algorithms. 3 years of experience.",Software Engineer,3,Mid
183,"Experienced in System Design, C++, Python. Worked on Optimized algorithms. 1 years of experience.",Software Engineer,1,Junior
184,"Experienced in OOP, Java, C++. Worked on Optimized algorithms. 5 years of experience.",Software Engineer,5,Senior
185,"Experienced in OOP, Java, Python. Worked on Developed backend system. 5 years of experience.",Software Engineer,5,Senior
186,"Experienced in DSA, Python, Java. Worked on Developed backend system. 2 years of experience.",Software Engineer,2,Mid
187,"Experienced in OOP, DSA, Java. Worked on Developed backend system. 0 years of experience.",Software Engineer,0,Junior
188,"Experienced in OOP, Python, Java. Worked on Developed backend system. 3 years of experience.",Software Engineer,3,Mid
189,"Experienced in OOP, Python, Java. Worked on Built REST API. 4 years of experience.",Software Engineer,4,Senior
190,"Experienced in Python, Java, OOP. Worked on Built REST API. 1 years of experience.",Software Engineer,1,Junior
191,"Experienced in DSA, C++, Java. Worked on Developed backend system. 3 years of experience.",Software Engineer,3,Mid
192,"Experienced in OOP, C++, Python. Worked on Optimized algorithms. 4 years of experience.",Software Engineer,4,Senior
193,"Experienced in System Design, C++, Java. Worked on Built REST API. 2 years of experience.",Software Engineer,2,Mid
194,"Experienced in OOP, Java, C++. Worked on Developed backend system. 2 years of experience.",Software Engineer,2,Mid
195,"Experienced in C++, OOP, Python. Worked on Built REST API. 0 years of experience.",Software Engineer,0,Junior
196,"Experienced in OOP, Python, C++. Worked on Optimized algorithms. 3 years of experience.",Software Engineer,3,Mid
197,"Experienced in DSA, Java, OOP. Worked on Optimized algorithms. 4 years of experience.",Software Engineer,4,Senior
198,"Experienced in Java, C++, System Design. Worked on Optimized algorithms. 5 years of experience.",Software Engineer,5,Senior
199,"Experienced in C++, DSA, System Design. Worked on Optimized algorithms. 1 years of experience.",Software Engineer,1,Junior
200,"Experienced in Python, System Design, Java. Worked on Optimized algorithms. 1 years of experience.",Software Engineer,1,Junior
201,"Experienced in OOP, Java, Python. Worked on Developed backend system. 3 years of experience.",Software Engineer,3,Mid
202,"Experienced in C++, Python, System Design. Worked on Built REST API. 3 years of experience.",Software Engineer,3,Mid
203,"Experienced in System Design, OOP, Java. Worked on Developed backend system. 0 years of experience.",Software Engineer,0,Junior
204,"Experienced in OOP, Java, System Design. Worked on Optimized algorithms. 3 years of experience.",Software Engineer,3,Mid
205,"Experienced in DSA, OOP, C++. Worked on Built REST API. 5 years of experience.",Software Engineer,5,Senior
206,"Experienced in Python, Java, DSA. Worked on Optimized algorithms. 0 years of experience.",Software Engineer,0,Junior
207,"Experienced in Python, DSA, System Design. Worked on Optimized algorithms. 3 years of experience.",Software Engineer,3,Mid
208,"Experienced in System Design, C++, Python. Worked on Built REST API. 0 years of experience.",Software Engineer,0,Junior
209,"Experienced in OOP, Java, Python. Worked on Optimized algorithms. 3 years of experience.",Software Engineer,3,Mid
210,"Experienced in Python, C++, OOP. Worked on Built REST API. 2 years of experience.",Software Engineer,2,Mid
211,"Experienced in Java, OOP, System Design. Worked on Developed backend system. 5 years of experience.",Software Engineer,5,Senior
212,"Experienced in System Design, DSA, Python. Worked on Optimized algorithms. 2 years of experience.",Software Engineer,2,Mid
213,"Experienced in OOP, DSA, System Design. Worked on Optimized algorithms. 1 years of experience.",Software Engineer,1,Junior
214,"Experienced in OOP, System Design, Python. Worked on Optimized algorithms. 4 years of experience.",Software Engineer,4,Senior
215,"Experienced in DSA, Python, OOP. Worked on Optimized algorithms. 0 years of experience.",Software Engineer,0,Junior
216,"Experienced in Java, System Design, DSA. Worked on Optimized algorithms. 2 years of experience.",Software Engineer,2,Mid
217,"Experienced in Java, OOP, C++. Worked on Optimized algorithms. 4 years of experience.",Software Engineer,4,Senior
218,"Experienced in Java, Python, OOP. Worked on Developed backend system. 2 years of experience.",Software Engineer,2,Mid
219,"Experienced in Java, System Design, DSA. Worked on Built REST API. 1 years of experience.",Software Engineer,1,Junior
220,"Experienced in Java, C++, OOP. Worked on Built REST API. 2 years of experience.",Software Engineer,2,Mid
221,"Experienced in DSA, OOP, C++. Worked on Built REST API. 4 years of experience.",Software Engineer,4,Senior
222,"Experienced in OOP, C++, Java. Worked on Optimized algorithms. 3 years of experience.",Software Engineer,3,Mid
223,"Experienced in System Design, OOP, Java. Worked on Optimized algorithms. 1 years of experience.",Software Engineer,1,Junior
224,"Experienced in DSA, OOP, C++. Worked on Built REST API. 5 years of experience.",Software Engineer,5,Senior
225,"Experienced in Java, System Design, C++. Worked on Developed backend system. 3 years of experience.",Software Engineer,3,Mid
226,"Experienced in C++, OOP, DSA. Worked on Built REST API. 2 years of experience.",Software Engineer,2,Mid
227,"Experienced in System Design, C++, Java. Worked on Developed backend system. 5 years of experience.",Software Engineer,5,Senior
228,"Experienced in DSA, System Design, C++. Worked on Built REST API. 0 years of experience.",Software Engineer,0,Junior
229,"Experienced in OOP, System Design, Python. Worked on Built REST API. 4 years of experience.",Software Engineer,4,Senior
230,"Experienced in OOP, Java, DSA. Worked on Developed backend system. 0 years of experience.",Software Engineer,0,Junior
231,"Experienced in Java, Python, OOP. Worked on Optimized algorithms. 1 years of experience.",Software Engineer,1,Junior
232,"Experienced in System Design, C++, DSA. Worked on Optimized algorithms. 3 years of experience.",Software Engineer,3,Mid
233,"Experienced in Java, C++, DSA. Worked on Developed backend system. 3 years of experience.",Software Engineer,3,Mid
234,"Experienced in DSA, C++, OOP. Worked on Developed backend system. 2 years of experience.",Software Engineer,2,Mid
235,"Experienced in OOP, Python, System Design. Worked on Optimized algorithms. 1 years of experience.",Software Engineer,1,Junior
236,"Experienced in OOP, Python, C++. Worked on Developed backend system. 0 years of experience.",Software Engineer,0,Junior
237,"Experienced in Java, OOP, Python. Worked on Developed backend system. 4 years of experience.",Software Engineer,4,Senior
238,"Experienced in System Design, DSA, OOP. Worked on Built REST API. 1 years of experience.",Software Engineer,1,Junior
239,"Experienced in C++, Python, DSA. Worked on Built REST API. 1 years of experience.",Software Engineer,1,Junior
240,"Experienced in OOP, Python, Java. Worked on Developed backend system. 1 years of experience.",Software Engineer,1,Junior
241,"Experienced in DSA, System Design, Python. Worked on Optimized algorithms. 4 years of experience.",Software Engineer,4,Senior
242,"Experienced in OOP, C++, Python. Worked on Developed backend system. 3 years of experience.",Software Engineer,3,Mid
243,"Experienced in Java, C++, DSA. Worked on Developed backend system. 5 years of experience.",Software Engineer,5,Senior
244,"Experienced in Python, System Design, DSA. Worked on Built REST API. 3 years of experience.",Software Engineer,3,Mid
245,"Experienced in OOP, Python, DSA. Worked on Developed backend system. 3 years of experience.",Software Engineer,3,Mid
246,"Experienced in Java, Python, OOP. Worked on Optimized algorithms. 2 years of experience.",Software Engineer,2,Mid
247,"Experienced in Java, System Design, Python. Worked on Built REST API. 1 years of experience.",Software Engineer,1,Junior
248,"Experienced in C++, System Design, DSA. Worked on Built REST API. 3 years of experience.",Software Engineer,3,Mid
249,"Experienced in System Design, C++, DSA. Worked on Developed backend system. 2 years of experience.",Software Engineer,2,Mid
250,"Experienced in Java, System Design, OOP. Worked on Optimized algorithms. 3 years of experience.",Software Engineer,3,Mid
251,"Experienced in System Design, OOP, Python. Worked on Optimized algorithms. 4 years of experience.",Software Engineer,4,Senior
252,"Experienced in OOP, C++, DSA. Worked on Built REST API. 2 years of experience.",Software Engineer,2,Mid
253,"Experienced in Java, System Design, C++. Worked on Developed backend system. 0 years of experience.",Software Engineer,0,Junior
254,"Experienced in System Design, Java, Python. Worked on Built REST API. 3 years of experience.",Software Engineer,3,Mid
255,"Experienced in C++, OOP, DSA. Worked on Developed backend system. 3 years of experience.",Software Engineer,3,Mid
256,"Experienced in C++, Java, Python. Worked on Developed backend system. 2 years of experience.",Software Engineer,2,Mid
257,"Experienced in System Design, OOP, DSA. Worked on Built REST API. 4 years of experience.",Software Engineer,4,Senior
258,"Experienced in OOP, Python, Java. Worked on Developed backend system. 2 years of experience.",Software Engineer,2,Mid
259,"Experienced in OOP, Java, DSA. Worked on Optimized algorithms. 0 years of experience.",Software Engineer,0,Junior
260,"Experienced in System Design, DSA, C++. Worked on Developed backend system. 5 years of experience.",Software Engineer,5,Senior
261,"Experienced in Java, C++, System Design. Worked on Developed backend system. 0 years of experience.",Software Engineer,0,Junior
262,"Experienced in DSA, System Design, OOP. Worked on Developed backend system. 0 years of experience.",Software Engineer,0,Junior
263,"Experienced in Python, System Design, Java. Worked on Built REST API. 3 years of experience.",Software Engineer,3,Mid
264,"Experienced in Python, System Design, OOP. Worked on Built REST API. 4 years of experience.",Software Engineer,4,Senior
265,"Experienced in DSA, C++, System Design. Worked on Developed backend system. 2 years of experience.",Software Engineer,2,Mid
266,"Experienced in C++, OOP, Python. Worked on Built REST API. 4 years of experience.",Software Engineer,4,Senior
267,"Experienced in C++, DSA, OOP. Worked on Built REST API. 1 years of experience.",Software Engineer,1,Junior
268,"Experienced in OOP, Python, Java. Worked on Optimized algorithms. 2 years of experience.",Software Engineer,2,Mid
269,"Experienced in C++, System Design, Python. Worked on Built REST API. 2 years of experience.",Software Engineer,2,Mid
270,"Experienced in System Design, Python, OOP. Worked on Optimized algorithms. 0 years of experience.",Software Engineer,0,Junior
271,"Experienced in Python, C++, Java. Worked on Built REST API. 0 years of experience.",Software Engineer,0,Junior
272,"Experienced in System Design, DSA, OOP. Worked on Optimized algorithms. 2 years of experience.",Software Engineer,2,Mid
273,"Experienced in OOP, DSA, Python. Worked on Developed backend system. 1 years of experience.",Software Engineer,1,Junior
274,"Experienced in Java, Python, C++. Worked on Developed backend system. 2 years of experience.",Software Engineer,2,Mid
275,"Experienced in System Design, Python, Java. Worked on Developed backend system. 3 years of experience.",Software Engineer,3,Mid
276,"Experienced in System Design, DSA, Java. Worked on Optimized algorithms. 2 years of experience.",Software Engineer,2,Mid
277,"Experienced in C++, OOP, DSA. Worked on Developed backend system. 2 years of experience.",Software Engineer,2,Mid
278,"Experienced in Java, DSA, Python. Worked on Developed backend system. 3 years of experience.",Software Engineer,3,Mid
279,"Experienced in OOP, System Design, Java. Worked on Built REST API. 3 years of experience.",Software Engineer,3,Mid
280,"Experienced in C++, System Design, Java. Worked on Optimized algorithms. 0 years of experience.",Software Engineer,0,Junior
281,"Experienced in System Design, Java, DSA. Worked on Built REST API. 0 years of experience.",Software Engineer,0,Junior
282,"Experienced in Java, Python, System Design. Worked on Optimized algorithms. 2 years of experience.",Software Engineer,2,Mid
283,"Experienced in Python, System Design, OOP. Worked on Optimized algorithms. 3 years of experience.",Software Engineer,3,Mid
284,"Experienced in OOP, Java, Python. Worked on Developed backend system. 1 years of experience.",Software Engineer,1,Junior
285,"Experienced in Java, C++, System Design. Worked on Developed backend system. 1 years of experience.",Software Engineer,1,Junior
286,"Experienced in System Design, DSA, OOP. Worked on Built REST API. 0 years of experience.",Software Engineer,0,Junior
287,"Experienced in Python, Java, OOP. Worked on Built REST API. 2 years of experience.",Software Engineer,2,Mid
288,"Experienced in Python, System Design, DSA. Worked on Built REST API. 2 years of experience.",Software Engineer,2,Mid
289,"Experienced in OOP, System Design, Python. Worked on Developed backend system. 5 years of experience.",Software Engineer,5,Senior
290,"Experienced in System Design, DSA, Java. Worked on Built REST API. 2 years of experience.",Software Engineer,2,Mid
291,"Experienced in Java, System Design, DSA. Worked on Optimized algorithms. 1 years of experience.",Software Engineer,1,Junior
292,"Experienced in OOP, Python, DSA. Worked on Developed backend system. 1 years of experience.",Software Engineer,1,Junior
293,"Experienced in C++, Java, DSA. Worked on Built REST API. 4 years of experience.",Software Engineer,4,Senior
294,"Experienced in Python, C++, System Design. Worked on Developed backend system. 2 years of experience.",Software Engineer,2,Mid
295,"Experienced in Python, C++, DSA. Worked on Optimized algorithms. 3 years of experience.",Software Engineer,3,Mid
296,"Experienced in System Design, DSA, Java. Worked on Developed backend system. 2 years of experience.",Software Engineer,2,Mid
297,"Experienced in Java, C++, OOP. Worked on Developed backend system. 2 years of experience.",Software Engineer,2,Mid
298,"Experienced in Java, Python, DSA. Worked on Developed backend system. 2 years of experience.",Software Engineer,2,Mid
299,"Experienced in OOP, System Design, Python. Worked on Developed backend system. 5 years of experience.",Software Engineer,5,Senior
300,"Experienced in Python, System Design, DSA. Worked on Built REST API. 3 years of experience.",Software Engineer,3,Mid
301,"Experienced in OOP, Java, Python. Worked on Built REST API. 2 years of experience.",Software Engineer,2,Mid
302,"Experienced in C++, OOP, Java. Worked on Optimized algorithms. 4 years of experience.",Software Engineer,4,Senior
303,"Experienced in OOP, C++, Python. Worked on Optimized algorithms. 1 years of experience.",Software Engineer,1,Junior
304,"Experienced in C++, System Design, DSA. Worked on Optimized algorithms. 4 years of experience.",Software Engineer,4,Senior
305,"Experienced in C++, OOP, DSA. Worked on Developed backend system. 0 years of experience.",Software Engineer,0,Junior
306,"Experienced in C++, OOP, System Design. Worked on Built REST API. 2 years of experience.",Software Engineer,2,Mid
307,"Experienced in C++, Python, System Design. Worked on Developed backend system. 1 years of experience.",Software Engineer,1,Junior
308,"Experienced in C++, DSA, Java. Worked on Developed backend system. 4 years of experience.",Software Engineer,4,Senior
309,"Experienced in C++, OOP, Python. Worked on Developed backend system. 1 years of experience.",Software Engineer,1,Junior
310,"Experienced in DSA, OOP, C++. Worked on Developed backend system. 4 years of experience.",Software Engineer,4,Senior
311,"Experienced in C++, DSA, Python. Worked on Built REST API. 1 years of experience.",Software Engineer,1,Junior
312,"Experienced in DSA, Java, System Design. Worked on Optimized algorithms. 0 years of experience.",Software Engineer,0,Junior
313,"Experienced in System Design, Java, OOP. Worked on Optimized algorithms. 0 years of experience.",Software Engineer,0,Junior
314,"Experienced in Python, C++, OOP. Worked on Developed backend system. 2 years of experience.",Software Engineer,2,Mid
315,"Experienced in Java, DSA, OOP. Worked on Optimized algorithms. 4 years of experience.",Software Engineer,4,Senior
316,"Experienced in Java, OOP, System Design. Worked on Optimized algorithms. 4 years of experience.",Software Engineer,4,Senior
317,"Experienced in OOP, Python, System Design. Worked on Developed backend system. 3 years of experience.",Software Engineer,3,Mid
318,"Experienced in DSA, OOP, Java. Worked on Optimized algorithms. 0 years of experience.",Software Engineer,0,Junior
319,"Experienced in Java, DSA, System Design. Worked on Developed backend system. 0 years of experience.",Software Engineer,0,Junior
320,"Experienced in OOP, C++, System Design. Worked on Built REST API. 5 years of experience.",Software Engineer,5,Senior
321,"Experienced in C++, Java, OOP. Worked on Developed backend system. 0 years of experience.",Software Engineer,0,Junior
322,"Experienced in OOP, Python, System Design. Worked on Developed backend system. 5 years of experience.",Software Engineer,5,Senior
323,"Experienced in Python, Java, DSA. Worked on Developed backend system. 1 years of experience.",Software Engineer,1,Junior
324,"Experienced in Java, DSA, Python. Worked on Built REST API. 1 years of experience.",Software Engineer,1,Junior
325,"Experienced in DSA, Python, System Design. Worked on Built REST API. 0 years of experience.",Software Engineer,0,Junior
326,"Experienced in OOP, Python, System Design. Worked on Optimized algorithms. 2 years of experience.",Software Engineer,2,Mid
327,"Experienced in C++, DSA, Python. Worked on Developed backend system. 1 years of experience.",Software Engineer,1,Junior
328,"Experienced in Java, C++, OOP. Worked on Optimized algorithms. 0 years of experience.",Software Engineer,0,Junior
329,"Experienced in OOP, System Design, Python. Worked on Built REST API. 3 years of experience.",Software Engineer,3,Mid
330,"Experienced in C++, System Design, OOP. Worked on Optimized algorithms. 1 years of experience.",Software Engineer,1,Junior
331,"Experienced in Python, Java, System Design. Worked on Optimized algorithms. 5 years of experience.",Software Engineer,5,Senior
332,"Experienced in OOP, Python, System Design. Worked on Built REST API. 4 years of experience.",Software Engineer,4,Senior
333,"Experienced in Python, Java, OOP. Worked on Optimized algorithms. 5 years of experience.",Software Engineer,5,Senior
334,"Experienced in C++, DSA, OOP. Worked on Optimized algorithms. 3 years of experience.",Software Engineer,3,Mid
335,"Experienced in Java, Python, DSA. Worked on Built REST API. 1 years of experience.",Software Engineer,1,Junior
336,"Experienced in Python, DSA, OOP. Worked on Optimized algorithms. 1 years of experience.",Software Engineer,1,Junior
337,"Experienced in Python, C++, DSA. Worked on Optimized algorithms. 2 years of experience.",Software Engineer,2,Mid
338,"Experienced in System Design, Python, OOP. Worked on Developed backend system. 1 years of experience.",Software Engineer,1,Junior
339,"Experienced in Python, DSA, OOP. Worked on Built REST API. 0 years of experience.",Software Engineer,0,Junior
340,"Experienced in Java, OOP, System Design. Worked on Optimized algorithms. 3 years of experience.",Software Engineer,3,Mid
341,"Experienced in Python, Java, C++. Worked on Developed backend system. 1 years of experience.",Software Engineer,1,Junior
342,"Experienced in Java, System Design, Python. Worked on Built REST API. 4 years of experience.",Software Engineer,4,Senior
343,"Experienced in System Design, Python, C++. Worked on Built REST API. 2 years of experience.",Software Engineer,2,Mid
344,"Experienced in DSA, C++, System Design. Worked on Built REST API. 4 years of experience.",Software Engineer,4,Senior
345,"Experienced in OOP, C++, Java. Worked on Developed backend system. 3 years of experience.",Software Engineer,3,Mid
346,"Experienced in Java, C++, System Design. Worked on Developed backend system. 0 years of experience.",Software Engineer,0,Junior
347,"Experienced in Java, OOP, Python. Worked on Developed backend system. 1 years of experience.",Software Engineer,1,Junior
348,"Experienced in Python, Java, DSA. Worked on Built REST API. 1 years of experience.",Software Engineer,1,Junior
349,"Experienced in System Design, Python, OOP. Worked on Built REST API. 0 years of experience.",Software Engineer,0,Junior
350,"Experienced in OOP, DSA, Java. Worked on Built REST API. 2 years of experience.",Software Engineer,2,Mid
351,"Experienced in C++, System Design, Python. Worked on Developed backend system. 0 years of experience.",Software Engineer,0,Junior
352,"Experienced in System Design, Python, C++. Worked on Built REST API. 4 years of experience.",Software Engineer,4,Senior
353,"Experienced in Java, System Design, Python. Worked on Optimized algorithms. 1 years of experience.",Software Engineer,1,Junior
354,"Experienced in Python, C++, DSA. Worked on Developed backend system. 2 years of experience.",Software Engineer,2,Mid
355,"Experienced in Python, Java, System Design. Worked on Developed backend system. 2 years of experience.",Software Engineer,2,Mid
356,"Experienced in DSA, System Design, C++. Worked on Optimized algorithms. 1 years of experience.",Software Engineer,1,Junior
357,"Experienced in Java, DSA, C++. Worked on Developed backend system. 4 years of experience.",Software Engineer,4,Senior
358,"Experienced in Java, DSA, OOP. Worked on Built REST API. 4 years of experience.",Software Engineer,4,Senior
359,"Experienced in C++, Python, DSA. Worked on Developed backend system. 1 years of experience.",Software Engineer,1,Junior
360,"Experienced in OOP, Python, System Design. Worked on Developed backend system. 4 years of experience.",Software Engineer,4,Senior
361,"Experienced in Java, Python, C++. Worked on Developed backend system. 0 years of experience.",Software Engineer,0,Junior
362,"Experienced in OOP, Java, C++. Worked on Built REST API. 3 years of experience.",Software Engineer,3,Mid
363,"Experienced in OOP, C++, System Design. Worked on Optimized algorithms. 2 years of experience.",Software Engineer,2,Mid
364,"Experienced in Python, DSA, Java. Worked on Developed backend system. 5 years of experience.",Software Engineer,5,Senior
365,"Experienced in C++, Java, System Design. Worked on Built REST API. 1 years of experience.",Software Engineer,1,Junior
366,"Experienced in System Design, Java, C++. Worked on Built REST API. 5 years of experience.",Software Engineer,5,Senior
367,"Experienced in C++, Java, DSA. Worked on Optimized algorithms. 0 years of experience.",Software Engineer,0,Junior
368,"Experienced in Java, OOP, Python. Worked on Developed backend system. 5 years of experience.",Software Engineer,5,Senior
369,"Experienced in Java, C++, DSA. Worked on Developed backend system. 0 years of experience.",Software Engineer,0,Junior
370,"Experienced in OOP, C++, System Design. Worked on Developed backend system. 2 years of experience.",Software Engineer,2,Mid
371,"Experienced in System Design, DSA, Python. Worked on Developed backend system. 0 years of experience.",Software Engineer,0,Junior
372,"Experienced in C++, System Design, Python. Worked on Optimized algorithms. 2 years of experience.",Software Engineer,2,Mid
373,"Experienced in Java, C++, DSA. Worked on Built REST API. 5 years of experience.",Software Engineer,5,Senior
374,"Experienced in C++, DSA, Python. Worked on Optimized algorithms. 5 years of experience.",Software Engineer,5,Senior
375,"Experienced in C++, Python, System Design. Worked on Developed backend system. 4 years of experience.",Software Engineer,4,Senior
376,"Experienced in DSA, OOP, System Design. Worked on Built REST API. 0 years of experience.",Software Engineer,0,Junior
377,"Experienced in Python, OOP, System Design. Worked on Optimized algorithms. 1 years of experience.",Software Engineer,1,Junior
378,"Experienced in Python, C++, DSA. Worked on Optimized algorithms. 5 years of experience.",Software Engineer,5,Senior
379,"Experienced in C++, DSA, OOP. Worked on Developed backend system. 1 years of experience.",Software Engineer,1,Junior
380,"Experienced in OOP, Java, System Design. Worked on Built REST API. 2 years of experience.",Software Engineer,2,Mid
381,"Experienced in Python, DSA, System Design. Worked on Developed backend system. 0 years of experience.",Software Engineer,0,Junior
382,"Experienced in C++, System Design, Python. Worked on Optimized algorithms. 1 years of experience.",Software Engineer,1,Junior
383,"Experienced in DSA, Python, System Design. Worked on Built REST API. 0 years of experience.",Software Engineer,0,Junior
384,"Experienced in Java, C++, DSA. Worked on Built REST API. 1 years of experience.",Software Engineer,1,Junior
385,"Experienced in System Design, Java, DSA. Worked on Developed backend system. 4 years of experience.",Software Engineer,4,Senior
386,"Experienced in Java, OOP, C++. Worked on Built REST API. 0 years of experience.",Software Engineer,0,Junior
387,"Experienced in System Design, DSA, C++. Worked on Built REST API. 5 years of experience.",Software Engineer,5,Senior
388,"Experienced in C++, Java, OOP. Worked on Optimized algorithms. 0 years of experience.",Software Engineer,0,Junior
389,"Experienced in System Design, DSA, Python. Worked on Optimized algorithms. 2 years of experience.",Software Engineer,2,Mid
390,"Experienced in System Design, OOP, Python. Worked on Built REST API. 3 years of experience.",Software Engineer,3,Mid
391,"Experienced in OOP, System Design, C++. Worked on Built REST API. 2 years of experience.",Software Engineer,2,Mid
392,"Experienced in Python, DSA, Java. Worked on Developed backend system. 2 years of experience.",Software Engineer,2,Mid
393,"Experienced in Python, System Design, Java. Worked on Built REST API. 2 years of experience.",Software Engineer,2,Mid
394,"Experienced in DSA, C++, System Design. Worked on Optimized algorithms. 3 years of experience.",Software Engineer,3,Mid
395,"Experienced in DSA, System Design, OOP. Worked on Developed backend system. 4 years of experience.",Software Engineer,4,Senior
396,"Experienced in DSA, OOP, C++. Worked on Built REST API. 2 years of experience.",Software Engineer,2,Mid
397,"Experienced in Python, Java, OOP. Worked on Built REST API. 5 years of experience.",Software Engineer,5,Senior
398,"Experienced in C++, Python, OOP. Worked on Optimized algorithms. 4 years of experience.",Software Engineer,4,Senior
399,"Experienced in Java, Python, System Design. Worked on Optimized algorithms. 0 years of experience.",Software Engineer,0,Junior
400,"Experienced in C++, Java, DSA. Worked on Developed backend system. 4 years of experience.",Software Engineer,4,Senior
401,"Experienced in System Design, Java, C++. Worked on Developed backend system. 1 years of experience.",Software Engineer,1,Junior
402,"Experienced in OOP, C++, DSA. Worked on Developed backend system. 3 years of experience.",Software Engineer,3,Mid
403,"Experienced in Java, OOP, DSA. Worked on Built REST API. 2 years of experience.",Software Engineer,2,Mid
404,"Experienced in OOP, Python, C++. Worked on Built REST API. 1 years of experience.",Software Engineer,1,Junior
405,"Experienced in OOP, C++, DSA. Worked on Built REST API. 4 years of experience.",Software Engineer,4,Senior
406,"Experienced in DSA, Java, OOP. Worked on Built REST API. 3 years of experience.",Software Engineer,3,Mid
407,"Experienced in Python, Java, OOP. Worked on Optimized algorithms. 0 years of experience.",Software Engineer,0,Junior
408,"Experienced in Python, Java, C++. Worked on Built REST API. 0 years of experience.",Software Engineer,0,Junior
409,"Experienced in C++, Java, OOP. Worked on Optimized algorithms. 3 years of experience.",Software Engineer,3,Mid
410,"Experienced in Java, Python, System Design. Worked on Built REST API. 5 years of experience.",Software Engineer,5,Senior
411,"Experienced in System Design, Java, C++. Worked on Optimized algorithms. 2 years of experience.",Software Engineer,2,Mid
412,"Experienced in Java, C++, DSA. Worked on Optimized algorithms. 4 years of experience.",Software Engineer,4,Senior
413,"Experienced in System Design, OOP, Python. Worked on Built REST API. 1 years of experience.",Software Engineer,1,Junior
414,"Experienced in Python, OOP, C++. Worked on Built REST API. 5 years of experience.",Software Engineer,5,Senior
415,"Experienced in Java, C++, DSA. Worked on Built REST API. 1 years of experience.",Software Engineer,1,Junior
416,"Experienced in Python, OOP, DSA. Worked on Built REST API. 2 years of experience.",Software Engineer,2,Mid
417,"Experienced in Python, C++, System Design. Worked on Developed backend system. 0 years of experience.",Software Engineer,0,Junior
418,"Experienced in OOP, System Design, Java. Worked on Built REST API. 0 years of experience.",Software Engineer,0,Junior
419,"Experienced in Python, Java, System Design. Worked on Optimized algorithms. 0 years of experience.",Software Engineer,0,Junior
420,"Experienced in Java, C++, System Design. Worked on Optimized algorithms. 1 years of experience.",Software Engineer,1,Junior
421,"Experienced in DSA, OOP, System Design. Worked on Optimized algorithms. 5 years of experience.",Software Engineer,5,Senior
422,"Experienced in System Design, OOP, Java. Worked on Developed backend system. 3 years of experience.",Software Engineer,3,Mid
423,"Experienced in C++, DSA, Python. Worked on Optimized algorithms. 4 years of experience.",Software Engineer,4,Senior
424,"Experienced in DSA, OOP, Python. Worked on Built REST API. 3 years of experience.",Software Engineer,3,Mid
425,"Experienced in OOP, C++, System Design. Worked on Developed backend system. 5 years of experience.",Software Engineer,5,Senior
426,"Experienced in Python, OOP, Java. Worked on Optimized algorithms. 1 years of experience.",Software Engineer,1,Junior
427,"Experienced in C++, System Design, DSA. Worked on Optimized algorithms. 4 years of experience.",Software Engineer,4,Senior
428,"Experienced in Python, System Design, DSA. Worked on Optimized algorithms. 5 years of experience.",Software Engineer,5,Senior
429,"Experienced in DSA, Java, System Design. Worked on Built REST API. 2 years of experience.",Software Engineer,2,Mid
430,"Experienced in DSA, C++, Java. Worked on Built REST API. 1 years of experience.",Software Engineer,1,Junior
431,"Experienced in Java, DSA, OOP. Worked on Built REST API. 0 years of experience.",Software Engineer,0,Junior
432,"Experienced in System Design, Java, C++. Worked on Optimized algorithms. 1 years of experience.",Software Engineer,1,Junior
433,"Experienced in Python, OOP, Java. Worked on Built REST API. 2 years of experience.",Software Engineer,2,Mid
434,"Experienced in DSA, Python, C++. Worked on Developed backend system. 4 years of experience.",Software Engineer,4,Senior
435,"Experienced in Java, OOP, DSA. Worked on Developed backend system. 2 years of experience.",Software Engineer,2,Mid
436,"Experienced in DSA, C++, System Design. Worked on Optimized algorithms. 0 years of experience.",Software Engineer,0,Junior
437,"Experienced in C++, OOP, Java. Worked on Built REST API. 5 years of experience.",Software Engineer,5,Senior
438,"Experienced in DSA, OOP, C++. Worked on Built REST API. 4 years of experience.",Software Engineer,4,Senior
439,"Experienced in Python, DSA, OOP. Worked on Built REST API. 3 years of experience.",Software Engineer,3,Mid
440,"Experienced in C++, OOP, Java. Worked on Optimized algorithms. 3 years of experience.",Software Engineer,3,Mid
441,"Experienced in System Design, DSA, Python. Worked on Built REST API. 3 years of experience.",Software Engineer,3,Mid
442,"Experienced in Python, System Design, OOP. Worked on Optimized algorithms. 5 years of experience.",Software Engineer,5,Senior
443,"Experienced in C++, DSA, System Design. Worked on Built REST API. 5 years of experience.",Software Engineer,5,Senior
444,"Experienced in DSA, C++, Java. Worked on Built REST API. 2 years of experience.",Software Engineer,2,Mid
445,"Experienced in Java, System Design, DSA. Worked on Optimized algorithms. 4 years of experience.",Software Engineer,4,Senior
446,"Experienced in C++, DSA, System Design. Worked on Developed backend system. 1 years of experience.",Software Engineer,1,Junior
447,"Experienced in Python, System Design, C++. Worked on Optimized algorithms. 2 years of experience.",Software Engineer,2,Mid
448,"Experienced in Python, System Design, Java. Worked on Developed backend system. 0 years of experience.",Software Engineer,0,Junior
449,"Experienced in Python, Java, OOP. Worked on Developed backend system. 0 years of experience.",Software Engineer,0,Junior
450,"Experienced in DSA, Python, C++. Worked on Optimized algorithms. 3 years of experience.",Software Engineer,3,Mid
451,"Experienced in DSA, System Design, Java. Worked on Optimized algorithms. 2 years of experience.",Software Engineer,2,Mid
452,"Experienced in Java, System Design, DSA. Worked on Optimized algorithms. 0 years of experience.",Software Engineer,0,Junior
453,"Experienced in OOP, System Design, DSA. Worked on Built REST API. 5 years of experience.",Software Engineer,5,Senior
454,"Experienced in DSA, System Design, C++. Worked on Optimized algorithms. 0 years of experience.",Software Engineer,0,Junior
455,"Experienced in DSA, Python, System Design. Worked on Developed backend system. 1 years of experience.",Software Engineer,1,Junior
456,"Experienced in OOP, DSA, C++. Worked on Built REST API. 5 years of experience.",Software Engineer,5,Senior
457,"Experienced in DSA, Python, System Design. Worked on Developed backend system. 0 years of experience.",Software Engineer,0,Junior
458,"Experienced in C++, System Design, DSA. Worked on Optimized algorithms. 4 years of experience.",Software Engineer,4,Senior
459,"Experienced in C++, Python, OOP. Worked on Developed backend system. 2 years of experience.",Software Engineer,2,Mid
460,"Experienced in Java, Python, DSA. Worked on Optimized algorithms. 1 years of experience.",Software Engineer,1,Junior
461,"Experienced in DSA, Python, Java. Worked on Optimized algorithms. 2 years of experience.",Software Engineer,2,Mid
462,"Experienced in Python, DSA, C++. Worked on Built REST API. 4 years of experience.",Software Engineer,4,Senior
463,"Experienced in Python, DSA, System Design. Worked on Built REST API. 0 years of experience.",Software Engineer,0,Junior
464,"Experienced in Java, OOP, Python. Worked on Developed backend system. 2 years of experience.",Software Engineer,2,Mid
465,"Experienced in Java, System Design, Python. Worked on Optimized algorithms. 4 years of experience.",Software Engineer,4,Senior
466,"Experienced in Java, DSA, Python. Worked on Built REST API. 1 years of experience.",Software Engineer,1,Junior
467,"Experienced in System Design, DSA, Python. Worked on Optimized algorithms. 1 years of experience.",Software Engineer,1,Junior
468,"Experienced in Python, C++, Java. Worked on Built REST API. 2 years of experience.",Software Engineer,2,Mid
469,"Experienced in DSA, Java, System Design. Worked on Developed backend system. 0 years of experience.",Software Engineer,0,Junior
470,"Experienced in OOP, Java, System Design. Worked on Developed backend system. 0 years of experience.",Software Engineer,0,Junior
471,"Experienced in C++, Python, System Design. Worked on Optimized algorithms. 3 years of experience.",Software Engineer,3,Mid
472,"Experienced in Java, DSA, OOP. Worked on Built REST API. 5 years of experience.",Software Engineer,5,Senior
473,"Experienced in DSA, System Design, Java. Worked on Developed backend system. 2 years of experience.",Software Engineer,2,Mid
474,"Experienced in Python, Java, System Design. Worked on Developed backend system. 2 years of experience.",Software Engineer,2,Mid
475,"Experienced in System Design, OOP, Python. Worked on Optimized algorithms. 5 years of experience.",Software Engineer,5,Senior
476,"Experienced in System Design, Python, C++. Worked on Optimized algorithms. 5 years of experience.",Software Engineer,5,Senior
477,"Experienced in C++, DSA, OOP. Worked on Developed backend system. 5 years of experience.",Software Engineer,5,Senior
478,"Experienced in OOP, DSA, System Design. Worked on Built REST API. 0 years of experience.",Software Engineer,0,Junior
479,"Experienced in DSA, Python, System Design. Worked on Developed backend system. 1 years of experience.",Software Engineer,1,Junior
480,"Experienced in OOP, Python, C++. Worked on Developed backend system. 1 years of experience.",Software Engineer,1,Junior
481,"Experienced in System Design, DSA, OOP. Worked on Optimized algorithms. 0 years of experience.",Software Engineer,0,Junior
482,"Experienced in System Design, C++, DSA. Worked on Optimized algorithms. 2 years of experience.",Software Engineer,2,Mid
483,"Experienced in Python, C++, DSA. Worked on Built REST API. 2 years of experience.",Software Engineer,2,Mid
484,"Experienced in OOP, Python, C++. Worked on Optimized algorithms. 4 years of experience.",Software Engineer,4,Senior
485,"Experienced in C++, OOP, Python. Worked on Developed backend system. 4 years of experience.",Software Engineer,4,Senior
486,"Experienced in Java, OOP, C++. Worked on Optimized algorithms. 4 years of experience.",Software Engineer,4,Senior
487,"Experienced in Python, C++, DSA. Worked on Developed backend system. 0 years of experience.",Software Engineer,0,Junior
488,"Experienced in Java, OOP, DSA. Worked on Optimized algorithms. 0 years of experience.",Software Engineer,0,Junior
489,"Experienced in Python, DSA, Java. Worked on Optimized algorithms. 2 years of experience.",Software Engineer,2,Mid
490,"Experienced in Python, System Design, C++. Worked on Optimized algorithms. 4 years of experience.",Software Engineer,4,Senior
491,"Experienced in OOP, DSA, System Design. Worked on Developed backend system. 5 years of experience.",Software Engineer,5,Senior
492,"Experienced in OOP, Java, C++. Worked on Built REST API. 2 years of experience.",Software Engineer,2,Mid
493,"Experienced in System Design, Python, C++. Worked on Optimized algorithms. 4 years of experience.",Software Engineer,4,Senior
494,"Experienced in Java, C++, DSA. Worked on Optimized algorithms. 2 years of experience.",Software Engineer,2,Mid
495,"Experienced in OOP, System Design, DSA. Worked on Built REST API. 1 years of experience.",Software Engineer,1,Junior
496,"Experienced in C++, Java, OOP. Worked on Built REST API. 1 years of experience.",Software Engineer,1,Junior
497,"Experienced in OOP, Python, DSA. Worked on Developed backend system. 4 years of experience.",Software Engineer,4,Senior
498,"Experienced in Java, C++, DSA. Worked on Built REST API. 2 years of experience.",Software Engineer,2,Mid
499,"Experienced in Java, DSA, OOP. Worked on Built REST API. 0 years of experience.",Software Engineer,0,Junior
500,"Experienced in Python, DSA, System Design. Worked on Developed backend system. 5 years of experience.",Software Engineer,5,Senior
501,"Experienced in OOP, System Design, C++. Worked on Developed backend system. 3 years of experience.",Software Engineer,3,Mid
502,"Experienced in Java, System Design, C++. Worked on Built REST API. 4 years of experience.",Software Engineer,4,Senior
503,"Experienced in Java, System Design, C++. Worked on Built REST API. 2 years of experience.",Software Engineer,2,Mid
504,"Experienced in System Design, Python, OOP. Worked on Built REST API. 0 years of experience.",Software Engineer,0,Junior
505,"Experienced in Python, System Design, C++. Worked on Built REST API. 1 years of experience.",Software Engineer,1,Junior
506,"Experienced in DSA, Python, OOP. Worked on Optimized algorithms. 0 years of experience.",Software Engineer,0,Junior
507,"Experienced in System Design, OOP, C++. Worked on Optimized algorithms. 5 years of experience.",Software Engineer,5,Senior
508,"Experienced in C++, DSA, OOP. Worked on Developed backend system. 1 years of experience.",Software Engineer,1,Junior
509,"Experienced in Python, DSA, System Design. Worked on Built REST API. 4 years of experience.",Software Engineer,4,Senior
510,"Experienced in OOP, C++, Java. Worked on Built REST API. 1 years of experience.",Software Engineer,1,Junior
511,"Experienced in Java, OOP, System Design. Worked on Built REST API. 5 years of experience.",Software Engineer,5,Senior
512,"Experienced in DSA, System Design, C++. Worked on Optimized algorithms. 3 years of experience.",Software Engineer,3,Mid
513,"Experienced in Java, OOP, Python. Worked on Developed backend system. 0 years of experience.",Software Engineer,0,Junior
514,"Experienced in System Design, Python, OOP. Worked on Optimized algorithms. 0 years of experience.",Software Engineer,0,Junior
515,"Experienced in System Design, DSA, Python. Worked on Optimized algorithms. 5 years of experience.",Software Engineer,5,Senior
516,"Experienced in Python, System Design, C++. Worked on Developed backend system. 3 years of experience.",Software Engineer,3,Mid
517,"Experienced in Java, Python, C++. Worked on Built REST API. 4 years of experience.",Software Engineer,4,Senior
518,"Experienced in DSA, C++, OOP. Worked on Developed backend system. 0 years of experience.",Software Engineer,0,Junior
519,"Experienced in C++, Java, System Design. Worked on Developed backend system. 3 years of experience.",Software Engineer,3,Mid
520,"Experienced in C++, System Design, OOP. Worked on Built REST API. 3 years of experience.",Software Engineer,3,Mid
521,"Experienced in System Design, Java, OOP. Worked on Built REST API. 2 years of experience.",Software Engineer,2,Mid
522,"Experienced in Java, System Design, OOP. Worked on Built REST API. 3 years of experience.",Software Engineer,3,Mid
523,"Experienced in Python, Java, C++. Worked on Built REST API. 3 years of experience.",Software Engineer,3,Mid
524,"Experienced in DSA, Java, OOP. Worked on Developed backend system. 3 years of experience.",Software Engineer,3,Mid
525,"Experienced in Python, OOP, DSA. Worked on Developed backend system. 5 years of experience.",Software Engineer,5,Senior
526,"Experienced in C++, System Design, DSA. Worked on Optimized algorithms. 5 years of experience.",Software Engineer,5,Senior
527,"Experienced in Python, System Design, OOP. Worked on Developed backend system. 1 years of experience.",Software Engineer,1,Junior
528,"Experienced in OOP, Python, System Design. Worked on Built REST API. 5 years of experience.",Software Engineer,5,Senior
529,"Experienced in OOP, Python, DSA. Worked on Optimized algorithms. 0 years of experience.",Software Engineer,0,Junior
530,"Experienced in Java, OOP, DSA. Worked on Built REST API. 3 years of experience.",Software Engineer,3,Mid
531,"Experienced in Java, OOP, System Design. Worked on Optimized algorithms. 3 years of experience.",Software Engineer,3,Mid
532,"Experienced in OOP, DSA, Java. Worked on Developed backend system. 4 years of experience.",Software Engineer,4,Senior
533,"Experienced in System Design, OOP, Python. Worked on Built REST API. 1 years of experience.",Software Engineer,1,Junior
534,"Experienced in Java, Python, C++. Worked on Built REST API. 1 years of experience.",Software Engineer,1,Junior
535,"Experienced in DSA, Python, Java. Worked on Developed backend system. 4 years of experience.",Software Engineer,4,Senior
536,"Experienced in System Design, DSA, OOP. Worked on Optimized algorithms. 0 years of experience.",Software Engineer,0,Junior
537,"Experienced in Python, OOP, DSA. Worked on Optimized algorithms. 4 years of experience.",Software Engineer,4,Senior
538,"Experienced in C++, DSA, OOP. Worked on Developed backend system. 0 years of experience.",Software Engineer,0,Junior
539,"Experienced in Python, C++, Java. Worked on Developed backend system. 0 years of experience.",Software Engineer,0,Junior
540,"Experienced in DSA, System Design, Python. Worked on Developed backend system. 4 years of experience.",Software Engineer,4,Senior
541,"Experienced in C++, OOP, Java. Worked on Built REST API. 1 years of experience.",Software Engineer,1,Junior
542,"Experienced in C++, DSA, System Design. Worked on Built REST API. 1 years of experience.",Software Engineer,1,Junior
543,"Experienced in C++, System Design, DSA. Worked on Built REST API. 1 years of experience.",Software Engineer,1,Junior
544,"Experienced in DSA, System Design, C++. Worked on Developed backend system. 3 years of experience.",Software Engineer,3,Mid
545,"Experienced in OOP, System Design, DSA. Worked on Developed backend system. 0 years of experience.",Software Engineer,0,Junior
546,"Experienced in OOP, DSA, Python. Worked on Built REST API. 2 years of experience.",Software Engineer,2,Mid
547,"Experienced in Python, Java, DSA. Worked on Developed backend system. 3 years of experience.",Software Engineer,3,Mid
548,"Experienced in OOP, System Design, C++. Worked on Built REST API. 1 years of experience.",Software Engineer,1,Junior
549,"Experienced in Python, OOP, DSA. Worked on Developed backend system. 1 years of experience.",Software Engineer,1,Junior
550,"Experienced in C++, DSA, Java. Worked on Optimized algorithms. 1 years of experience.",Software Engineer,1,Junior
551,"Experienced in Python, DSA, System Design. Worked on Developed backend system. 0 years of experience.",Software Engineer,0,Junior
552,"Experienced in Java, DSA, C++. Worked on Optimized algorithms. 0 years of experience.",Software Engineer,0,Junior
553,"Experienced in DSA, Python, System Design. Worked on Optimized algorithms. 1 years of experience.",Software Engineer,1,Junior
554,"Experienced in DSA, System Design, OOP. Worked on Developed backend system. 2 years of experience.",Software Engineer,2,Mid
555,"Experienced in C++, DSA, OOP. Worked on Built REST API. 3 years of experience.",Software Engineer,3,Mid
556,"Experienced in C++, Java, OOP. Worked on Optimized algorithms. 1 years of experience.",Software Engineer,1,Junior
557,"Experienced in OOP, Java, C++. Worked on Developed backend system. 1 years of experience.",Software Engineer,1,Junior
558,"Experienced in C++, Java, System Design. Worked on Built REST API. 3 years of experience.",Software Engineer,3,Mid
559,"Experienced in DSA, System Design, OOP. Worked on Built REST API. 5 years of experience.",Software Engineer,5,Senior
560,"Experienced in OOP, Python, DSA. Worked on Built REST API. 4 years of experience.",Software Engineer,4,Senior
561,"Experienced in Java, System Design, Python. Worked on Built REST API. 5 years of experience.",Software Engineer,5,Senior
562,"Experienced in OOP, DSA, Java. Worked on Developed backend system. 2 years of experience.",Software Engineer,2,Mid
563,"Experienced in Java, DSA, C++. Worked on Built REST API. 5 years of experience.",Software Engineer,5,Senior
564,"Experienced in Python, System Design, C++. Worked on Optimized algorithms. 2 years of experience.",Software Engineer,2,Mid
565,"Experienced in System Design, OOP, Python. Worked on Built REST API. 5 years of experience.",Software Engineer,5,Senior
566,"Experienced in C++, Java, OOP. Worked on Developed backend system. 4 years of experience.",Software Engineer,4,Senior
567,"Experienced in C++, Python, System Design. Worked on Built REST API. 5 years of experience.",Software Engineer,5,Senior
568,"Experienced in C++, Java, Python. Worked on Optimized algorithms. 1 years of experience.",Software Engineer,1,Junior
569,"Experienced in OOP, System Design, Java. Worked on Developed backend system. 5 years of experience.",Software Engineer,5,Senior
570,"Experienced in OOP, Python, System Design. Worked on Developed backend system. 5 years of experience.",Software Engineer,5,Senior
571,"Experienced in Java, Python, C++. Worked on Built REST API. 3 years of experience.",Software Engineer,3,Mid
572,"Experienced in Java, OOP, C++. Worked on Developed backend system. 2 years of experience.",Software Engineer,2,Mid
573,"Experienced in Python, OOP, DSA. Worked on Developed backend system. 3 years of experience.",Software Engineer,3,Mid
574,"Experienced in OOP, Python, C++. Worked on Developed backend system. 1 years of experience.",Software Engineer,1,Junior
575,"Experienced in DSA, Python, OOP. Worked on Built REST API. 3 years of experience.",Software Engineer,3,Mid
576,"Experienced in C++, Python, OOP. Worked on Built REST API. 1 years of experience.",Software Engineer,1,Junior
577,"Experienced in OOP, DSA, System Design. Worked on Developed backend system. 1 years of experience.",Software Engineer,1,Junior
578,"Experienced in Java, System Design, DSA. Worked on Built REST API. 0 years of experience.",Software Engineer,0,Junior
579,"Experienced in DSA, C++, Java. Worked on Developed backend system. 4 years of experience.",Software Engineer,4,Senior
580,"Experienced in System Design, Python, OOP. Worked on Built REST API. 2 years of experience.",Software Engineer,2,Mid
581,"Experienced in OOP, DSA, Python. Worked on Developed backend system. 5 years of experience.",Software Engineer,5,Senior
582,"Experienced in Java, DSA, C++. Worked on Built REST API. 3 years of experience.",Software Engineer,3,Mid
583,"Experienced in Python, C++, System Design. Worked on Optimized algorithms. 0 years of experience.",Software Engineer,0,Junior
584,"Experienced in DSA, System Design, C++. Worked on Developed backend system. 1 years of experience.",Software Engineer,1,Junior
585,"Experienced in OOP, C++, DSA. Worked on Built REST API. 3 years of experience.",Software Engineer,3,Mid
586,"Experienced in Java, System Design, C++. Worked on Developed backend system. 0 years of experience.",Software Engineer,0,Junior
587,"Experienced in OOP, Python, DSA. Worked on Developed backend system. 2 years of experience.",Software Engineer,2,Mid
588,"Experienced in Python, Java, DSA. Worked on Built REST API. 2 years of experience.",Software Engineer,2,Mid
589,"Experienced in Java, C++, DSA. Worked on Developed backend system. 0 years of experience.",Software Engineer,0,Junior
590,"Experienced in Python, OOP, C++. Worked on Developed backend system. 0 years of experience.",Software Engineer,0,Junior
591,"Experienced in DSA, C++, Java. Worked on Optimized algorithms. 3 years of experience.",Software Engineer,3,Mid
592,"Experienced in Java, DSA, C++. Worked on Built REST API. 5 years of experience.",Software Engineer,5,Senior
593,"Experienced in DSA, Java, C++. Worked on Optimized algorithms. 2 years of experience.",Software Engineer,2,Mid
594,"Experienced in Java, DSA, System Design. Worked on Built REST API. 5 years of experience.",Software Engineer,5,Senior
595,"Experienced in System Design, Java, Python. Worked on Developed backend system. 3 years of experience.",Software Engineer,3,Mid
596,"Experienced in Python, OOP, C++. Worked on Built REST API. 0 years of experience.",Software Engineer,0,Junior
597,"Experienced in Java, DSA, Python. Worked on Built REST API. 0 years of experience.",Software Engineer,0,Junior
598,"Experienced in C++, System Design, Java. Worked on Built REST API. 5 years of experience.",Software Engineer,5,Senior
599,"Experienced in DSA, System Design, Java. Worked on Optimized algorithms. 5 years of experience.",Software Engineer,5,Senior
600,"Experienced in Python, Java, OOP. Worked on Built REST API. 3 years of experience.",Software Engineer,3,Mid
601,"Experienced in DSA, Java, System Design. Worked on Built REST API. 0 years of experience.",Software Engineer,0,Junior
602,"Experienced in Java, C++, Python. Worked on Developed backend system. 4 years of experience.",Software Engineer,4,Senior
603,"Experienced in DSA, Python, C++. Worked on Optimized algorithms. 1 years of experience.",Software Engineer,1,Junior
604,"Experienced in DSA, Java, Python. Worked on Optimized algorithms. 0 years of experience.",Software Engineer,0,Junior
605,"Experienced in Java, Python, OOP. Worked on Built REST API. 1 years of experience.",Software Engineer,1,Junior
606,"Experienced in C++, OOP, System Design. Worked on Developed backend system. 1 years of experience.",Software Engineer,1,Junior
607,"Experienced in DSA, Python, System Design. Worked on Optimized algorithms. 3 years of experience.",Software Engineer,3,Mid
608,"Experienced in DSA, System Design, Python. Worked on Built REST API. 4 years of experience.",Software Engineer,4,Senior
609,"Experienced in Python, Java, C++. Worked on Developed backend system. 4 years of experience.",Software Engineer,4,Senior
610,"Experienced in Java, OOP, C++. Worked on Developed backend system. 5 years of experience.",Software Engineer,5,Senior
611,"Experienced in Java, C++, OOP. Worked on Built REST API. 0 years of experience.",Software Engineer,0,Junior
612,"Experienced in Java, System Design, OOP. Worked on Optimized algorithms. 1 years of experience.",Software Engineer,1,Junior
613,"Experienced in Java, System Design, Python. Worked on Developed backend system. 5 years of experience.",Software Engineer,5,Senior
614,"Experienced in C++, DSA, System Design. Worked on Developed backend system. 5 years of experience.",Software Engineer,5,Senior
615,"Experienced in OOP, Python, System Design. Worked on Built REST API. 2 years of experience.",Software Engineer,2,Mid
616,"Experienced in DSA, OOP, Java. Worked on Developed backend system. 2 years of experience.",Software Engineer,2,Mid
617,"Experienced in Python, Java, OOP. Worked on Optimized algorithms. 5 years of experience.",Software Engineer,5,Senior
618,"Experienced in C++, Java, DSA. Worked on Optimized algorithms. 0 years of experience.",Software Engineer,0,Junior
619,"Experienced in System Design, OOP, DSA. Worked on Optimized algorithms. 5 years of experience.",Software Engineer,5,Senior
620,"Experienced in DSA, Python, System Design. Worked on Built REST API. 2 years of experience.",Software Engineer,2,Mid
621,"Experienced in Python, Java, System Design. Worked on Optimized algorithms. 0 years of experience.",Software Engineer,0,Junior
622,"Experienced in C++, Java, DSA. Worked on Built REST API. 0 years of experience.",Software Engineer,0,Junior
623,"Experienced in DSA, System Design, Java. Worked on Optimized algorithms. 1 years of experience.",Software Engineer,1,Junior
624,"Experienced in DSA, C++, OOP. Worked on Built REST API. 1 years of experience.",Software Engineer,1,Junior
625,"Experienced in Java, OOP, DSA. Worked on Built REST API. 5 years of experience.",Software Engineer,5,Senior
626,"Experienced in Python, OOP, C++. Worked on Built REST API. 1 years of experience.",Software Engineer,1,Junior
627,"Experienced in Python, OOP, System Design. Worked on Built REST API. 2 years of experience.",Software Engineer,2,Mid
628,"Experienced in C++, OOP, Java. Worked on Optimized algorithms. 1 years of experience.",Software Engineer,1,Junior
629,"Experienced in OOP, C++, Python. Worked on Optimized algorithms. 2 years of experience.",Software Engineer,2,Mid
630,"Experienced in System Design, DSA, OOP. Worked on Optimized algorithms. 3 years of experience.",Software Engineer,3,Mid
631,"Experienced in DSA, Python, C++. Worked on Developed backend system. 4 years of experience.",Software Engineer,4,Senior
632,"Experienced in OOP, Java, C++. Worked on Developed backend system. 2 years of experience.",Software Engineer,2,Mid
633,"Experienced in DSA, OOP, Python. Worked on Developed backend system. 2 years of experience.",Software Engineer,2,Mid
634,"Experienced in DSA, System Design, OOP. Worked on Optimized algorithms. 0 years of experience.",Software Engineer,0,Junior
635,"Experienced in Java, C++, OOP. Worked on Optimized algorithms. 4 years of experience.",Software Engineer,4,Senior
636,"Experienced in Java, Python, DSA. Worked on Developed backend system. 0 years of experience.",Software Engineer,0,Junior
637,"Experienced in Java, Python, OOP. Worked on Developed backend system. 3 years of experience.",Software Engineer,3,Mid
638,"Experienced in OOP, Java, System Design. Worked on Built REST API. 3 years of experience.",Software Engineer,3,Mid
639,"Experienced in C++, DSA, Python. Worked on Built REST API. 2 years of experience.",Software Engineer,2,Mid
640,"Experienced in Python, C++, DSA. Worked on Developed backend system. 0 years of experience.",Software Engineer,0,Junior
641,"Experienced in C++, Java, DSA. Worked on Optimized algorithms. 2 years of experience.",Software Engineer,2,Mid
642,"Experienced in DSA, Java, Python. Worked on Optimized algorithms. 1 years of experience.",Software Engineer,1,Junior
643,"Experienced in Python, C++, Java. Worked on Optimized algorithms. 3 years of experience.",Software Engineer,3,Mid
644,"Experienced in C++, System Design, Java. Worked on Optimized algorithms. 4 years of experience.",Software Engineer,4,Senior
645,"Experienced in OOP, System Design, Java. Worked on Optimized algorithms. 2 years of experience.",Software Engineer,2,Mid
646,"Experienced in OOP, Python, Java. Worked on Optimized algorithms. 0 years of experience.",Software Engineer,0,Junior
647,"Experienced in Java, System Design, C++. Worked on Optimized algorithms. 0 years of experience.",Software Engineer,0,Junior
648,"Experienced in System Design, DSA, Java. Worked on Developed backend system. 5 years of experience.",Software Engineer,5,Senior
649,"Experienced in DSA, Python, System Design. Worked on Built REST API. 2 years of experience.",Software Engineer,2,Mid
650,"Experienced in C++, OOP, DSA. Worked on Developed backend system. 2 years of experience.",Software Engineer,2,Mid
651,"Experienced in System Design, Python, Java. Worked on Built REST API. 0 years of experience.",Software Engineer,0,Junior
652,"Experienced in Python, System Design, DSA. Worked on Optimized algorithms. 2 years of experience.",Software Engineer,2,Mid
653,"Experienced in Python, Java, DSA. Worked on Built REST API. 5 years of experience.",Software Engineer,5,Senior
654,"Experienced in C++, Java, OOP. Worked on Developed backend system. 2 years of experience.",Software Engineer,2,Mid
655,"Experienced in C++, Java, Python. Worked on Developed backend system. 3 years of experience.",Software Engineer,3,Mid
656,"Experienced in C++, OOP, DSA. Worked on Optimized algorithms. 4 years of experience.",Software Engineer,4,Senior
657,"Experienced in OOP, DSA, Python. Worked on Built REST API. 4 years of experience.",Software Engineer,4,Senior
658,"Experienced in DSA, Java, Python. Worked on Built REST API. 3 years of experience.",Software Engineer,3,Mid
659,"Experienced in DSA, Java, System Design. Worked on Optimized algorithms. 0 years of experience.",Software Engineer,0,Junior
660,"Experienced in C++, Python, DSA. Worked on Developed backend system. 0 years of experience.",Software Engineer,0,Junior
661,"Experienced in OOP, Python, DSA. Worked on Optimized algorithms. 2 years of experience.",Software Engineer,2,Mid
662,"Experienced in Java, Python, System Design. Worked on Optimized algorithms. 4 years of experience.",Software Engineer,4,Senior
663,"Experienced in OOP, Python, C++. Worked on Optimized algorithms. 3 years of experience.",Software Engineer,3,Mid
664,"Experienced in C++, Java, DSA. Worked on Developed backend system. 2 years of experience.",Software Engineer,2,Mid
665,"Experienced in OOP, Python, System Design. Worked on Built REST API. 4 years of experience.",Software Engineer,4,Senior
666,"Experienced in System Design, Python, Java. Worked on Developed backend system. 1 years of experience.",Software Engineer,1,Junior
667,"Experienced in OOP, C++, Python. Worked on Developed backend system. 1 years of experience.",Software Engineer,1,Junior
668,"Experienced in System Design, OOP, C++. Worked on Built REST API. 3 years of experience.",Software Engineer,3,Mid
669,"Experienced in System Design, Python, Java. Worked on Developed backend system. 3 years of experience.",Software Engineer,3,Mid
670,"Experienced in OOP, DSA, Python. Worked on Optimized algorithms. 1 years of experience.",Software Engineer,1,Junior
671,"Experienced in C++, DSA, OOP. Worked on Developed backend system. 5 years of experience.",Software Engineer,5,Senior
672,"Experienced in System Design, Python, OOP. Worked on Built REST API. 2 years of experience.",Software Engineer,2,Mid
673,"Experienced in Java, DSA, System Design. Worked on Developed backend system. 0 years of experience.",Software Engineer,0,Junior
674,"Experienced in DSA, Python, Java. Worked on Optimized algorithms. 3 years of experience.",Software Engineer,3,Mid
675,"Experienced in OOP, C++, DSA. Worked on Developed backend system. 5 years of experience.",Software Engineer,5,Senior
676,"Experienced in C++, DSA, Java. Worked on Developed backend system. 3 years of experience.",Software Engineer,3,Mid
677,"Experienced in C++, Python, Java. Worked on Built REST API. 0 years of experience.",Software Engineer,0,Junior
678,"Experienced in OOP, Java, System Design. Worked on Optimized algorithms. 4 years of experience.",Software Engineer,4,Senior
679,"Experienced in Python, C++, OOP. Worked on Developed backend system. 0 years of experience.",Software Engineer,0,Junior
680,"Experienced in DSA, System Design, Python. Worked on Built REST API. 1 years of experience.",Software Engineer,1,Junior
681,"Experienced in Java, System Design, C++. Worked on Developed backend system. 4 years of experience.",Software Engineer,4,Senior
682,"Experienced in OOP, C++, DSA. Worked on Built REST API. 1 years of experience.",Software Engineer,1,Junior
683,"Experienced in Java, OOP, DSA. Worked on Optimized algorithms. 3 years of experience.",Software Engineer,3,Mid
684,"Experienced in System Design, Python, C++. Worked on Developed backend system. 4 years of experience.",Software Engineer,4,Senior
685,"Experienced in Java, C++, OOP. Worked on Optimized algorithms. 4 years of experience.",Software Engineer,4,Senior
686,"Experienced in System Design, OOP, C++. Worked on Optimized algorithms. 1 years of experience.",Software Engineer,1,Junior
687,"Experienced in Java, DSA, OOP. Worked on Developed backend system. 4 years of experience.",Software Engineer,4,Senior
688,"Experienced in Python, OOP, DSA. Worked on Optimized algorithms. 0 years of experience.",Software Engineer,0,Junior
689,"Experienced in Java, System Design, OOP. Worked on Optimized algorithms. 3 years of experience.",Software Engineer,3,Mid
690,"Experienced in System Design, DSA, OOP. Worked on Developed backend system. 3 years of experience.",Software Engineer,3,Mid
691,"Experienced in OOP, Python, System Design. Worked on Built REST API. 4 years of experience.",Software Engineer,4,Senior
692,"Experienced in C++, Python, System Design. Worked on Built REST API. 3 years of experience.",Software Engineer,3,Mid
693,"Experienced in System Design, C++, DSA. Worked on Developed backend system. 0 years of experience.",Software Engineer,0,Junior
694,"Experienced in Python, OOP, DSA. Worked on Built REST API. 5 years of experience.",Software Engineer,5,Senior
695,"Experienced in OOP, Java, C++. Worked on Optimized algorithms. 5 years of experience.",Software Engineer,5,Senior
696,"Experienced in OOP, System Design, Java. Worked on Optimized algorithms. 2 years of experience.",Software Engineer,2,Mid
697,"Experienced in OOP, System Design, Python. Worked on Built REST API. 5 years of experience.",Software Engineer,5,Senior
698,"Experienced in OOP, DSA, System Design. Worked on Optimized algorithms. 2 years of experience.",Software Engineer,2,Mid
699,"Experienced in DSA, OOP, C++. Worked on Built REST API. 3 years of experience.",Software Engineer,3,Mid
700,"Experienced in OOP, C++, Python. Worked on Optimized algorithms. 3 years of experience.",Software Engineer,3,Mid
701,"Experienced in C++, System Design, Python. Worked on Built REST API. 3 years of experience.",Software Engineer,3,Mid
702,"Experienced in Python, C++, OOP. Worked on Optimized algorithms. 1 years of experience.",Software Engineer,1,Junior
703,"Experienced in Python, DSA, Java. Worked on Optimized algorithms. 4 years of experience.",Software Engineer,4,Senior
704,"Experienced in OOP, C++, Python. Worked on Built REST API. 5 years of experience.",Software Engineer,5,Senior
705,"Experienced in C++, OOP, System Design. Worked on Built REST API. 2 years of experience.",Software Engineer,2,Mid
706,"Experienced in Python, System Design, C++. Worked on Built REST API. 0 years of experience.",Software Engineer,0,Junior
707,"Experienced in System Design, Java, DSA. Worked on Optimized algorithms. 1 years of experience.",Software Engineer,1,Junior
708,"Experienced in System Design, DSA, Java. Worked on Built REST API. 4 years of experience.",Software Engineer,4,Senior
709,"Experienced in DSA, OOP, System Design. Worked on Optimized algorithms. 2 years of experience.",Software Engineer,2,Mid
710,"Experienced in Java, DSA, System Design. Worked on Built REST API. 3 years of experience.",Software Engineer,3,Mid
711,"Experienced in Java, DSA, C++. Worked on Built REST API. 2 years of experience.",Software Engineer,2,Mid
712,"Experienced in DSA, C++, OOP. Worked on Optimized algorithms. 2 years of experience.",Software Engineer,2,Mid
713,"Experienced in C++, Java, OOP. Worked on Developed backend system. 3 years of experience.",Software Engineer,3,Mid
714,"Experienced in Python, System Design, DSA. Worked on Developed backend system. 2 years of experience.",Software Engineer,2,Mid
715,"Experienced in DSA, Python, OOP. Worked on Built REST API. 0 years of experience.",Software Engineer,0,Junior
716,"Experienced in System Design, DSA, Java. Worked on Built REST API. 5 years of experience.",Software Engineer,5,Senior
717,"Experienced in DSA, OOP, C++. Worked on Built REST API. 4 years of experience.",Software Engineer,4,Senior
718,"Experienced in OOP, System Design, Python. Worked on Built REST API. 3 years of experience.",Software Engineer,3,Mid
719,"Experienced in C++, OOP, Java. Worked on Optimized algorithms. 2 years of experience.",Software Engineer,2,Mid
720,"Experienced in Java, OOP, System Design. Worked on Developed backend system. 2 years of experience.",Software Engineer,2,Mid
721,"Experienced in Java, Python, System Design. Worked on Built REST API. 2 years of experience.",Software Engineer,2,Mid
722,"Experienced in Python, C++, OOP. Worked on Developed backend system. 2 years of experience.",Software Engineer,2,Mid
723,"Experienced in OOP, C++, Java. Worked on Optimized algorithms. 4 years of experience.",Software Engineer,4,Senior
724,"Experienced in System Design, Python, Java. Worked on Built REST API. 2 years of experience.",Software Engineer,2,Mid
725,"Experienced in System Design, OOP, Java. Worked on Optimized algorithms. 5 years of experience.",Software Engineer,5,Senior
726,"Experienced in Python, C++, Java. Worked on Built REST API. 0 years of experience.",Software Engineer,0,Junior
727,"Experienced in Python, System Design, OOP. Worked on Developed backend system. 2 years of experience.",Software Engineer,2,Mid
728,"Experienced in Python, C++, OOP. Worked on Developed backend system. 3 years of experience.",Software Engineer,3,Mid
729,"Experienced in C++, Java, System Design. Worked on Built REST API. 3 years of experience.",Software Engineer,3,Mid
730,"Experienced in Java, DSA, OOP. Worked on Developed backend system. 1 years of experience.",Software Engineer,1,Junior
731,"Experienced in C++, Python, Java. Worked on Built REST API. 3 years of experience.",Software Engineer,3,Mid
732,"Experienced in DSA, System Design, Python. Worked on Built REST API. 4 years of experience.",Software Engineer,4,Senior
733,"Experienced in Python, OOP, DSA. Worked on Optimized algorithms. 0 years of experience.",Software Engineer,0,Junior
734,"Experienced in DSA, Java, System Design. Worked on Built REST API. 3 years of experience.",Software Engineer,3,Mid
735,"Experienced in C++, Python, DSA. Worked on Optimized algorithms. 4 years of experience.",Software Engineer,4,Senior
736,"Experienced in Python, C++, System Design. Worked on Optimized algorithms. 3 years of experience.",Software Engineer,3,Mid
737,"Experienced in OOP, Java, DSA. Worked on Optimized algorithms. 1 years of experience.",Software Engineer,1,Junior
738,"Experienced in Python, C++, Java. Worked on Built REST API. 2 years of experience.",Software Engineer,2,Mid
739,"Experienced in Java, OOP, C++. Worked on Optimized algorithms. 0 years of experience.",Software Engineer,0,Junior
740,"Experienced in DSA, Python, OOP. Worked on Developed backend system. 4 years of experience.",Software Engineer,4,Senior
741,"Experienced in C++, System Design, DSA. Worked on Optimized algorithms. 0 years of experience.",Software Engineer,0,Junior
742,"Experienced in DSA, Java, System Design. Worked on Developed backend system. 2 years of experience.",Software Engineer,2,Mid
743,"Experienced in C++, Python, DSA. Worked on Developed backend system. 4 years of experience.",Software Engineer,4,Senior
744,"Experienced in Java, DSA, C++. Worked on Optimized algorithms. 2 years of experience.",Software Engineer,2,Mid
745,"Experienced in C++, System Design, DSA. Worked on Optimized algorithms. 2 years of experience.",Software Engineer,2,Mid
746,"Experienced in Python, C++, OOP. Worked on Developed backend system. 2 years of experience.",Software Engineer,2,Mid
747,"Experienced in Python, System Design, OOP. Worked on Built REST API. 1 years of experience.",Software Engineer,1,Junior
748,"Experienced in System Design, OOP, DSA. Worked on Optimized algorithms. 1 years of experience.",Software Engineer,1,Junior
749,"Experienced in C++, DSA, System Design. Worked on Developed backend system. 2 years of experience.",Software Engineer,2,Mid
750,"Experienced in C++, Java, Python. Worked on Built REST API. 2 years of experience.",Software Engineer,2,Mid
751,"Experienced in System Design, DSA, C++. Worked on Optimized algorithms. 4 years of experience.",Software Engineer,4,Senior
752,"Experienced in Java, DSA, Python. Worked on Built REST API. 2 years of experience.",Software Engineer,2,Mid
753,"Experienced in OOP, Java, Python. Worked on Optimized algorithms. 4 years of experience.",Software Engineer,4,Senior
754,"Experienced in Java, Python, OOP. Worked on Built REST API. 3 years of experience.",Software Engineer,3,Mid
755,"Experienced in C++, OOP, System Design. Worked on Optimized algorithms. 2 years of experience.",Software Engineer,2,Mid
756,"Experienced in DSA, Python, C++. Worked on Built REST API. 0 years of experience.",Software Engineer,0,Junior
757,"Experienced in DSA, Java, Python. Worked on Optimized algorithms. 0 years of experience.",Software Engineer,0,Junior
758,"Experienced in System Design, DSA, OOP. Worked on Optimized algorithms. 2 years of experience.",Software Engineer,2,Mid
759,"Experienced in DSA, C++, System Design. Worked on Built REST API. 3 years of experience.",Software Engineer,3,Mid
760,"Experienced in Python, Java, System Design. Worked on Built REST API. 2 years of experience.",Software Engineer,2,Mid
761,"Experienced in OOP, System Design, DSA. Worked on Optimized algorithms. 3 years of experience.",Software Engineer,3,Mid
762,"Experienced in Python, Java, OOP. Worked on Optimized algorithms. 4 years of experience.",Software Engineer,4,Senior
763,"Experienced in System Design, C++, Java. Worked on Built REST API. 2 years of experience.",Software Engineer,2,Mid
764,"Experienced in Java, C++, Python. Worked on Optimized algorithms. 1 years of experience.",Software Engineer,1,Junior
765,"Experienced in OOP, C++, DSA. Worked on Developed backend system. 5 years of experience.",Software Engineer,5,Senior
766,"Experienced in OOP, System Design, Python. Worked on Built REST API. 1 years of experience.",Software Engineer,1,Junior
767,"Experienced in OOP, System Design, C++. Worked on Developed backend system. 2 years of experience.",Software Engineer,2,Mid
768,"Experienced in DSA, Python, OOP. Worked on Built REST API. 3 years of experience.",Software Engineer,3,Mid
769,"Experienced in OOP, Python, C++. Worked on Developed backend system. 1 years of experience.",Software Engineer,1,Junior
770,"Experienced in System Design, Python, Java. Worked on Developed backend system. 1 years of experience.",Software Engineer,1,Junior
771,"Experienced in Java, Python, C++. Worked on Developed backend system. 4 years of experience.",Software Engineer,4,Senior
772,"Experienced in System Design, Java, OOP. Worked on Built REST API. 3 years of experience.",Software Engineer,3,Mid
773,"Experienced in Python, Java, OOP. Worked on Developed backend system. 1 years of experience.",Software Engineer,1,Junior
774,"Experienced in System Design, DSA, C++. Worked on Optimized algorithms. 3 years of experience.",Software Engineer,3,Mid
775,"Experienced in OOP, Python, System Design. Worked on Developed backend system. 4 years of experience.",Software Engineer,4,Senior
776,"Experienced in OOP, Python, Java. Worked on Built REST API. 4 years of experience.",Software Engineer,4,Senior
777,"Experienced in Java, System Design, DSA. Worked on Built REST API. 4 years of experience.",Software Engineer,4,Senior
778,"Experienced in C++, Python, DSA. Worked on Optimized algorithms. 1 years of experience.",Software Engineer,1,Junior
779,"Experienced in OOP, Java, System Design. Worked on Optimized algorithms. 1 years of experience.",Software Engineer,1,Junior
780,"Experienced in Python, C++, System Design. Worked on Optimized algorithms. 0 years of experience.",Software Engineer,0,Junior
781,"Experienced in System Design, Python, DSA. Worked on Built REST API. 5 years of experience.",Software Engineer,5,Senior
782,"Experienced in C++, Python, DSA. Worked on Developed backend system. 0 years of experience.",Software Engineer,0,Junior
783,"Experienced in System Design, Python, Java. Worked on Optimized algorithms. 0 years of experience.",Software Engineer,0,Junior
784,"Experienced in OOP, Java, DSA. Worked on Developed backend system. 0 years of experience.",Software Engineer,0,Junior
785,"Experienced in Python, DSA, System Design. Worked on Built REST API. 0 years of experience.",Software Engineer,0,Junior
786,"Experienced in Python, System Design, Java. Worked on Built REST API. 3 years of experience.",Software Engineer,3,Mid
787,"Experienced in System Design, Java, DSA. Worked on Optimized algorithms. 2 years of experience.",Software Engineer,2,Mid
788,"Experienced in C++, Java, System Design. Worked on Developed backend system. 2 years of experience.",Software Engineer,2,Mid
789,"Experienced in System Design, DSA, Python. Worked on Built REST API. 5 years of experience.",Software Engineer,5,Senior
790,"Experienced in DSA, C++, System Design. Worked on Optimized algorithms. 4 years of experience.",Software Engineer,4,Senior
791,"Experienced in OOP, C++, Python. Worked on Developed backend system. 1 years of experience.",Software Engineer,1,Junior
792,"Experienced in Java, System Design, OOP. Worked on Built REST API. 0 years of experience.",Software Engineer,0,Junior
793,"Experienced in Java, DSA, OOP. Worked on Built REST API. 4 years of experience.",Software Engineer,4,Senior
794,"Experienced in Java, System Design, C++. Worked on Optimized algorithms. 1 years of experience.",Software Engineer,1,Junior
795,"Experienced in Java, Python, System Design. Worked on Built REST API. 5 years of experience.",Software Engineer,5,Senior
796,"Experienced in Java, DSA, System Design. Worked on Built REST API. 0 years of experience.",Software Engineer,0,Junior
797,"Experienced in DSA, System Design, Python. Worked on Developed backend system. 0 years of experience.",Software Engineer,0,Junior
798,"Experienced in System Design, Python, DSA. Worked on Built REST API. 1 years of experience.",Software Engineer,1,Junior
799,"Experienced in C++, Python, System Design. Worked on Developed backend system. 3 years of experience.",Software Engineer,3,Mid
800,"Experienced in C++, DSA, Python. Worked on Developed backend system. 4 years of experience.",Software Engineer,4,Senior
801,"Experienced in System Design, Java, C++. Worked on Developed backend system. 1 years of experience.",Software Engineer,1,Junior
802,"Experienced in C++, System Design, Python. Worked on Developed backend system. 3 years of experience.",Software Engineer,3,Mid
803,"Experienced in System Design, Java, C++. Worked on Optimized algorithms. 1 years of experience.",Software Engineer,1,Junior
804,"Experienced in DSA, Java, OOP. Worked on Developed backend system. 1 years of experience.",Software Engineer,1,Junior
805,"Experienced in DSA, C++, System Design. Worked on Optimized algorithms. 3 years of experience.",Software Engineer,3,Mid
806,"Experienced in System Design, C++, DSA. Worked on Developed backend system. 2 years of experience.",Software Engineer,2,Mid
807,"Experienced in Python, C++, Java. Worked on Optimized algorithms. 2 years of experience.",Software Engineer,2,Mid
808,"Experienced in Python, Java, System Design. Worked on Built REST API. 1 years of experience.",Software Engineer,1,Junior
809,"Experienced in OOP, Python, DSA. Worked on Optimized algorithms. 4 years of experience.",Software Engineer,4,Senior
810,"Experienced in C++, System Design, DSA. Worked on Optimized algorithms. 0 years of experience.",Software Engineer,0,Junior
811,"Experienced in Java, OOP, System Design. Worked on Built REST API. 0 years of experience.",Software Engineer,0,Junior
812,"Experienced in DSA, OOP, C++. Worked on Developed backend system. 5 years of experience.",Software Engineer,5,Senior
813,"Experienced in DSA, C++, System Design. Worked on Optimized algorithms. 5 years of experience.",Software Engineer,5,Senior
814,"Experienced in DSA, System Design, OOP. Worked on Optimized algorithms. 2 years of experience.",Software Engineer,2,Mid
815,"Experienced in OOP, DSA, C++. Worked on Optimized algorithms. 0 years of experience.",Software Engineer,0,Junior
816,"Experienced in Python, Java, C++. Worked on Optimized algorithms. 0 years of experience.",Software Engineer,0,Junior
817,"Experienced in Java, System Design, C++. Worked on Developed backend system. 4 years of experience.",Software Engineer,4,Senior
818,"Experienced in Java, C++, DSA. Worked on Developed backend system. 4 years of experience.",Software Engineer,4,Senior
819,"Experienced in C++, OOP, DSA. Worked on Developed backend system. 3 years of experience.",Software Engineer,3,Mid
820,"Experienced in C++, DSA, System Design. Worked on Developed backend system. 0 years of experience.",Software Engineer,0,Junior
821,"Experienced in System Design, OOP, C++. Worked on Optimized algorithms. 4 years of experience.",Software Engineer,4,Senior
822,"Experienced in System Design, Java, DSA. Worked on Built REST API. 5 years of experience.",Software Engineer,5,Senior
823,"Experienced in DSA, C++, OOP. Worked on Developed backend system. 1 years of experience.",Software Engineer,1,Junior
824,"Experienced in Java, C++, OOP. Worked on Optimized algorithms. 0 years of experience.",Software Engineer,0,Junior
825,"Experienced in System Design, Java, DSA. Worked on Developed backend system. 5 years of experience.",Software Engineer,5,Senior
826,"Experienced in System Design, DSA, Java. Worked on Developed backend system. 3 years of experience.",Software Engineer,3,Mid
827,"Experienced in Java, DSA, C++. Worked on Developed backend system. 1 years of experience.",Software Engineer,1,Junior
828,"Experienced in C++, Java, Python. Worked on Optimized algorithms. 3 years of experience.",Software Engineer,3,Mid
829,"Experienced in Java, Python, OOP. Worked on Built REST API. 0 years of experience.",Software Engineer,0,Junior
830,"Experienced in System Design, Java, OOP. Worked on Developed backend system. 5 years of experience.",Software Engineer,5,Senior
831,"Experienced in System Design, Python, C++. Worked on Optimized algorithms. 3 years of experience.",Software Engineer,3,Mid
832,"Experienced in C++, System Design, OOP. Worked on Optimized algorithms. 5 years of experience.",Software Engineer,5,Senior
833,"Experienced in Python, DSA, OOP. Worked on Developed backend system. 4 years of experience.",Software Engineer,4,Senior
834,"Experienced in System Design, Java, C++. Worked on Developed backend system. 0 years of experience.",Software Engineer,0,Junior
835,"Experienced in Python, System Design, C++. Worked on Developed backend system. 4 years of experience.",Software Engineer,4,Senior
836,"Experienced in OOP, C++, Java. Worked on Optimized algorithms. 4 years of experience.",Software Engineer,4,Senior
837,"Experienced in Python, OOP, System Design. Worked on Optimized algorithms. 2 years of experience.",Software Engineer,2,Mid
838,"Experienced in DSA, C++, Python. Worked on Built REST API. 5 years of experience.",Software Engineer,5,Senior
839,"Experienced in DSA, C++, OOP. Worked on Built REST API. 1 years of experience.",Software Engineer,1,Junior
840,"Experienced in Python, OOP, System Design. Worked on Developed backend system. 5 years of experience.",Software Engineer,5,Senior
841,"Experienced in DSA, C++, System Design. Worked on Built REST API. 1 years of experience.",Software Engineer,1,Junior
842,"Experienced in C++, System Design, DSA. Worked on Optimized algorithms. 5 years of experience.",Software Engineer,5,Senior
843,"Experienced in DSA, OOP, Python. Worked on Developed backend system. 0 years of experience.",Software Engineer,0,Junior
844,"Experienced in C++, Python, System Design. Worked on Optimized algorithms. 3 years of experience.",Software Engineer,3,Mid
845,"Experienced in Java, DSA, C++. Worked on Developed backend system. 4 years of experience.",Software Engineer,4,Senior
846,"Experienced in Java, C++, OOP. Worked on Optimized algorithms. 2 years of experience.",Software Engineer,2,Mid
847,"Experienced in Python, DSA, System Design. Worked on Built REST API. 2 years of experience.",Software Engineer,2,Mid
848,"Experienced in OOP, Java, System Design. Worked on Built REST API. 3 years of experience.",Software Engineer,3,Mid
849,"Experienced in Python, Java, OOP. Worked on Developed backend system. 1 years of experience.",Software Engineer,1,Junior
850,"Experienced in System Design, OOP, Python. Worked on Built REST API. 1 years of experience.",Software Engineer,1,Junior
851,"Experienced in DSA, C++, Python. Worked on Built REST API. 0 years of experience.",Software Engineer,0,Junior
852,"Experienced in Java, System Design, C++. Worked on Optimized algorithms. 4 years of experience.",Software Engineer,4,Senior
853,"Experienced in Python, System Design, C++. Worked on Built REST API. 1 years of experience.",Software Engineer,1,Junior
854,"Experienced in DSA, Python, C++. Worked on Optimized algorithms. 3 years of experience.",Software Engineer,3,Mid
855,"Experienced in Java, System Design, DSA. Worked on Optimized algorithms. 5 years of experience.",Software Engineer,5,Senior
856,"Experienced in DSA, OOP, System Design. Worked on Optimized algorithms. 4 years of experience.",Software Engineer,4,Senior
857,"Experienced in OOP, System Design, C++. Worked on Optimized algorithms. 4 years of experience.",Software Engineer,4,Senior
858,"Experienced in System Design, OOP, DSA. Worked on Developed backend system. 5 years of experience.",Software Engineer,5,Senior
859,"Experienced in DSA, System Design, Java. Worked on Developed backend system. 5 years of experience.",Software Engineer,5,Senior
860,"Experienced in OOP, Java, C++. Worked on Built REST API. 4 years of experience.",Software Engineer,4,Senior
861,"Experienced in OOP, Python, System Design. Worked on Optimized algorithms. 1 years of experience.",Software Engineer,1,Junior
862,"Experienced in C++, OOP, DSA. Worked on Built REST API. 4 years of experience.",Software Engineer,4,Senior
863,"Experienced in DSA, Java, System Design. Worked on Built REST API. 3 years of experience.",Software Engineer,3,Mid
864,"Experienced in Python, OOP, DSA. Worked on Optimized algorithms. 3 years of experience.",Software Engineer,3,Mid
865,"Experienced in C++, DSA, Java. Worked on Optimized algorithms. 0 years of experience.",Software Engineer,0,Junior
866,"Experienced in Java, C++, System Design. Worked on Developed backend system. 0 years of experience.",Software Engineer,0,Junior
867,"Experienced in System Design, OOP, C++. Worked on Developed backend system. 0 years of experience.",Software Engineer,0,Junior
868,"Experienced in C++, Java, System Design. Worked on Optimized algorithms. 0 years of experience.",Software Engineer,0,Junior
869,"Experienced in Python, DSA, System Design. Worked on Built REST API. 0 years of experience.",Software Engineer,0,Junior
870,"Experienced in OOP, DSA, System Design. Worked on Optimized algorithms. 4 years of experience.",Software Engineer,4,Senior
871,"Experienced in OOP, Java, Python. Worked on Developed backend system. 3 years of experience.",Software Engineer,3,Mid
872,"Experienced in DSA, System Design, Java. Worked on Optimized algorithms. 4 years of experience.",Software Engineer,4,Senior
873,"Experienced in OOP, Java, C++. Worked on Optimized algorithms. 0 years of experience.",Software Engineer,0,Junior
874,"Experienced in System Design, OOP, DSA. Worked on Optimized algorithms. 5 years of experience.",Software Engineer,5,Senior
875,"Experienced in C++, Java, Python. Worked on Built REST API. 3 years of experience.",Software Engineer,3,Mid
876,"Experienced in Python, System Design, DSA. Worked on Built REST API. 5 years of experience.",Software Engineer,5,Senior
877,"Experienced in Python, DSA, System Design. Worked on Optimized algorithms. 2 years of experience.",Software Engineer,2,Mid
878,"Experienced in C++, DSA, Python. Worked on Optimized algorithms. 1 years of experience.",Software Engineer,1,Junior
879,"Experienced in C++, OOP, Python. Worked on Built REST API. 3 years of experience.",Software Engineer,3,Mid
880,"Experienced in DSA, System Design, C++. Worked on Built REST API. 4 years of experience.",Software Engineer,4,Senior
881,"Experienced in Python, DSA, Java. Worked on Built REST API. 0 years of experience.",Software Engineer,0,Junior
882,"Experienced in System Design, DSA, Python. Worked on Developed backend system. 2 years of experience.",Software Engineer,2,Mid
883,"Experienced in OOP, C++, Java. Worked on Built REST API. 0 years of experience.",Software Engineer,0,Junior
884,"Experienced in Java, OOP, C++. Worked on Built REST API. 1 years of experience.",Software Engineer,1,Junior
885,"Experienced in DSA, System Design, OOP. Worked on Developed backend system. 5 years of experience.",Software Engineer,5,Senior
886,"Experienced in DSA, C++, OOP. Worked on Optimized algorithms. 0 years of experience.",Software Engineer,0,Junior
887,"Experienced in OOP, Python, C++. Worked on Developed backend system. 4 years of experience.",Software Engineer,4,Senior
888,"Experienced in C++, DSA, Python. Worked on Optimized algorithms. 2 years of experience.",Software Engineer,2,Mid
889,"Experienced in C++, System Design, DSA. Worked on Developed backend system. 5 years of experience.",Software Engineer,5,Senior
890,"Experienced in Java, OOP, C++. Worked on Optimized algorithms. 1 years of experience.",Software Engineer,1,Junior
891,"Experienced in DSA, C++, System Design. Worked on Optimized algorithms. 5 years of experience.",Software Engineer,5,Senior
892,"Experienced in DSA, System Design, OOP. Worked on Built REST API. 3 years of experience.",Software Engineer,3,Mid
893,"Experienced in System Design, Java, Python. Worked on Built REST API. 0 years of experience.",Software Engineer,0,Junior
894,"Experienced in System Design, OOP, Java. Worked on Developed backend system. 1 years of experience.",Software Engineer,1,Junior
895,"Experienced in Python, DSA, C++. Worked on Built REST API. 4 years of experience.",Software Engineer,4,Senior
896,"Experienced in C++, Python, DSA. Worked on Developed backend system. 5 years of experience.",Software Engineer,5,Senior
897,"Experienced in System Design, C++, Python. Worked on Optimized algorithms. 1 years of experience.",Software Engineer,1,Junior
898,"Experienced in OOP, System Design, Python. Worked on Optimized algorithms. 0 years of experience.",Software Engineer,0,Junior
899,"Experienced in DSA, OOP, System Design. Worked on Optimized algorithms. 0 years of experience.",Software Engineer,0,Junior
900,"Experienced in C++, System Design, Java. Worked on Optimized algorithms. 4 years of experience.",Software Engineer,4,Senior
901,"Experienced in C++, System Design, Java. Worked on Optimized algorithms. 1 years of experience.",Software Engineer,1,Junior
902,"Experienced in Python, OOP, C++. Worked on Developed backend system. 4 years of experience.",Software Engineer,4,Senior
903,"Experienced in System Design, DSA, Python. Worked on Optimized algorithms. 4 years of experience.",Software Engineer,4,Senior
904,"Experienced in Python, DSA, System Design. Worked on Developed backend system. 0 years of experience.",Software Engineer,0,Junior
905,"Experienced in DSA, System Design, OOP. Worked on Optimized algorithms. 5 years of experience.",Software Engineer,5,Senior
906,"Experienced in Python, Java, DSA. Worked on Optimized algorithms. 4 years of experience.",Software Engineer,4,Senior
907,"Experienced in C++, OOP, System Design. Worked on Developed backend system. 0 years of experience.",Software Engineer,0,Junior
908,"Experienced in DSA, C++, OOP. Worked on Built REST API. 5 years of experience.",Software Engineer,5,Senior
909,"Experienced in C++, Java, Python. Worked on Developed backend system. 5 years of experience.",Software Engineer,5,Senior
910,"Experienced in System Design, C++, OOP. Worked on Built REST API. 5 years of experience.",Software Engineer,5,Senior
911,"Experienced in Python, OOP, System Design. Worked on Built REST API. 3 years of experience.",Software Engineer,3,Mid
912,"Experienced in Java, C++, System Design. Worked on Optimized algorithms. 3 years of experience.",Software Engineer,3,Mid
913,"Experienced in Java, System Design, C++. Worked on Built REST API. 4 years of experience.",Software Engineer,4,Senior
914,"Experienced in OOP, DSA, C++. Worked on Built REST API. 1 years of experience.",Software Engineer,1,Junior
915,"Experienced in OOP, Java, DSA. Worked on Built REST API. 3 years of experience.",Software Engineer,3,Mid
916,"Experienced in DSA, Java, C++. Worked on Developed backend system. 1 years of experience.",Software Engineer,1,Junior
917,"Experienced in C++, DSA, System Design. Worked on Optimized algorithms. 5 years of experience.",Software Engineer,5,Senior
918,"Experienced in OOP, DSA, C++. Worked on Developed backend system. 0 years of experience.",Software Engineer,0,Junior
919,"Experienced in System Design, DSA, Java. Worked on Built REST API. 5 years of experience.",Software Engineer,5,Senior
920,"Experienced in Java, System Design, DSA. Worked on Developed backend system. 5 years of experience.",Software Engineer,5,Senior
921,"Experienced in C++, Python, Java. Worked on Built REST API. 5 years of experience.",Software Engineer,5,Senior
922,"Experienced in Java, System Design, Python. Worked on Built REST API. 2 years of experience.",Software Engineer,2,Mid
923,"Experienced in OOP, Python, DSA. Worked on Optimized algorithms. 2 years of experience.",Software Engineer,2,Mid
924,"Experienced in System Design, Python, Java. Worked on Optimized algorithms. 3 years of experience.",Software Engineer,3,Mid
925,"Experienced in C++, OOP, Java. Worked on Developed backend system. 0 years of experience.",Software Engineer,0,Junior
926,"Experienced in System Design, Python, DSA. Worked on Built REST API. 4 years of experience.",Software Engineer,4,Senior
927,"Experienced in C++, Java, Python. Worked on Built REST API. 2 years of experience.",Software Engineer,2,Mid
928,"Experienced in C++, OOP, Java. Worked on Optimized algorithms. 3 years of experience.",Software Engineer,3,Mid
929,"Experienced in Java, System Design, Python. Worked on Built REST API. 3 years of experience.",Software Engineer,3,Mid
930,"Experienced in System Design, C++, DSA. Worked on Optimized algorithms. 3 years of experience.",Software Engineer,3,Mid
931,"Experienced in OOP, System Design, C++. Worked on Built REST API. 0 years of experience.",Software Engineer,0,Junior
932,"Experienced in DSA, System Design, Java. Worked on Optimized algorithms. 3 years of experience.",Software Engineer,3,Mid
933,"Experienced in System Design, Java, DSA. Worked on Developed backend system. 3 years of experience.",Software Engineer,3,Mid
934,"Experienced in C++, DSA, Java. Worked on Optimized algorithms. 0 years of experience.",Software Engineer,0,Junior
935,"Experienced in DSA, System Design, OOP. Worked on Optimized algorithms. 5 years of experience.",Software Engineer,5,Senior
936,"Experienced in Python, System Design, Java. Worked on Optimized algorithms. 3 years of experience.",Software Engineer,3,Mid
937,"Experienced in DSA, OOP, System Design. Worked on Developed backend system. 0 years of experience.",Software Engineer,0,Junior
938,"Experienced in DSA, C++, Python. Worked on Built REST API. 1 years of experience.",Software Engineer,1,Junior
939,"Experienced in OOP, DSA, System Design. Worked on Developed backend system. 1 years of experience.",Software Engineer,1,Junior
940,"Experienced in Java, DSA, System Design. Worked on Optimized algorithms. 4 years of experience.",Software Engineer,4,Senior
941,"Experienced in System Design, Python, OOP. Worked on Optimized algorithms. 5 years of experience.",Software Engineer,5,Senior
942,"Experienced in OOP, C++, Java. Worked on Developed backend system. 3 years of experience.",Software Engineer,3,Mid
943,"Experienced in C++, DSA, Java. Worked on Optimized algorithms. 0 years of experience.",Software Engineer,0,Junior
944,"Experienced in OOP, Python, DSA. Worked on Optimized algorithms. 3 years of experience.",Software Engineer,3,Mid
945,"Experienced in C++, Python, DSA. Worked on Optimized algorithms. 0 years of experience.",Software Engineer,0,Junior
946,"Experienced in System Design, OOP, C++. Worked on Optimized algorithms. 3 years of experience.",Software Engineer,3,Mid
947,"Experienced in Java, C++, DSA. Worked on Optimized algorithms. 2 years of experience.",Software Engineer,2,Mid
948,"Experienced in System Design, Java, DSA. Worked on Developed backend system. 4 years of experience.",Software Engineer,4,Senior
949,"Experienced in Java, OOP, System Design. Worked on Developed backend system. 1 years of experience.",Software Engineer,1,Junior
950,"Experienced in DSA, Java, OOP. Worked on Optimized algorithms. 5 years of experience.",Software Engineer,5,Senior
951,"Experienced in Java, Python, C++. Worked on Developed backend system. 3 years of experience.",Software Engineer,3,Mid
952,"Experienced in System Design, C++, Java. Worked on Built REST API. 1 years of experience.",Software Engineer,1,Junior
953,"Experienced in OOP, Python, System Design. Worked on Developed backend system. 0 years of experience.",Software Engineer,0,Junior
954,"Experienced in Java, DSA, C++. Worked on Developed backend system. 2 years of experience.",Software Engineer,2,Mid
955,"Experienced in C++, OOP, System Design. Worked on Optimized algorithms. 5 years of experience.",Software Engineer,5,Senior
956,"Experienced in DSA, System Design, Python. Worked on Built REST API. 3 years of experience.",Software Engineer,3,Mid
957,"Experienced in OOP, Java, Python. Worked on Built REST API. 1 years of experience.",Software Engineer,1,Junior
958,"Experienced in C++, DSA, Python. Worked on Developed backend system. 0 years of experience.",Software Engineer,0,Junior
959,"Experienced in OOP, System Design, DSA. Worked on Built REST API. 3 years of experience.",Software Engineer,3,Mid
960,"Experienced in C++, Python, DSA. Worked on Optimized algorithms. 4 years of experience.",Software Engineer,4,Senior
961,"Experienced in DSA, C++, Python. Worked on Optimized algorithms. 1 years of experience.",Software Engineer,1,Junior
962,"Experienced in DSA, OOP, System Design. Worked on Built REST API. 5 years of experience.",Software Engineer,5,Senior
963,"Experienced in Python, OOP, System Design. Worked on Built REST API. 2 years of experience.",Software Engineer,2,Mid
964,"Experienced in C++, System Design, DSA. Worked on Built REST API. 0 years of experience.",Software Engineer,0,Junior
965,"Experienced in DSA, Java, OOP. Worked on Built REST API. 0 years of experience.",Software Engineer,0,Junior
966,"Experienced in OOP, System Design, C++. Worked on Developed backend system. 1 years of experience.",Software Engineer,1,Junior
967,"Experienced in System Design, C++, Python. Worked on Built REST API. 0 years of experience.",Software Engineer,0,Junior
968,"Experienced in OOP, Java, System Design. Worked on Optimized algorithms. 0 years of experience.",Software Engineer,0,Junior
969,"Experienced in Python, Java, System Design. Worked on Built REST API. 5 years of experience.",Software Engineer,5,Senior
970,"Experienced in Python, C++, OOP. Worked on Developed backend system. 2 years of experience.",Software Engineer,2,Mid
971,"Experienced in System Design, Python, Java. Worked on Optimized algorithms. 4 years of experience.",Software Engineer,4,Senior
972,"Experienced in C++, OOP, Python. Worked on Developed backend system. 4 years of experience.",Software Engineer,4,Senior
973,"Experienced in C++, Python, DSA. Worked on Developed backend system. 1 years of experience.",Software Engineer,1,Junior
974,"Experienced in OOP, Java, Python. Worked on Developed backend system. 2 years of experience.",Software Engineer,2,Mid
975,"Experienced in Python, OOP, C++. Worked on Built REST API. 0 years of experience.",Software Engineer,0,Junior
976,"Experienced in System Design, OOP, Java. Worked on Built REST API. 5 years of experience.",Software Engineer,5,Senior
977,"Experienced in Java, OOP, DSA. Worked on Optimized algorithms. 2 years of experience.",Software Engineer,2,Mid
978,"Experienced in Python, OOP, C++. Worked on Optimized algorithms. 4 years of experience.",Software Engineer,4,Senior
979,"Experienced in C++, Java, DSA. Worked on Developed backend system. 2 years of experience.",Software Engineer,2,Mid
980,"Experienced in Python, System Design, Java. Worked on Optimized algorithms. 2 years of experience.",Software Engineer,2,Mid
981,"Experienced in OOP, C++, Python. Worked on Built REST API. 1 years of experience.",Software Engineer,1,Junior
982,"Experienced in DSA, Python, System Design. Worked on Optimized algorithms. 0 years of experience.",Software Engineer,0,Junior
983,"Experienced in Java, C++, DSA. Worked on Built REST API. 1 years of experience.",Software Engineer,1,Junior
984,"Experienced in Python, Java, DSA. Worked on Optimized algorithms. 0 years of experience.",Software Engineer,0,Junior
985,"Experienced in Python, OOP, System Design. Worked on Developed backend system. 5 years of experience.",Software Engineer,5,Senior
986,"Experienced in Java, System Design, OOP. Worked on Developed backend system. 4 years of experience.",Software Engineer,4,Senior
987,"Experienced in Java, Python, OOP. Worked on Developed backend system. 1 years of experience.",Software Engineer,1,Junior
988,"Experienced in DSA, C++, Java. Worked on Developed backend system. 2 years of experience.",Software Engineer,2,Mid
989,"Experienced in DSA, System Design, OOP. Worked on Developed backend system. 5 years of experience.",Software Engineer,5,Senior
990,"Experienced in Java, C++, Python. Worked on Optimized algorithms. 4 years of experience.",Software Engineer,4,Senior
991,"Experienced in Java, DSA, C++. Worked on Built REST API. 1 years of experience.",Software Engineer,1,Junior
992,"Experienced in System Design, C++, Java. Worked on Built REST API. 5 years of experience.",Software Engineer,5,Senior
993,"Experienced in System Design, DSA, Java. Worked on Built REST API. 3 years of experience.",Software Engineer,3,Mid
994,"Experienced in C++, Java, Python. Worked on Developed backend system. 4 years of experience.",Software Engineer,4,Senior
995,"Experienced in Java, C++, DSA. Worked on Developed backend system. 0 years of experience.",Software Engineer,0,Junior
996,"Experienced in System Design, DSA, OOP. Worked on Optimized algorithms. 5 years of experience.",Software Engineer,5,Senior
997,"Experienced in System Design, DSA, Java. Worked on Developed backend system. 5 years of experience.",Software Engineer,5,Senior
998,"Experienced in OOP, C++, Java. Worked on Optimized algorithms. 5 years of experience.",Software Engineer,5,Senior
999,"Experienced in Java, C++, Python. Worked on Developed backend system. 2 years of experience.",Software Engineer,2,Mid
1000,"Experienced in OOP, C++, System Design. Worked on Optimized algorithms. 0 years of experience.",Software Engineer,0,Junior
1001,"Experienced in C++, Python, System Design. Worked on Built REST API. 0 years of experience.",Software Engineer,0,Junior
1002,"Experienced in System Design, DSA, C++. Worked on Optimized algorithms. 4 years of experience.",Software Engineer,4,Senior
1003,"Experienced in Java, C++, System Design. Worked on Built REST API. 4 years of experience.",Software Engineer,4,Senior
1004,"Experienced in System Design, C++, OOP. Worked on Developed backend system. 1 years of experience.",Software Engineer,1,Junior
1005,"Experienced in OOP, DSA, Python. Worked on Optimized algorithms. 4 years of experience.",Software Engineer,4,Senior
1006,"Experienced in Python, C++, OOP. Worked on Developed backend system. 4 years of experience.",Software Engineer,4,Senior
1007,"Experienced in System Design, OOP, Python. Worked on Developed backend system. 0 years of experience.",Software Engineer,0,Junior
1008,"Experienced in Java, OOP, DSA. Worked on Optimized algorithms. 5 years of experience.",Software Engineer,5,Senior
1009,"Experienced in DSA, System Design, Java. Worked on Developed backend system. 2 years of experience.",Software Engineer,2,Mid
1010,"Experienced in OOP, Java, System Design. Worked on Built REST API. 5 years of experience.",Software Engineer,5,Senior
1011,"Experienced in OOP, System Design, Java. Worked on Developed backend system. 3 years of experience.",Software Engineer,3,Mid
1012,"Experienced in OOP, DSA, System Design. Worked on Optimized algorithms. 5 years of experience.",Software Engineer,5,Senior
1013,"Experienced in Python, System Design, Java. Worked on Developed backend system. 2 years of experience.",Software Engineer,2,Mid
1014,"Experienced in C++, DSA, Python. Worked on Optimized algorithms. 3 years of experience.",Software Engineer,3,Mid
1015,"Experienced in System Design, Python, Java. Worked on Optimized algorithms. 3 years of experience.",Software Engineer,3,Mid
1016,"Experienced in OOP, System Design, C++. Worked on Optimized algorithms. 3 years of experience.",Software Engineer,3,Mid
1017,"Experienced in OOP, Python, Java. Worked on Developed backend system. 1 years of experience.",Software Engineer,1,Junior
1018,"Experienced in DSA, C++, Java. Worked on Developed backend system. 1 years of experience.",Software Engineer,1,Junior
1019,"Experienced in DSA, Java, System Design. Worked on Developed backend system. 1 years of experience.",Software Engineer,1,Junior
1020,"Experienced in System Design, DSA, C++. Worked on Optimized algorithms. 4 years of experience.",Software Engineer,4,Senior
1021,"Experienced in Python, C++, OOP. Worked on Optimized algorithms. 5 years of experience.",Software Engineer,5,Senior
1022,"Experienced in C++, OOP, System Design. Worked on Optimized algorithms. 3 years of experience.",Software Engineer,3,Mid
1023,"Experienced in C++, System Design, DSA. Worked on Built REST API. 1 years of experience.",Software Engineer,1,Junior
1024,"Experienced in System Design, Java, C++. Worked on Optimized algorithms. 0 years of experience.",Software Engineer,0,Junior
1025,"Experienced in Java, System Design, Python. Worked on Developed backend system. 1 years of experience.",Software Engineer,1,Junior
1026,"Experienced in Python, Java, DSA. Worked on Developed backend system. 1 years of experience.",Software Engineer,1,Junior
1027,"Experienced in System Design, DSA, OOP. Worked on Optimized algorithms. 0 years of experience.",Software Engineer,0,Junior
1028,"Experienced in System Design, OOP, C++. Worked on Optimized algorithms. 3 years of experience.",Software Engineer,3,Mid
1029,"Experienced in OOP, DSA, Python. Worked on Developed backend system. 1 years of experience.",Software Engineer,1,Junior
1030,"Experienced in C++, Java, System Design. Worked on Developed backend system. 2 years of experience.",Software Engineer,2,Mid
1031,"Experienced in OOP, Python, DSA. Worked on Built REST API. 1 years of experience.",Software Engineer,1,Junior
1032,"Experienced in Python, OOP, System Design. Worked on Built REST API. 5 years of experience.",Software Engineer,5,Senior
1033,"Experienced in DSA, Python, Java. Worked on Optimized algorithms. 3 years of experience.",Software Engineer,3,Mid
1034,"Experienced in C++, Python, OOP. Worked on Optimized algorithms. 2 years of experience.",Software Engineer,2,Mid
1035,"Experienced in OOP, DSA, Python. Worked on Optimized algorithms. 2 years of experience.",Software Engineer,2,Mid
1036,"Experienced in Java, OOP, DSA. Worked on Built REST API. 1 years of experience.",Software Engineer,1,Junior
1037,"Experienced in OOP, System Design, C++. Worked on Built REST API. 4 years of experience.",Software Engineer,4,Senior
1038,"Experienced in System Design, Java, Python. Worked on Built REST API. 3 years of experience.",Software Engineer,3,Mid
1039,"Experienced in DSA, C++, System Design. Worked on Built REST API. 5 years of experience.",Software Engineer,5,Senior
1040,"Experienced in System Design, DSA, Python. Worked on Built REST API. 3 years of experience.",Software Engineer,3,Mid
1041,"Experienced in DSA, Python, Java. Worked on Optimized algorithms. 5 years of experience.",Software Engineer,5,Senior
1042,"Experienced in C++, System Design, OOP. Worked on Developed backend system. 2 years of experience.",Software Engineer,2,Mid
1043,"Experienced in DSA, System Design, C++. Worked on Built REST API. 0 years of experience.",Software Engineer,0,Junior
1044,"Experienced in DSA, OOP, System Design. Worked on Built REST API. 2 years of experience.",Software Engineer,2,Mid
1045,"Experienced in System Design, DSA, C++. Worked on Built REST API. 2 years of experience.",Software Engineer,2,Mid
1046,"Experienced in C++, System Design, OOP. Worked on Developed backend system. 3 years of experience.",Software Engineer,3,Mid
1047,"Experienced in DSA, Java, OOP. Worked on Developed backend system. 3 years of experience.",Software Engineer,3,Mid
1048,"Experienced in OOP, C++, Java. Worked on Optimized algorithms. 4 years of experience.",Software Engineer,4,Senior
1049,"Experienced in System Design, Java, C++. Worked on Built REST API. 5 years of experience.",Software Engineer,5,Senior
1050,"Experienced in Python, Java, System Design. Worked on Optimized algorithms. 2 years of experience.",Software Engineer,2,Mid
1051,"Experienced in Python, DSA, System Design. Worked on Developed backend system. 4 years of experience.",Software Engineer,4,Senior
1052,"Experienced in Java, DSA, System Design. Worked on Built REST API. 0 years of experience.",Software Engineer,0,Junior
1053,"Experienced in Java, Python, DSA. Worked on Built REST API. 3 years of experience.",Software Engineer,3,Mid
1054,"Experienced in C++, DSA, System Design. Worked on Built REST API. 5 years of experience.",Software Engineer,5,Senior
1055,"Experienced in OOP, DSA, C++. Worked on Built REST API. 2 years of experience.",Software Engineer,2,Mid
1056,"Experienced in Python, Java, OOP. Worked on Built REST API. 0 years of experience.",Software Engineer,0,Junior
1057,"Experienced in C++, DSA, System Design. Worked on Optimized algorithms. 0 years of experience.",Software Engineer,0,Junior
1058,"Experienced in DSA, C++, System Design. Worked on Built REST API. 2 years of experience.",Software Engineer,2,Mid
1059,"Experienced in DSA, OOP, System Design. Worked on Optimized algorithms. 1 years of experience.",Software Engineer,1,Junior
1060,"Experienced in System Design, DSA, C++. Worked on Built REST API. 5 years of experience.",Software Engineer,5,Senior
1061,"Experienced in DSA, C++, Java. Worked on Built REST API. 1 years of experience.",Software Engineer,1,Junior
1062,"Experienced in Java, OOP, DSA. Worked on Developed backend system. 3 years of experience.",Software Engineer,3,Mid
1063,"Experienced in System Design, Java, C++. Worked on Developed backend system. 2 years of experience.",Software Engineer,2,Mid
1064,"Experienced in Java, C++, DSA. Worked on Optimized algorithms. 2 years of experience.",Software Engineer,2,Mid
1065,"Experienced in System Design, C++, OOP. Worked on Built REST API. 2 years of experience.",Software Engineer,2,Mid
1066,"Experienced in C++, OOP, System Design. Worked on Built REST API. 2 years of experience.",Software Engineer,2,Mid
1067,"Experienced in C++, OOP, Java. Worked on Optimized algorithms. 1 years of experience.",Software Engineer,1,Junior
1068,"Experienced in C++, DSA, Python. Worked on Developed backend system. 2 years of experience.",Software Engineer,2,Mid
1069,"Experienced in Python, OOP, System Design. Worked on Optimized algorithms. 0 years of experience.",Software Engineer,0,Junior
1070,"Experienced in Python, DSA, C++. Worked on Built REST API. 1 years of experience.",Software Engineer,1,Junior
1071,"Experienced in Python, OOP, System Design. Worked on Built REST API. 5 years of experience.",Software Engineer,5,Senior
1072,"Experienced in C++, Java, Python. Worked on Optimized algorithms. 0 years of experience.",Software Engineer,0,Junior
1073,"Experienced in Python, OOP, Java. Worked on Developed backend system. 3 years of experience.",Software Engineer,3,Mid
1074,"Experienced in DSA, OOP, Python. Worked on Optimized algorithms. 3 years of experience.",Software Engineer,3,Mid
1075,"Experienced in System Design, DSA, OOP. Worked on Optimized algorithms. 5 years of experience.",Software Engineer,5,Senior
1076,"Experienced in Python, Java, OOP. Worked on Optimized algorithms. 4 years of experience.",Software Engineer,4,Senior
1077,"Experienced in System Design, Java, DSA. Worked on Built REST API. 3 years of experience.",Software Engineer,3,Mid
1078,"Experienced in System Design, DSA, Python. Worked on Built REST API. 1 years of experience.",Software Engineer,1,Junior
1079,"Experienced in OOP, Java, DSA. Worked on Built REST API. 1 years of experience.",Software Engineer,1,Junior
1080,"Experienced in OOP, Python, DSA. Worked on Developed backend system. 4 years of experience.",Software Engineer,4,Senior
1081,"Experienced in C++, DSA, Python. Worked on Developed backend system. 1 years of experience.",Software Engineer,1,Junior
1082,"Experienced in System Design, OOP, Java. Worked on Developed backend system. 2 years of experience.",Software Engineer,2,Mid
1083,"Experienced in System Design, C++, Java. Worked on Optimized algorithms. 2 years of experience.",Software Engineer,2,Mid
1084,"Experienced in Java, System Design, OOP. Worked on Built REST API. 1 years of experience.",Software Engineer,1,Junior
1085,"Experienced in Java, System Design, C++. Worked on Developed backend system. 2 years of experience.",Software Engineer,2,Mid
1086,"Experienced in OOP, Java, System Design. Worked on Built REST API. 1 years of experience.",Software Engineer,1,Junior
1087,"Experienced in DSA, C++, System Design. Worked on Optimized algorithms. 1 years of experience.",Software Engineer,1,Junior
1088,"Experienced in Python, OOP, C++. Worked on Built REST API. 2 years of experience.",Software Engineer,2,Mid
1089,"Experienced in Java, C++, DSA. Worked on Developed backend system. 5 years of experience.",Software Engineer,5,Senior
1090,"Experienced in OOP, System Design, Python. Worked on Built REST API. 3 years of experience.",Software Engineer,3,Mid
1091,"Experienced in OOP, Java, C++. Worked on Built REST API. 1 years of experience.",Software Engineer,1,Junior
1092,"Experienced in OOP, DSA, C++. Worked on Built REST API. 4 years of experience.",Software Engineer,4,Senior
1093,"Experienced in Python, System Design, OOP. Worked on Developed backend system. 1 years of experience.",Software Engineer,1,Junior
1094,"Experienced in Python, DSA, System Design. Worked on Built REST API. 2 years of experience.",Software Engineer,2,Mid
1095,"Experienced in OOP, System Design, DSA. Worked on Built REST API. 4 years of experience.",Software Engineer,4,Senior
1096,"Experienced in System Design, C++, DSA. Worked on Developed backend system. 4 years of experience.",Software Engineer,4,Senior
1097,"Experienced in C++, DSA, Python. Worked on Optimized algorithms. 0 years of experience.",Software Engineer,0,Junior
1098,"Experienced in Python, OOP, DSA. Worked on Built REST API. 0 years of experience.",Software Engineer,0,Junior
1099,"Experienced in OOP, Java, System Design. Worked on Developed backend system. 4 years of experience.",Software Engineer,4,Senior
1100,"Experienced in System Design, Python, Java. Worked on Optimized algorithms. 1 years of experience.",Software Engineer,1,Junior
1101,"Experienced in System Design, Java, DSA. Worked on Developed backend system. 1 years of experience.",Software Engineer,1,Junior
1102,"Experienced in C++, Java, System Design. Worked on Developed backend system. 3 years of experience.",Software Engineer,3,Mid
1103,"Experienced in OOP, System Design, Python. Worked on Developed backend system. 4 years of experience.",Software Engineer,4,Senior
1104,"Experienced in DSA, OOP, Java. Worked on Optimized algorithms. 2 years of experience.",Software Engineer,2,Mid
1105,"Experienced in OOP, Python, Java. Worked on Built REST API. 5 years of experience.",Software Engineer,5,Senior
1106,"Experienced in OOP, System Design, Python. Worked on Built REST API. 5 years of experience.",Software Engineer,5,Senior
1107,"Experienced in System Design, Python, DSA. Worked on Developed backend system. 5 years of experience.",Software Engineer,5,Senior
1108,"Experienced in Python, DSA, Java. Worked on Optimized algorithms. 1 years of experience.",Software Engineer,1,Junior
1109,"Experienced in C++, Python, DSA. Worked on Developed backend system. 1 years of experience.",Software Engineer,1,Junior
1110,"Experienced in C++, System Design, OOP. Worked on Developed backend system. 2 years of experience.",Software Engineer,2,Mid
1111,"Experienced in DSA, OOP, Java. Worked on Built REST API. 4 years of experience.",Software Engineer,4,Senior
1112,"Experienced in Python, Java, DSA. Worked on Built REST API. 5 years of experience.",Software Engineer,5,Senior
1113,"Experienced in System Design, DSA, C++. Worked on Optimized algorithms. 1 years of experience.",Software Engineer,1,Junior
1114,"Experienced in DSA, C++, Java. Worked on Optimized algorithms. 5 years of experience.",Software Engineer,5,Senior
1115,"Experienced in Java, C++, System Design. Worked on Optimized algorithms. 4 years of experience.",Software Engineer,4,Senior
1116,"Experienced in DSA, OOP, System Design. Worked on Optimized algorithms. 0 years of experience.",Software Engineer,0,Junior
1117,"Experienced in OOP, Python, System Design. Worked on Built REST API. 3 years of experience.",Software Engineer,3,Mid
1118,"Experienced in DSA, System Design, C++. Worked on Optimized algorithms. 2 years of experience.",Software Engineer,2,Mid
1119,"Experienced in DSA, System Design, OOP. Worked on Developed backend system. 1 years of experience.",Software Engineer,1,Junior
1120,"Experienced in System Design, OOP, C++. Worked on Built REST API. 5 years of experience.",Software Engineer,5,Senior
1121,"Experienced in Java, Python, DSA. Worked on Developed backend system. 2 years of experience.",Software Engineer,2,Mid
1122,"Experienced in C++, Python, System Design. Worked on Optimized algorithms. 0 years of experience.",Software Engineer,0,Junior
1123,"Experienced in Python, C++, OOP. Worked on Built REST API. 0 years of experience.",Software Engineer,0,Junior
1124,"Experienced in OOP, System Design, Java. Worked on Built REST API. 2 years of experience.",Software Engineer,2,Mid
1125,"Experienced in Python, System Design, DSA. Worked on Optimized algorithms. 1 years of experience.",Software Engineer,1,Junior
1126,"Experienced in DSA, System Design, Python. Worked on Developed backend system. 1 years of experience.",Software Engineer,1,Junior
1127,"Experienced in Java, C++, OOP. Worked on Optimized algorithms. 5 years of experience.",Software Engineer,5,Senior
1128,"Experienced in Java, C++, OOP. Worked on Optimized algorithms. 5 years of experience.",Software Engineer,5,Senior
1129,"Experienced in System Design, Java, DSA. Worked on Developed backend system. 4 years of experience.",Software Engineer,4,Senior
1130,"Experienced in C++, Python, DSA. Worked on Optimized algorithms. 5 years of experience.",Software Engineer,5,Senior
1131,"Experienced in Python, OOP, DSA. Worked on Developed backend system. 5 years of experience.",Software Engineer,5,Senior
1132,"Experienced in C++, OOP, Java. Worked on Developed backend system. 4 years of experience.",Software Engineer,4,Senior
1133,"Experienced in Python, Java, OOP. Worked on Built REST API. 4 years of experience.",Software Engineer,4,Senior
1134,"Experienced in System Design, Java, OOP. Worked on Optimized algorithms. 4 years of experience.",Software Engineer,4,Senior
1135,"Experienced in OOP, C++, DSA. Worked on Built REST API. 4 years of experience.",Software Engineer,4,Senior
1136,"Experienced in System Design, OOP, DSA. Worked on Developed backend system. 2 years of experience.",Software Engineer,2,Mid
1137,"Experienced in OOP, System Design, C++. Worked on Developed backend system. 1 years of experience.",Software Engineer,1,Junior
1138,"Experienced in C++, System Design, Python. Worked on Optimized algorithms. 3 years of experience.",Software Engineer,3,Mid
1139,"Experienced in Java, OOP, DSA. Worked on Developed backend system. 4 years of experience.",Software Engineer,4,Senior
1140,"Experienced in Python, System Design, C++. Worked on Developed backend system. 1 years of experience.",Software Engineer,1,Junior
1141,"Experienced in Python, OOP, Java. Worked on Optimized algorithms. 4 years of experience.",Software Engineer,4,Senior
1142,"Experienced in Java, Python, C++. Worked on Built REST API. 0 years of experience.",Software Engineer,0,Junior
1143,"Experienced in DSA, System Design, Python. Worked on Built REST API. 2 years of experience.",Software Engineer,2,Mid
1144,"Experienced in DSA, OOP, System Design. Worked on Developed backend system. 1 years of experience.",Software Engineer,1,Junior
1145,"Experienced in C++, Java, OOP. Worked on Optimized algorithms. 1 years of experience.",Software Engineer,1,Junior
1146,"Experienced in DSA, Python, C++. Worked on Developed backend system. 5 years of experience.",Software Engineer,5,Senior
1147,"Experienced in C++, Java, DSA. Worked on Developed backend system. 0 years of experience.",Software Engineer,0,Junior
1148,"Experienced in C++, DSA, System Design. Worked on Optimized algorithms. 5 years of experience.",Software Engineer,5,Senior
1149,"Experienced in Python, Java, OOP. Worked on Developed backend system. 5 years of experience.",Software Engineer,5,Senior
1150,"Experienced in System Design, DSA, OOP. Worked on Developed backend system. 1 years of experience.",Software Engineer,1,Junior
1151,"Experienced in Python, System Design, C++. Worked on Optimized algorithms. 0 years of experience.",Software Engineer,0,Junior
1152,"Experienced in OOP, Java, System Design. Worked on Built REST API. 1 years of experience.",Software Engineer,1,Junior
1153,"Experienced in C++, DSA, OOP. Worked on Optimized algorithms. 2 years of experience.",Software Engineer,2,Mid
1154,"Experienced in Python, DSA, OOP. Worked on Optimized algorithms. 2 years of experience.",Software Engineer,2,Mid
1155,"Experienced in C++, Java, System Design. Worked on Built REST API. 5 years of experience.",Software Engineer,5,Senior
1156,"Experienced in DSA, Java, OOP. Worked on Optimized algorithms. 0 years of experience.",Software Engineer,0,Junior
1157,"Experienced in OOP, Java, Python. Worked on Built REST API. 4 years of experience.",Software Engineer,4,Senior
1158,"Experienced in Python, OOP, C++. Worked on Optimized algorithms. 1 years of experience.",Software Engineer,1,Junior
1159,"Experienced in DSA, OOP, Python. Worked on Built REST API. 5 years of experience.",Software Engineer,5,Senior
1160,"Experienced in C++, DSA, OOP. Worked on Developed backend system. 4 years of experience.",Software Engineer,4,Senior
1161,"Experienced in DSA, Python, System Design. Worked on Built REST API. 0 years of experience.",Software Engineer,0,Junior
1162,"Experienced in System Design, DSA, OOP. Worked on Developed backend system. 2 years of experience.",Software Engineer,2,Mid
1163,"Experienced in OOP, C++, System Design. Worked on Optimized algorithms. 3 years of experience.",Software Engineer,3,Mid
1164,"Experienced in DSA, OOP, C++. Worked on Built REST API. 1 years of experience.",Software Engineer,1,Junior
1165,"Experienced in Python, DSA, System Design. Worked on Developed backend system. 4 years of experience.",Software Engineer,4,Senior
1166,"Experienced in C++, Java, System Design. Worked on Built REST API. 1 years of experience.",Software Engineer,1,Junior
1167,"Experienced in C++, System Design, Java. Worked on Developed backend system. 4 years of experience.",Software Engineer,4,Senior
1168,"Experienced in Java, DSA, System Design. Worked on Optimized algorithms. 2 years of experience.",Software Engineer,2,Mid
1169,"Experienced in OOP, System Design, DSA. Worked on Developed backend system. 3 years of experience.",Software Engineer,3,Mid
1170,"Experienced in DSA, C++, System Design. Worked on Built REST API. 4 years of experience.",Software Engineer,4,Senior
1171,"Experienced in Java, System Design, Python. Worked on Built REST API. 1 years of experience.",Software Engineer,1,Junior
1172,"Experienced in OOP, Java, DSA. Worked on Built REST API. 3 years of experience.",Software Engineer,3,Mid
1173,"Experienced in OOP, Java, System Design. Worked on Optimized algorithms. 2 years of experience.",Software Engineer,2,Mid
1174,"Experienced in DSA, C++, Java. Worked on Optimized algorithms. 0 years of experience.",Software Engineer,0,Junior
1175,"Experienced in C++, DSA, Java. Worked on Developed backend system. 2 years of experience.",Software Engineer,2,Mid
1176,"Experienced in Java, System Design, DSA. Worked on Developed backend system. 5 years of experience.",Software Engineer,5,Senior
1177,"Experienced in Java, DSA, System Design. Worked on Optimized algorithms. 1 years of experience.",Software Engineer,1,Junior
1178,"Experienced in System Design, DSA, C++. Worked on Optimized algorithms. 1 years of experience.",Software Engineer,1,Junior
1179,"Experienced in C++, Python, Java. Worked on Built REST API. 5 years of experience.",Software Engineer,5,Senior
1180,"Experienced in System Design, Java, DSA. Worked on Built REST API. 5 years of experience.",Software Engineer,5,Senior
1181,"Experienced in System Design, C++, OOP. Worked on Optimized algorithms. 2 years of experience.",Software Engineer,2,Mid
1182,"Experienced in OOP, Python, System Design. Worked on Developed backend system. 2 years of experience.",Software Engineer,2,Mid
1183,"Experienced in Python, OOP, Java. Worked on Developed backend system. 3 years of experience.",Software Engineer,3,Mid
1184,"Experienced in DSA, Java, System Design. Worked on Developed backend system. 5 years of experience.",Software Engineer,5,Senior
1185,"Experienced in Java, System Design, Python. Worked on Built REST API. 2 years of experience.",Software Engineer,2,Mid
1186,"Experienced in C++, Python, Java. Worked on Developed backend system. 3 years of experience.",Software Engineer,3,Mid
1187,"Experienced in System Design, OOP, C++. Worked on Optimized algorithms. 5 years of experience.",Software Engineer,5,Senior
1188,"Experienced in C++, Java, OOP. Worked on Developed backend system. 4 years of experience.",Software Engineer,4,Senior
1189,"Experienced in Python, System Design, C++. Worked on Built REST API. 4 years of experience.",Software Engineer,4,Senior
1190,"Experienced in C++, Python, OOP. Worked on Developed backend system. 2 years of experience.",Software Engineer,2,Mid
1191,"Experienced in DSA, C++, Python. Worked on Developed backend system. 2 years of experience.",Software Engineer,2,Mid
1192,"Experienced in DSA, Java, System Design. Worked on Optimized algorithms. 4 years of experience.",Software Engineer,4,Senior
1193,"Experienced in Java, OOP, C++. Worked on Built REST API. 1 years of experience.",Software Engineer,1,Junior
1194,"Experienced in Java, OOP, DSA. Worked on Built REST API. 5 years of experience.",Software Engineer,5,Senior
1195,"Experienced in C++, DSA, OOP. Worked on Optimized algorithms. 3 years of experience.",Software Engineer,3,Mid
1196,"Experienced in DSA, Java, System Design. Worked on Developed backend system. 3 years of experience.",Software Engineer,3,Mid
1197,"Experienced in System Design, OOP, Java. Worked on Developed backend system. 3 years of experience.",Software Engineer,3,Mid
1198,"Experienced in OOP, C++, Java. Worked on Optimized algorithms. 1 years of experience.",Software Engineer,1,Junior
1199,"Experienced in C++, System Design, Python. Worked on Built REST API. 2 years of experience.",Software Engineer,2,Mid
1200,"Experienced in System Design, C++, OOP. Worked on Optimized algorithms. 5 years of experience.",Software Engineer,5,Senior
1201,"Experienced in C++, Python, System Design. Worked on Developed backend system. 4 years of experience.",Software Engineer,4,Senior
1202,"Experienced in Java, System Design, Python. Worked on Optimized algorithms. 4 years of experience.",Software Engineer,4,Senior
1203,"Experienced in Java, C++, Python. Worked on Developed backend system. 1 years of experience.",Software Engineer,1,Junior
1204,"Experienced in Java, System Design, Python. Worked on Built REST API. 1 years of experience.",Software Engineer,1,Junior
1205,"Experienced in System Design, Python, C++. Worked on Built REST API. 4 years of experience.",Software Engineer,4,Senior
1206,"Experienced in System Design, Python, Java. Worked on Built REST API. 4 years of experience.",Software Engineer,4,Senior
1207,"Experienced in Python, C++, System Design. Worked on Developed backend system. 0 years of experience.",Software Engineer,0,Junior
1208,"Experienced in DSA, C++, OOP. Worked on Optimized algorithms. 3 years of experience.",Software Engineer,3,Mid
1209,"Experienced in C++, System Design, Python. Worked on Built REST API. 4 years of experience.",Software Engineer,4,Senior
1210,"Experienced in Java, System Design, Python. Worked on Developed backend system. 4 years of experience.",Software Engineer,4,Senior
1211,"Experienced in DSA, System Design, C++. Worked on Developed backend system. 3 years of experience.",Software Engineer,3,Mid
1212,"Experienced in Java, OOP, C++. Worked on Developed backend system. 2 years of experience.",Software Engineer,2,Mid
1213,"Experienced in C++, DSA, Python. Worked on Developed backend system. 5 years of experience.",Software Engineer,5,Senior
1214,"Experienced in Python, OOP, DSA. Worked on Built REST API. 5 years of experience.",Software Engineer,5,Senior
1215,"Experienced in Python, DSA, C++. Worked on Developed backend system. 3 years of experience.",Software Engineer,3,Mid
1216,"Experienced in OOP, DSA, Python. Worked on Optimized algorithms. 4 years of experience.",Software Engineer,4,Senior
1217,"Experienced in C++, DSA, OOP. Worked on Built REST API. 3 years of experience.",Software Engineer,3,Mid
1218,"Experienced in DSA, Java, System Design. Worked on Developed backend system. 2 years of experience.",Software Engineer,2,Mid
1219,"Experienced in Java, OOP, System Design. Worked on Optimized algorithms. 3 years of experience.",Software Engineer,3,Mid
1220,"Experienced in Java, OOP, C++. Worked on Optimized algorithms. 5 years of experience.",Software Engineer,5,Senior
1221,"Experienced in Java, C++, Python. Worked on Optimized algorithms. 4 years of experience.",Software Engineer,4,Senior
1222,"Experienced in Python, DSA, C++. Worked on Built REST API. 3 years of experience.",Software Engineer,3,Mid
1223,"Experienced in Java, System Design, C++. Worked on Developed backend system. 0 years of experience.",Software Engineer,0,Junior
1224,"Experienced in Java, OOP, C++. Worked on Optimized algorithms. 4 years of experience.",Software Engineer,4,Senior
1225,"Experienced in OOP, Python, DSA. Worked on Optimized algorithms. 3 years of experience.",Software Engineer,3,Mid
1226,"Experienced in DSA, OOP, Java. Worked on Optimized algorithms. 1 years of experience.",Software Engineer,1,Junior
1227,"Experienced in Java, System Design, C++. Worked on Built REST API. 3 years of experience.",Software Engineer,3,Mid
1228,"Experienced in OOP, Python, System Design. Worked on Developed backend system. 4 years of experience.",Software Engineer,4,Senior
1229,"Experienced in DSA, C++, System Design. Worked on Optimized algorithms. 1 years of experience.",Software Engineer,1,Junior
1230,"Experienced in C++, DSA, System Design. Worked on Optimized algorithms. 4 years of experience.",Software Engineer,4,Senior
1231,"Experienced in Python, System Design, C++. Worked on Built REST API. 1 years of experience.",Software Engineer,1,Junior
1232,"Experienced in System Design, DSA, OOP. Worked on Optimized algorithms. 0 years of experience.",Software Engineer,0,Junior
1233,"Experienced in C++, DSA, System Design. Worked on Built REST API. 4 years of experience.",Software Engineer,4,Senior
1234,"Experienced in DSA, OOP, System Design. Worked on Developed backend system. 3 years of experience.",Software Engineer,3,Mid
1235,"Experienced in System Design, C++, Python. Worked on Optimized algorithms. 4 years of experience.",Software Engineer,4,Senior
1236,"Experienced in DSA, Python, System Design. Worked on Developed backend system. 2 years of experience.",Software Engineer,2,Mid
1237,"Experienced in Java, OOP, Python. Worked on Built REST API. 1 years of experience.",Software Engineer,1,Junior
1238,"Experienced in System Design, C++, Python. Worked on Developed backend system. 2 years of experience.",Software Engineer,2,Mid
1239,"Experienced in Python, OOP, Java. Worked on Built REST API. 3 years of experience.",Software Engineer,3,Mid
1240,"Experienced in DSA, System Design, Python. Worked on Developed backend system. 3 years of experience.",Software Engineer,3,Mid
1241,"Experienced in DSA, C++, System Design. Worked on Optimized algorithms. 0 years of experience.",Software Engineer,0,Junior
1242,"Experienced in Java, DSA, OOP. Worked on Built REST API. 1 years of experience.",Software Engineer,1,Junior
1243,"Experienced in DSA, System Design, Python. Worked on Optimized algorithms. 1 years of experience.",Software Engineer,1,Junior
1244,"Experienced in Python, System Design, OOP. Worked on Optimized algorithms. 4 years of experience.",Software Engineer,4,Senior
1245,"Experienced in DSA, System Design, C++. Worked on Optimized algorithms. 0 years of experience.",Software Engineer,0,Junior
1246,"Experienced in C++, System Design, Java. Worked on Built REST API. 0 years of experience.",Software Engineer,0,Junior
1247,"Experienced in System Design, DSA, Python. Worked on Developed backend system. 2 years of experience.",Software Engineer,2,Mid
1248,"Experienced in C++, DSA, Java. Worked on Built REST API. 3 years of experience.",Software Engineer,3,Mid
1249,"Experienced in C++, Java, System Design. Worked on Developed backend system. 1 years of experience.",Software Engineer,1,Junior
1250,"Experienced in C++, OOP, Java. Worked on Optimized algorithms. 4 years of experience.",Software Engineer,4,Senior
1251,"Experienced in C++, System Design, Java. Worked on Developed backend system. 0 years of experience.",Software Engineer,0,Junior
1252,"Experienced in DSA, OOP, Python. Worked on Developed backend system. 0 years of experience.",Software Engineer,0,Junior
1253,"Experienced in OOP, Java, System Design. Worked on Developed backend system. 5 years of experience.",Software Engineer,5,Senior
1254,"Experienced in OOP, System Design, C++. Worked on Optimized algorithms. 1 years of experience.",Software Engineer,1,Junior
1255,"Experienced in DSA, Python, System Design. Worked on Developed backend system. 3 years of experience.",Software Engineer,3,Mid
1256,"Experienced in DSA, OOP, System Design. Worked on Developed backend system. 5 years of experience.",Software Engineer,5,Senior
1257,"Experienced in C++, Python, Java. Worked on Developed backend system. 4 years of experience.",Software Engineer,4,Senior
1258,"Experienced in OOP, DSA, Java. Worked on Built REST API. 5 years of experience.",Software Engineer,5,Senior
1259,"Experienced in Python, DSA, C++. Worked on Developed backend system. 1 years of experience.",Software Engineer,1,Junior
1260,"Experienced in C++, System Design, OOP. Worked on Built REST API. 1 years of experience.",Software Engineer,1,Junior
1261,"Experienced in C++, System Design, DSA. Worked on Built REST API. 4 years of experience.",Software Engineer,4,Senior
1262,"Experienced in C++, Python, System Design. Worked on Optimized algorithms. 3 years of experience.",Software Engineer,3,Mid
1263,"Experienced in C++, OOP, Python. Worked on Optimized algorithms. 2 years of experience.",Software Engineer,2,Mid
1264,"Experienced in C++, Java, DSA. Worked on Optimized algorithms. 3 years of experience.",Software Engineer,3,Mid
1265,"Experienced in OOP, Python, DSA. Worked on Built REST API. 0 years of experience.",Software Engineer,0,Junior
1266,"Experienced in System Design, C++, DSA. Worked on Developed backend system. 1 years of experience.",Software Engineer,1,Junior
1267,"Experienced in System Design, Python, C++. Worked on Optimized algorithms. 1 years of experience.",Software Engineer,1,Junior
1268,"Experienced in DSA, C++, Python. Worked on Built REST API. 5 years of experience.",Software Engineer,5,Senior
1269,"Experienced in C++, DSA, OOP. Worked on Developed backend system. 4 years of experience.",Software Engineer,4,Senior
1270,"Experienced in Java, C++, System Design. Worked on Developed backend system. 5 years of experience.",Software Engineer,5,Senior
1271,"Experienced in DSA, System Design, Python. Worked on Built REST API. 3 years of experience.",Software Engineer,3,Mid
1272,"Experienced in Python, OOP, System Design. Worked on Built REST API. 4 years of experience.",Software Engineer,4,Senior
1273,"Experienced in Python, OOP, System Design. Worked on Built REST API. 0 years of experience.",Software Engineer,0,Junior
1274,"Experienced in System Design, DSA, Python. Worked on Developed backend system. 0 years of experience.",Software Engineer,0,Junior
1275,"Experienced in OOP, System Design, Python. Worked on Built REST API. 3 years of experience.",Software Engineer,3,Mid
1276,"Experienced in System Design, OOP, Java. Worked on Built REST API. 3 years of experience.",Software Engineer,3,Mid
1277,"Experienced in C++, Python, OOP. Worked on Developed backend system. 3 years of experience.",Software Engineer,3,Mid
1278,"Experienced in OOP, C++, Python. Worked on Optimized algorithms. 0 years of experience.",Software Engineer,0,Junior
1279,"Experienced in Java, DSA, OOP. Worked on Developed backend system. 2 years of experience.",Software Engineer,2,Mid
1280,"Experienced in Java, OOP, Python. Worked on Built REST API. 0 years of experience.",Software Engineer,0,Junior
1281,"Experienced in C++, DSA, Java. Worked on Built REST API. 3 years of experience.",Software Engineer,3,Mid
1282,"Experienced in OOP, System Design, Python. Worked on Optimized algorithms. 1 years of experience.",Software Engineer,1,Junior
1283,"Experienced in Python, DSA, System Design. Worked on Optimized algorithms. 3 years of experience.",Software Engineer,3,Mid
1284,"Experienced in DSA, Java, Python. Worked on Developed backend system. 3 years of experience.",Software Engineer,3,Mid
1285,"Experienced in Java, System Design, OOP. Worked on Built REST API. 1 years of experience.",Software Engineer,1,Junior
1286,"Experienced in DSA, C++, OOP. Worked on Developed backend system. 2 years of experience.",Software Engineer,2,Mid
1287,"Experienced in System Design, OOP, C++. Worked on Optimized algorithms. 0 years of experience.",Software Engineer,0,Junior
1288,"Experienced in C++, System Design, Python. Worked on Developed backend system. 3 years of experience.",Software Engineer,3,Mid
1289,"Experienced in C++, OOP, Python. Worked on Built REST API. 0 years of experience.",Software Engineer,0,Junior
1290,"Experienced in DSA, Java, Python. Worked on Built REST API. 2 years of experience.",Software Engineer,2,Mid
1291,"Experienced in Python, Java, DSA. Worked on Optimized algorithms. 2 years of experience.",Software Engineer,2,Mid
1292,"Experienced in Python, Java, OOP. Worked on Optimized algorithms. 3 years of experience.",Software Engineer,3,Mid
1293,"Experienced in C++, Java, DSA. Worked on Optimized algorithms. 4 years of experience.",Software Engineer,4,Senior
1294,"Experienced in Java, Python, DSA. Worked on Optimized algorithms. 2 years of experience.",Software Engineer,2,Mid
1295,"Experienced in Java, OOP, DSA. Worked on Built REST API. 5 years of experience.",Software Engineer,5,Senior
1296,"Experienced in OOP, Java, Python. Worked on Built REST API. 2 years of experience.",Software Engineer,2,Mid
1297,"Experienced in OOP, Java, System Design. Worked on Developed backend system. 2 years of experience.",Software Engineer,2,Mid
1298,"Experienced in C++, Java, Python. Worked on Built REST API. 5 years of experience.",Software Engineer,5,Senior
1299,"Experienced in OOP, C++, System Design. Worked on Built REST API. 0 years of experience.",Software Engineer,0,Junior
1300,"Experienced in Java, DSA, OOP. Worked on Developed backend system. 1 years of experience.",Software Engineer,1,Junior
1301,"Experienced in Java, C++, System Design. Worked on Developed backend system. 1 years of experience.",Software Engineer,1,Junior
1302,"Experienced in Python, OOP, Java. Worked on Optimized algorithms. 5 years of experience.",Software Engineer,5,Senior
1303,"Experienced in System Design, Java, OOP. Worked on Built REST API. 4 years of experience.",Software Engineer,4,Senior
1304,"Experienced in Java, OOP, DSA. Worked on Built REST API. 3 years of experience.",Software Engineer,3,Mid
1305,"Experienced in C++, DSA, System Design. Worked on Built REST API. 0 years of experience.",Software Engineer,0,Junior
1306,"Experienced in Python, System Design, Java. Worked on Built REST API. 5 years of experience.",Software Engineer,5,Senior
1307,"Experienced in OOP, Python, DSA. Worked on Developed backend system. 3 years of experience.",Software Engineer,3,Mid
1308,"Experienced in OOP, DSA, Python. Worked on Developed backend system. 0 years of experience.",Software Engineer,0,Junior
1309,"Experienced in Java, DSA, C++. Worked on Built REST API. 5 years of experience.",Software Engineer,5,Senior
1310,"Experienced in DSA, System Design, C++. Worked on Optimized algorithms. 0 years of experience.",Software Engineer,0,Junior
1311,"Experienced in System Design, DSA, Java. Worked on Optimized algorithms. 5 years of experience.",Software Engineer,5,Senior
1312,"Experienced in DSA, System Design, Python. Worked on Optimized algorithms. 5 years of experience.",Software Engineer,5,Senior
1313,"Experienced in C++, System Design, Java. Worked on Optimized algorithms. 3 years of experience.",Software Engineer,3,Mid
1314,"Experienced in Python, OOP, C++. Worked on Optimized algorithms. 5 years of experience.",Software Engineer,5,Senior
1315,"Experienced in Java, OOP, System Design. Worked on Developed backend system. 1 years of experience.",Software Engineer,1,Junior
1316,"Experienced in Python, OOP, DSA. Worked on Developed backend system. 3 years of experience.",Software Engineer,3,Mid
1317,"Experienced in Python, Java, DSA. Worked on Developed backend system. 3 years of experience.",Software Engineer,3,Mid
1318,"Experienced in C++, OOP, DSA. Worked on Optimized algorithms. 4 years of experience.",Software Engineer,4,Senior
1319,"Experienced in Java, DSA, OOP. Worked on Developed backend system. 1 years of experience.",Software Engineer,1,Junior
1320,"Experienced in Java, DSA, System Design. Worked on Built REST API. 1 years of experience.",Software Engineer,1,Junior
1321,"Experienced in DSA, Python, System Design. Worked on Developed backend system. 4 years of experience.",Software Engineer,4,Senior
1322,"Experienced in C++, System Design, Python. Worked on Built REST API. 2 years of experience.",Software Engineer,2,Mid
1323,"Experienced in DSA, C++, Python. Worked on Built REST API. 5 years of experience.",Software Engineer,5,Senior
1324,"Experienced in System Design, DSA, Python. Worked on Built REST API. 0 years of experience.",Software Engineer,0,Junior
1325,"Experienced in Python, Java, System Design. Worked on Optimized algorithms. 0 years of experience.",Software Engineer,0,Junior
1326,"Experienced in DSA, Python, C++. Worked on Developed backend system. 1 years of experience.",Software Engineer,1,Junior
1327,"Experienced in OOP, System Design, C++. Worked on Optimized algorithms. 1 years of experience.",Software Engineer,1,Junior
1328,"Experienced in Python, Java, OOP. Worked on Developed backend system. 4 years of experience.",Software Engineer,4,Senior
1329,"Experienced in DSA, System Design, OOP. Worked on Optimized algorithms. 5 years of experience.",Software Engineer,5,Senior
1330,"Experienced in DSA, Java, Python. Worked on Optimized algorithms. 1 years of experience.",Software Engineer,1,Junior
1331,"Experienced in DSA, Python, OOP. Worked on Built REST API. 0 years of experience.",Software Engineer,0,Junior
1332,"Experienced in Python, DSA, OOP. Worked on Built REST API. 1 years of experience.",Software Engineer,1,Junior
1333,"Experienced in Java, OOP, DSA. Worked on Optimized algorithms. 1 years of experience.",Software Engineer,1,Junior
1334,"Experienced in System Design, Java, DSA. Worked on Developed backend system. 1 years of experience.",Software Engineer,1,Junior
1335,"Experienced in Java, C++, System Design. Worked on Optimized algorithms. 3 years of experience.",Software Engineer,3,Mid
1336,"Experienced in C++, OOP, DSA. Worked on Developed backend system. 5 years of experience.",Software Engineer,5,Senior
1337,"Experienced in System Design, DSA, C++. Worked on Optimized algorithms. 5 years of experience.",Software Engineer,5,Senior
1338,"Experienced in DSA, OOP, Java. Worked on Optimized algorithms. 0 years of experience.",Software Engineer,0,Junior
1339,"Experienced in C++, Java, System Design. Worked on Developed backend system. 4 years of experience.",Software Engineer,4,Senior
1340,"Experienced in DSA, OOP, System Design. Worked on Developed backend system. 1 years of experience.",Software Engineer,1,Junior
1341,"Experienced in System Design, Java, Python. Worked on Developed backend system. 5 years of experience.",Software Engineer,5,Senior
1342,"Experienced in OOP, DSA, Java. Worked on Built REST API. 5 years of experience.",Software Engineer,5,Senior
1343,"Experienced in OOP, System Design, Java. Worked on Developed backend system. 4 years of experience.",Software Engineer,4,Senior
1344,"Experienced in Python, System Design, OOP. Worked on Built REST API. 1 years of experience.",Software Engineer,1,Junior
1345,"Experienced in C++, Java, OOP. Worked on Built REST API. 1 years of experience.",Software Engineer,1,Junior
1346,"Experienced in DSA, OOP, Java. Worked on Built REST API. 5 years of experience.",Software Engineer,5,Senior
1347,"Experienced in Python, DSA, Java. Worked on Optimized algorithms. 4 years of experience.",Software Engineer,4,Senior
1348,"Experienced in Java, DSA, Python. Worked on Developed backend system. 2 years of experience.",Software Engineer,2,Mid
1349,"Experienced in Java, C++, OOP. Worked on Developed backend system. 1 years of experience.",Software Engineer,1,Junior
1350,"Experienced in Java, C++, DSA. Worked on Built REST API. 3 years of experience.",Software Engineer,3,Mid
1351,"Experienced in C++, DSA, OOP. Worked on Optimized algorithms. 5 years of experience.",Software Engineer,5,Senior
1352,"Experienced in OOP, DSA, C++. Worked on Optimized algorithms. 1 years of experience.",Software Engineer,1,Junior
1353,"Experienced in OOP, DSA, Python. Worked on Built REST API. 3 years of experience.",Software Engineer,3,Mid
1354,"Experienced in C++, DSA, OOP. Worked on Developed backend system. 3 years of experience.",Software Engineer,3,Mid
1355,"Experienced in DSA, Python, C++. Worked on Optimized algorithms. 4 years of experience.",Software Engineer,4,Senior
1356,"Experienced in Java, OOP, Python. Worked on Developed backend system. 0 years of experience.",Software Engineer,0,Junior
1357,"Experienced in Java, DSA, OOP. Worked on Developed backend system. 2 years of experience.",Software Engineer,2,Mid
1358,"Experienced in System Design, OOP, DSA. Worked on Optimized algorithms. 1 years of experience.",Software Engineer,1,Junior
1359,"Experienced in DSA, OOP, Python. Worked on Built REST API. 4 years of experience.",Software Engineer,4,Senior
1360,"Experienced in OOP, DSA, Python. Worked on Developed backend system. 2 years of experience.",Software Engineer,2,Mid
1361,"Experienced in DSA, C++, System Design. Worked on Developed backend system. 4 years of experience.",Software Engineer,4,Senior
1362,"Experienced in C++, System Design, DSA. Worked on Optimized algorithms. 5 years of experience.",Software Engineer,5,Senior
1363,"Experienced in C++, Java, Python. Worked on Optimized algorithms. 5 years of experience.",Software Engineer,5,Senior
1364,"Experienced in DSA, OOP, Python. Worked on Built REST API. 3 years of experience.",Software Engineer,3,Mid
1365,"Experienced in DSA, Java, Python. Worked on Built REST API. 2 years of experience.",Software Engineer,2,Mid
1366,"Experienced in DSA, Java, System Design. Worked on Optimized algorithms. 4 years of experience.",Software Engineer,4,Senior
1367,"Experienced in C++, DSA, Java. Worked on Developed backend system. 2 years of experience.",Software Engineer,2,Mid
1368,"Experienced in Python, Java, OOP. Worked on Developed backend system. 0 years of experience.",Software Engineer,0,Junior
1369,"Experienced in DSA, OOP, System Design. Worked on Built REST API. 3 years of experience.",Software Engineer,3,Mid
1370,"Experienced in C++, Java, Python. Worked on Developed backend system. 5 years of experience.",Software Engineer,5,Senior
1371,"Experienced in C++, System Design, DSA. Worked on Optimized algorithms. 0 years of experience.",Software Engineer,0,Junior
1372,"Experienced in System Design, C++, Python. Worked on Developed backend system. 0 years of experience.",Software Engineer,0,Junior
1373,"Experienced in C++, DSA, System Design. Worked on Optimized algorithms. 0 years of experience.",Software Engineer,0,Junior
1374,"Experienced in OOP, Java, Python. Worked on Built REST API. 5 years of experience.",Software Engineer,5,Senior
1375,"Experienced in Java, DSA, OOP. Worked on Optimized algorithms. 4 years of experience.",Software Engineer,4,Senior
1376,"Experienced in Java, C++, System Design. Worked on Developed backend system. 3 years of experience.",Software Engineer,3,Mid
1377,"Experienced in OOP, Python, Java. Worked on Built REST API. 4 years of experience.",Software Engineer,4,Senior
1378,"Experienced in Java, C++, OOP. Worked on Developed backend system. 2 years of experience.",Software Engineer,2,Mid
1379,"Experienced in Python, OOP, System Design. Worked on Built REST API. 0 years of experience.",Software Engineer,0,Junior
1380,"Experienced in DSA, C++, Java. Worked on Optimized algorithms. 5 years of experience.",Software Engineer,5,Senior
1381,"Experienced in DSA, OOP, Java. Worked on Built REST API. 3 years of experience.",Software Engineer,3,Mid
1382,"Experienced in C++, DSA, System Design. Worked on Developed backend system. 4 years of experience.",Software Engineer,4,Senior
1383,"Experienced in DSA, Python, C++. Worked on Developed backend system. 3 years of experience.",Software Engineer,3,Mid
1384,"Experienced in Python, DSA, C++. Worked on Developed backend system. 3 years of experience.",Software Engineer,3,Mid
1385,"Experienced in Python, Java, DSA. Worked on Optimized algorithms. 0 years of experience.",Software Engineer,0,Junior
1386,"Experienced in Java, System Design, DSA. Worked on Optimized algorithms. 5 years of experience.",Software Engineer,5,Senior
1387,"Experienced in Python, Java, OOP. Worked on Optimized algorithms. 0 years of experience.",Software Engineer,0,Junior
1388,"Experienced in DSA, OOP, C++. Worked on Built REST API. 1 years of experience.",Software Engineer,1,Junior
1389,"Experienced in C++, OOP, System Design. Worked on Optimized algorithms. 5 years of experience.",Software Engineer,5,Senior
1390,"Experienced in DSA, OOP, Python. Worked on Developed backend system. 1 years of experience.",Software Engineer,1,Junior
1391,"Experienced in Java, DSA, Python. Worked on Developed backend system. 2 years of experience.",Software Engineer,2,Mid
1392,"Experienced in System Design, Java, Python. Worked on Optimized algorithms. 3 years of experience.",Software Engineer,3,Mid
1393,"Experienced in System Design, Python, Java. Worked on Developed backend system. 5 years of experience.",Software Engineer,5,Senior
1394,"Experienced in C++, Java, System Design. Worked on Optimized algorithms. 5 years of experience.",Software Engineer,5,Senior
1395,"Experienced in Java, DSA, System Design. Worked on Optimized algorithms. 5 years of experience.",Software Engineer,5,Senior
1396,"Experienced in DSA, System Design, Java. Worked on Developed backend system. 0 years of experience.",Software Engineer,0,Junior
1397,"Experienced in OOP, System Design, C++. Worked on Developed backend system. 5 years of experience.",Software Engineer,5,Senior
1398,"Experienced in DSA, Python, OOP. Worked on Developed backend system. 2 years of experience.",Software Engineer,2,Mid
1399,"Experienced in Java, Python, OOP. Worked on Developed backend system. 0 years of experience.",Software Engineer,0,Junior
1400,"Experienced in System Design, Java, DSA. Worked on Developed backend system. 0 years of experience.",Software Engineer,0,Junior
1401,"Experienced in C++, Python, System Design. Worked on Built REST API. 2 years of experience.",Software Engineer,2,Mid
1402,"Experienced in C++, Java, DSA. Worked on Built REST API. 5 years of experience.",Software Engineer,5,Senior
1403,"Experienced in System Design, Python, DSA. Worked on Developed backend system. 1 years of experience.",Software Engineer,1,Junior
1404,"Experienced in OOP, C++, Python. Worked on Optimized algorithms. 4 years of experience.",Software Engineer,4,Senior
1405,"Experienced in Java, DSA, System Design. Worked on Optimized algorithms. 2 years of experience.",Software Engineer,2,Mid
1406,"Experienced in DSA, C++, Java. Worked on Optimized algorithms. 0 years of experience.",Software Engineer,0,Junior
1407,"Experienced in DSA, System Design, C++. Worked on Developed backend system. 3 years of experience.",Software Engineer,3,Mid
1408,"Experienced in C++, DSA, OOP. Worked on Built REST API. 2 years of experience.",Software Engineer,2,Mid
1409,"Experienced in Python, System Design, Java. Worked on Optimized algorithms. 1 years of experience.",Software Engineer,1,Junior
1410,"Experienced in System Design, Java, DSA. Worked on Built REST API. 2 years of experience.",Software Engineer,2,Mid
1411,"Experienced in C++, OOP, DSA. Worked on Built REST API. 2 years of experience.",Software Engineer,2,Mid
1412,"Experienced in System Design, OOP, Java. Worked on Built REST API. 3 years of experience.",Software Engineer,3,Mid
1413,"Experienced in Java, System Design, DSA. Worked on Developed backend system. 0 years of experience.",Software Engineer,0,Junior
1414,"Experienced in Python, OOP, DSA. Worked on Developed backend system. 3 years of experience.",Software Engineer,3,Mid
1415,"Experienced in Python, C++, DSA. Worked on Optimized algorithms. 5 years of experience.",Software Engineer,5,Senior
1416,"Experienced in C++, OOP, Java. Worked on Built REST API. 5 years of experience.",Software Engineer,5,Senior
1417,"Experienced in C++, System Design, DSA. Worked on Optimized algorithms. 1 years of experience.",Software Engineer,1,Junior
1418,"Experienced in System Design, Python, OOP. Worked on Built REST API. 4 years of experience.",Software Engineer,4,Senior
1419,"Experienced in C++, OOP, DSA. Worked on Developed backend system. 5 years of experience.",Software Engineer,5,Senior
1420,"Experienced in Python, Java, System Design. Worked on Built REST API. 3 years of experience.",Software Engineer,3,Mid
1421,"Experienced in C++, OOP, Java. Worked on Optimized algorithms. 3 years of experience.",Software Engineer,3,Mid
1422,"Experienced in OOP, C++, Python. Worked on Developed backend system. 3 years of experience.",Software Engineer,3,Mid
1423,"Experienced in C++, Python, DSA. Worked on Developed backend system. 1 years of experience.",Software Engineer,1,Junior
1424,"Experienced in Python, C++, System Design. Worked on Developed backend system. 3 years of experience.",Software Engineer,3,Mid
1425,"Experienced in Java, DSA, C++. Worked on Optimized algorithms. 0 years of experience.",Software Engineer,0,Junior
1426,"Experienced in Java, System Design, OOP. Worked on Built REST API. 4 years of experience.",Software Engineer,4,Senior
1427,"Experienced in System Design, Java, OOP. Worked on Optimized algorithms. 1 years of experience.",Software Engineer,1,Junior
1428,"Experienced in C++, Java, Python. Worked on Optimized algorithms. 1 years of experience.",Software Engineer,1,Junior
1429,"Experienced in C++, DSA, OOP. Worked on Built REST API. 0 years of experience.",Software Engineer,0,Junior
1430,"Experienced in OOP, Java, C++. Worked on Built REST API. 4 years of experience.",Software Engineer,4,Senior
1431,"Experienced in System Design, Python, OOP. Worked on Built REST API. 4 years of experience.",Software Engineer,4,Senior
1432,"Experienced in DSA, C++, Java. Worked on Built REST API. 1 years of experience.",Software Engineer,1,Junior
1433,"Experienced in C++, OOP, DSA. Worked on Optimized algorithms. 2 years of experience.",Software Engineer,2,Mid
1434,"Experienced in DSA, C++, System Design. Worked on Optimized algorithms. 5 years of experience.",Software Engineer,5,Senior
1435,"Experienced in DSA, C++, System Design. Worked on Built REST API. 0 years of experience.",Software Engineer,0,Junior
1436,"Experienced in System Design, Java, Python. Worked on Developed backend system. 4 years of experience.",Software Engineer,4,Senior
1437,"Experienced in System Design, C++, OOP. Worked on Optimized algorithms. 2 years of experience.",Software Engineer,2,Mid
1438,"Experienced in System Design, Java, DSA. Worked on Optimized algorithms. 3 years of experience.",Software Engineer,3,Mid
1439,"Experienced in Java, Python, System Design. Worked on Optimized algorithms. 2 years of experience.",Software Engineer,2,Mid
1440,"Experienced in Java, DSA, C++. Worked on Developed backend system. 1 years of experience.",Software Engineer,1,Junior
1441,"Experienced in C++, Java, System Design. Worked on Optimized algorithms. 4 years of experience.",Software Engineer,4,Senior
1442,"Experienced in C++, Python, System Design. Worked on Built REST API. 5 years of experience.",Software Engineer,5,Senior
1443,"Experienced in Python, System Design, C++. Worked on Optimized algorithms. 5 years of experience.",Software Engineer,5,Senior
1444,"Experienced in Python, Java, OOP. Worked on Developed backend system. 0 years of experience.",Software Engineer,0,Junior
1445,"Experienced in Java, DSA, C++. Worked on Built REST API. 2 years of experience.",Software Engineer,2,Mid
1446,"Experienced in Java, OOP, System Design. Worked on Optimized algorithms. 0 years of experience.",Software Engineer,0,Junior
1447,"Experienced in OOP, Python, System Design. Worked on Developed backend system. 4 years of experience.",Software Engineer,4,Senior
1448,"Experienced in Python, OOP, C++. Worked on Developed backend system. 5 years of experience.",Software Engineer,5,Senior
1449,"Experienced in Python, OOP, Java. Worked on Built REST API. 5 years of experience.",Software Engineer,5,Senior
1450,"Experienced in DSA, OOP, Python. Worked on Developed backend system. 2 years of experience.",Software Engineer,2,Mid
1451,"Experienced in Python, OOP, DSA. Worked on Built REST API. 3 years of experience.",Software Engineer,3,Mid
1452,"Experienced in C++, Java, OOP. Worked on Built REST API. 1 years of experience.",Software Engineer,1,Junior
1453,"Experienced in DSA, Java, OOP. Worked on Developed backend system. 3 years of experience.",Software Engineer,3,Mid
1454,"Experienced in C++, OOP, Python. Worked on Developed backend system. 3 years of experience.",Software Engineer,3,Mid
1455,"Experienced in OOP, C++, System Design. Worked on Built REST API. 0 years of experience.",Software Engineer,0,Junior
1456,"Experienced in Java, C++, Python. Worked on Optimized algorithms. 5 years of experience.",Software Engineer,5,Senior
1457,"Experienced in System Design, OOP, Python. Worked on Optimized algorithms. 5 years of experience.",Software Engineer,5,Senior
1458,"Experienced in System Design, C++, DSA. Worked on Optimized algorithms. 5 years of experience.",Software Engineer,5,Senior
1459,"Experienced in System Design, Java, DSA. Worked on Built REST API. 1 years of experience.",Software Engineer,1,Junior
1460,"Experienced in DSA, C++, OOP. Worked on Built REST API. 3 years of experience.",Software Engineer,3,Mid
1461,"Experienced in DSA, OOP, Java. Worked on Built REST API. 1 years of experience.",Software Engineer,1,Junior
1462,"Experienced in C++, OOP, Java. Worked on Optimized algorithms. 2 years of experience.",Software Engineer,2,Mid
1463,"Experienced in OOP, Java, System Design. Worked on Optimized algorithms. 1 years of experience.",Software Engineer,1,Junior
1464,"Experienced in OOP, Python, System Design. Worked on Built REST API. 1 years of experience.",Software Engineer,1,Junior
1465,"Experienced in DSA, C++, Python. Worked on Developed backend system. 4 years of experience.",Software Engineer,4,Senior
1466,"Experienced in DSA, OOP, C++. Worked on Optimized algorithms. 3 years of experience.",Software Engineer,3,Mid
1467,"Experienced in C++, Python, Java. Worked on Optimized algorithms. 3 years of experience.",Software Engineer,3,Mid
1468,"Experienced in C++, Java, System Design. Worked on Optimized algorithms. 2 years of experience.",Software Engineer,2,Mid
1469,"Experienced in System Design, Java, Python. Worked on Built REST API. 0 years of experience.",Software Engineer,0,Junior
1470,"Experienced in DSA, OOP, System Design. Worked on Optimized algorithms. 4 years of experience.",Software Engineer,4,Senior
1471,"Experienced in OOP, Java, Python. Worked on Built REST API. 2 years of experience.",Software Engineer,2,Mid
1472,"Experienced in System Design, Java, OOP. Worked on Developed backend system. 3 years of experience.",Software Engineer,3,Mid
1473,"Experienced in C++, Java, System Design. Worked on Built REST API. 1 years of experience.",Software Engineer,1,Junior
1474,"Experienced in Python, C++, System Design. Worked on Optimized algorithms. 3 years of experience.",Software Engineer,3,Mid
1475,"Experienced in Java, OOP, System Design. Worked on Developed backend system. 3 years of experience.",Software Engineer,3,Mid
1476,"Experienced in Python, C++, OOP. Worked on Optimized algorithms. 0 years of experience.",Software Engineer,0,Junior
1477,"Experienced in Python, Java, System Design. Worked on Built REST API. 2 years of experience.",Software Engineer,2,Mid
1478,"Experienced in Java, DSA, Python. Worked on Built REST API. 1 years of experience.",Software Engineer,1,Junior
1479,"Experienced in OOP, Java, System Design. Worked on Built REST API. 1 years of experience.",Software Engineer,1,Junior
1480,"Experienced in DSA, C++, Python. Worked on Built REST API. 1 years of experience.",Software Engineer,1,Junior
1481,"Experienced in Java, Python, C++. Worked on Built REST API. 2 years of experience.",Software Engineer,2,Mid
1482,"Experienced in DSA, Java, OOP. Worked on Built REST API. 3 years of experience.",Software Engineer,3,Mid
1483,"Experienced in System Design, Python, C++. Worked on Optimized algorithms. 5 years of experience.",Software Engineer,5,Senior
1484,"Experienced in DSA, Python, Java. Worked on Developed backend system. 5 years of experience.",Software Engineer,5,Senior
1485,"Experienced in Java, DSA, OOP. Worked on Built REST API. 3 years of experience.",Software Engineer,3,Mid
1486,"Experienced in C++, Java, System Design. Worked on Developed backend system. 3 years of experience.",Software Engineer,3,Mid
1487,"Experienced in System Design, Python, Java. Worked on Optimized algorithms. 4 years of experience.",Software Engineer,4,Senior
1488,"Experienced in C++, Python, System Design. Worked on Built REST API. 2 years of experience.",Software Engineer,2,Mid
1489,"Experienced in OOP, DSA, C++. Worked on Optimized algorithms. 4 years of experience.",Software Engineer,4,Senior
1490,"Experienced in System Design, OOP, Java. Worked on Optimized algorithms. 5 years of experience.",Software Engineer,5,Senior
1491,"Experienced in Python, System Design, OOP. Worked on Optimized algorithms. 0 years of experience.",Software Engineer,0,Junior
1492,"Experienced in OOP, Python, Java. Worked on Built REST API. 1 years of experience.",Software Engineer,1,Junior
1493,"Experienced in DSA, System Design, Java. Worked on Optimized algorithms. 4 years of experience.",Software Engineer,4,Senior
1494,"Experienced in Java, DSA, OOP. Worked on Built REST API. 3 years of experience.",Software Engineer,3,Mid
1495,"Experienced in OOP, DSA, Python. Worked on Optimized algorithms. 2 years of experience.",Software Engineer,2,Mid
1496,"Experienced in C++, DSA, Python. Worked on Developed backend system. 1 years of experience.",Software Engineer,1,Junior
1497,"Experienced in System Design, C++, OOP. Worked on Optimized algorithms. 0 years of experience.",Software Engineer,0,Junior
1498,"Experienced in Java, DSA, C++. Worked on Optimized algorithms. 4 years of experience.",Software Engineer,4,Senior
1499,"Experienced in System Design, Python, DSA. Worked on Built REST API. 2 years of experience.",Software Engineer,2,Mid
1500,"Experienced in Java, OOP, System Design. Worked on Optimized algorithms. 2 years of experience.",Software Engineer,2,Mid
1501,"Experienced in NLP, Machine Learning, Pandas. Worked on Built ML model. 3 years of experience.",Data Scientist,3,Mid
1502,"Experienced in Python, Deep Learning, Pandas. Worked on NLP pipeline. 5 years of experience.",Data Scientist,5,Senior
1503,"Experienced in Machine Learning, Deep Learning, Pandas. Worked on Built ML model. 3 years of experience.",Data Scientist,3,Mid
1504,"Experienced in Deep Learning, NLP, Pandas. Worked on NLP pipeline. 5 years of experience.",Data Scientist,5,Senior
1505,"Experienced in Python, NLP, Deep Learning. Worked on Prediction system. 1 years of experience.",Data Scientist,1,Junior
1506,"Experienced in Machine Learning, NLP, Deep Learning. Worked on Prediction system. 3 years of experience.",Data Scientist,3,Mid
1507,"Experienced in Pandas, NLP, Machine Learning. Worked on NLP pipeline. 3 years of experience.",Data Scientist,3,Mid
1508,"Experienced in NLP, Deep Learning, Machine Learning. Worked on Prediction system. 1 years of experience.",Data Scientist,1,Junior
1509,"Experienced in Python, Pandas, Deep Learning. Worked on Built ML model. 4 years of experience.",Data Scientist,4,Senior
1510,"Experienced in Machine Learning, Deep Learning, Python. Worked on Prediction system. 1 years of experience.",Data Scientist,1,Junior
1511,"Experienced in NLP, Python, Deep Learning. Worked on Built ML model. 4 years of experience.",Data Scientist,4,Senior
1512,"Experienced in Python, Pandas, NLP. Worked on Built ML model. 1 years of experience.",Data Scientist,1,Junior
1513,"Experienced in Python, NLP, Machine Learning. Worked on NLP pipeline. 5 years of experience.",Data Scientist,5,Senior
1514,"Experienced in Machine Learning, Python, Pandas. Worked on NLP pipeline. 5 years of experience.",Data Scientist,5,Senior
1515,"Experienced in Python, Deep Learning, NLP. Worked on Prediction system. 0 years of experience.",Data Scientist,0,Junior
1516,"Experienced in Python, Machine Learning, NLP. Worked on Prediction system. 2 years of experience.",Data Scientist,2,Mid
1517,"Experienced in Deep Learning, Machine Learning, NLP. Worked on Built ML model. 3 years of experience.",Data Scientist,3,Mid
1518,"Experienced in Python, Pandas, Deep Learning. Worked on Built ML model. 4 years of experience.",Data Scientist,4,Senior
1519,"Experienced in NLP, Machine Learning, Deep Learning. Worked on NLP pipeline. 0 years of experience.",Data Scientist,0,Junior
1520,"Experienced in Python, NLP, Deep Learning. Worked on Prediction system. 2 years of experience.",Data Scientist,2,Mid
1521,"Experienced in Deep Learning, Machine Learning, Pandas. Worked on Prediction system. 1 years of experience.",Data Scientist,1,Junior
1522,"Experienced in Deep Learning, Pandas, Python. Worked on NLP pipeline. 2 years of experience.",Data Scientist,2,Mid
1523,"Experienced in Machine Learning, Python, NLP. Worked on NLP pipeline. 1 years of experience.",Data Scientist,1,Junior
1524,"Experienced in Machine Learning, Deep Learning, NLP. Worked on NLP pipeline. 3 years of experience.",Data Scientist,3,Mid
1525,"Experienced in Pandas, NLP, Machine Learning. Worked on Prediction system. 5 years of experience.",Data Scientist,5,Senior
1526,"Experienced in NLP, Python, Pandas. Worked on Built ML model. 2 years of experience.",Data Scientist,2,Mid
1527,"Experienced in Python, Pandas, Deep Learning. Worked on NLP pipeline. 0 years of experience.",Data Scientist,0,Junior
1528,"Experienced in NLP, Python, Pandas. Worked on Prediction system. 1 years of experience.",Data Scientist,1,Junior
1529,"Experienced in Pandas, Machine Learning, Python. Worked on Prediction system. 3 years of experience.",Data Scientist,3,Mid
1530,"Experienced in Deep Learning, Pandas, Machine Learning. Worked on Built ML model. 3 years of experience.",Data Scientist,3,Mid
1531,"Experienced in Machine Learning, NLP, Pandas. Worked on Prediction system. 5 years of experience.",Data Scientist,5,Senior
1532,"Experienced in Pandas, Deep Learning, NLP. Worked on Built ML model. 2 years of experience.",Data Scientist,2,Mid
1533,"Experienced in Deep Learning, NLP, Machine Learning. Worked on NLP pipeline. 0 years of experience.",Data Scientist,0,Junior
1534,"Experienced in Deep Learning, Machine Learning, Python. Worked on Prediction system. 1 years of experience.",Data Scientist,1,Junior
1535,"Experienced in Machine Learning, Python, Pandas. Worked on Built ML model. 1 years of experience.",Data Scientist,1,Junior
1536,"Experienced in Deep Learning, Python, Pandas. Worked on NLP pipeline. 2 years of experience.",Data Scientist,2,Mid
1537,"Experienced in Machine Learning, Deep Learning, Python. Worked on NLP pipeline. 3 years of experience.",Data Scientist,3,Mid
1538,"Experienced in Deep Learning, Python, Machine Learning. Worked on NLP pipeline. 2 years of experience.",Data Scientist,2,Mid
1539,"Experienced in Python, Deep Learning, Machine Learning. Worked on NLP pipeline. 0 years of experience.",Data Scientist,0,Junior
1540,"Experienced in Deep Learning, Machine Learning, Python. Worked on NLP pipeline. 5 years of experience.",Data Scientist,5,Senior
1541,"Experienced in Deep Learning, Machine Learning, Python. Worked on Built ML model. 5 years of experience.",Data Scientist,5,Senior
1542,"Experienced in Machine Learning, NLP, Pandas. Worked on Prediction system. 3 years of experience.",Data Scientist,3,Mid
1543,"Experienced in Deep Learning, NLP, Python. Worked on NLP pipeline. 0 years of experience.",Data Scientist,0,Junior
1544,"Experienced in Deep Learning, Python, Pandas. Worked on Prediction system. 1 years of experience.",Data Scientist,1,Junior
1545,"Experienced in NLP, Python, Machine Learning. Worked on Prediction system. 2 years of experience.",Data Scientist,2,Mid
1546,"Experienced in Pandas, Deep Learning, NLP. Worked on Prediction system. 2 years of experience.",Data Scientist,2,Mid
1547,"Experienced in Pandas, Machine Learning, NLP. Worked on Prediction system. 2 years of experience.",Data Scientist,2,Mid
1548,"Experienced in Pandas, Deep Learning, Python. Worked on Built ML model. 4 years of experience.",Data Scientist,4,Senior
1549,"Experienced in Deep Learning, Python, Machine Learning. Worked on Prediction system. 0 years of experience.",Data Scientist,0,Junior
1550,"Experienced in Machine Learning, NLP, Python. Worked on NLP pipeline. 1 years of experience.",Data Scientist,1,Junior
1551,"Experienced in Python, NLP, Pandas. Worked on Built ML model. 5 years of experience.",Data Scientist,5,Senior
1552,"Experienced in Machine Learning, Pandas, Python. Worked on Prediction system. 4 years of experience.",Data Scientist,4,Senior
1553,"Experienced in Pandas, NLP, Machine Learning. Worked on NLP pipeline. 5 years of experience.",Data Scientist,5,Senior
1554,"Experienced in Machine Learning, Deep Learning, NLP. Worked on NLP pipeline. 4 years of experience.",Data Scientist,4,Senior
1555,"Experienced in Deep Learning, Python, Pandas. Worked on NLP pipeline. 0 years of experience.",Data Scientist,0,Junior
1556,"Experienced in Machine Learning, Pandas, NLP. Worked on NLP pipeline. 1 years of experience.",Data Scientist,1,Junior
1557,"Experienced in Pandas, NLP, Machine Learning. Worked on NLP pipeline. 3 years of experience.",Data Scientist,3,Mid
1558,"Experienced in Machine Learning, Deep Learning, NLP. Worked on Prediction system. 2 years of experience.",Data Scientist,2,Mid
1559,"Experienced in NLP, Python, Pandas. Worked on NLP pipeline. 3 years of experience.",Data Scientist,3,Mid
1560,"Experienced in Python, Machine Learning, Deep Learning. Worked on NLP pipeline. 1 years of experience.",Data Scientist,1,Junior
1561,"Experienced in Machine Learning, Pandas, NLP. Worked on Prediction system. 0 years of experience.",Data Scientist,0,Junior
1562,"Experienced in Machine Learning, Pandas, Deep Learning. Worked on Prediction system. 2 years of experience.",Data Scientist,2,Mid
1563,"Experienced in NLP, Deep Learning, Machine Learning. Worked on Built ML model. 4 years of experience.",Data Scientist,4,Senior
1564,"Experienced in Machine Learning, Python, NLP. Worked on NLP pipeline. 2 years of experience.",Data Scientist,2,Mid
1565,"Experienced in Python, Machine Learning, Deep Learning. Worked on Built ML model. 1 years of experience.",Data Scientist,1,Junior
1566,"Experienced in Machine Learning, Deep Learning, NLP. Worked on NLP pipeline. 4 years of experience.",Data Scientist,4,Senior
1567,"Experienced in Deep Learning, Machine Learning, Python. Worked on NLP pipeline. 5 years of experience.",Data Scientist,5,Senior
1568,"Experienced in Python, Machine Learning, Pandas. Worked on NLP pipeline. 3 years of experience.",Data Scientist,3,Mid
1569,"Experienced in Pandas, Machine Learning, Deep Learning. Worked on Prediction system. 2 years of experience.",Data Scientist,2,Mid
1570,"Experienced in Machine Learning, Deep Learning, Pandas. Worked on Built ML model. 4 years of experience.",Data Scientist,4,Senior
1571,"Experienced in Deep Learning, NLP, Python. Worked on NLP pipeline. 0 years of experience.",Data Scientist,0,Junior
1572,"Experienced in Pandas, Deep Learning, Machine Learning. Worked on Prediction system. 3 years of experience.",Data Scientist,3,Mid
1573,"Experienced in NLP, Python, Machine Learning. Worked on NLP pipeline. 0 years of experience.",Data Scientist,0,Junior
1574,"Experienced in NLP, Deep Learning, Python. Worked on Prediction system. 1 years of experience.",Data Scientist,1,Junior
1575,"Experienced in Python, Machine Learning, NLP. Worked on Prediction system. 3 years of experience.",Data Scientist,3,Mid
1576,"Experienced in Machine Learning, Pandas, NLP. Worked on Built ML model. 4 years of experience.",Data Scientist,4,Senior
1577,"Experienced in Deep Learning, Machine Learning, Python. Worked on NLP pipeline. 5 years of experience.",Data Scientist,5,Senior
1578,"Experienced in Pandas, Deep Learning, NLP. Worked on Prediction system. 5 years of experience.",Data Scientist,5,Senior
1579,"Experienced in Deep Learning, Python, Pandas. Worked on NLP pipeline. 3 years of experience.",Data Scientist,3,Mid
1580,"Experienced in Machine Learning, NLP, Deep Learning. Worked on NLP pipeline. 4 years of experience.",Data Scientist,4,Senior
1581,"Experienced in Python, Deep Learning, NLP. Worked on Prediction system. 5 years of experience.",Data Scientist,5,Senior
1582,"Experienced in NLP, Pandas, Deep Learning. Worked on Prediction system. 4 years of experience.",Data Scientist,4,Senior
1583,"Experienced in Pandas, Deep Learning, NLP. Worked on Built ML model. 4 years of experience.",Data Scientist,4,Senior
1584,"Experienced in NLP, Python, Pandas. Worked on Prediction system. 1 years of experience.",Data Scientist,1,Junior
1585,"Experienced in NLP, Pandas, Deep Learning. Worked on Prediction system. 1 years of experience.",Data Scientist,1,Junior
1586,"Experienced in NLP, Deep Learning, Machine Learning. Worked on Prediction system. 1 years of experience.",Data Scientist,1,Junior
1587,"Experienced in Deep Learning, Machine Learning, Python. Worked on NLP pipeline. 4 years of experience.",Data Scientist,4,Senior
1588,"Experienced in Deep Learning, NLP, Machine Learning. Worked on NLP pipeline. 3 years of experience.",Data Scientist,3,Mid
1589,"Experienced in NLP, Deep Learning, Machine Learning. Worked on Built ML model. 4 years of experience.",Data Scientist,4,Senior
1590,"Experienced in Machine Learning, Pandas, NLP. Worked on NLP pipeline. 4 years of experience.",Data Scientist,4,Senior
1591,"Experienced in Deep Learning, Python, NLP. Worked on Built ML model. 0 years of experience.",Data Scientist,0,Junior
1592,"Experienced in Deep Learning, Machine Learning, Python. Worked on Prediction system. 1 years of experience.",Data Scientist,1,Junior
1593,"Experienced in NLP, Python, Pandas. Worked on Prediction system. 3 years of experience.",Data Scientist,3,Mid
1594,"Experienced in Deep Learning, Python, Pandas. Worked on NLP pipeline. 2 years of experience.",Data Scientist,2,Mid
1595,"Experienced in Deep Learning, Pandas, Python. Worked on Prediction system. 3 years of experience.",Data Scientist,3,Mid
1596,"Experienced in NLP, Machine Learning, Python. Worked on Prediction system. 2 years of experience.",Data Scientist,2,Mid
1597,"Experienced in Python, Machine Learning, Deep Learning. Worked on Prediction system. 2 years of experience.",Data Scientist,2,Mid
1598,"Experienced in Machine Learning, Pandas, NLP. Worked on Built ML model. 5 years of experience.",Data Scientist,5,Senior
1599,"Experienced in NLP, Machine Learning, Python. Worked on Prediction system. 2 years of experience.",Data Scientist,2,Mid
1600,"Experienced in NLP, Deep Learning, Pandas. Worked on Prediction system. 3 years of experience.",Data Scientist,3,Mid
1601,"Experienced in Deep Learning, Python, Machine Learning. Worked on Prediction system. 3 years of experience.",Data Scientist,3,Mid
1602,"Experienced in Python, Deep Learning, Pandas. Worked on NLP pipeline. 0 years of experience.",Data Scientist,0,Junior
1603,"Experienced in NLP, Python, Deep Learning. Worked on Prediction system. 1 years of experience.",Data Scientist,1,Junior
1604,"Experienced in Pandas, Python, Machine Learning. Worked on NLP pipeline. 3 years of experience.",Data Scientist,3,Mid
1605,"Experienced in NLP, Machine Learning, Pandas. Worked on Built ML model. 1 years of experience.",Data Scientist,1,Junior
1606,"Experienced in Pandas, NLP, Deep Learning. Worked on Built ML model. 5 years of experience.",Data Scientist,5,Senior
1607,"Experienced in Pandas, NLP, Deep Learning. Worked on Built ML model. 2 years of experience.",Data Scientist,2,Mid
1608,"Experienced in Deep Learning, NLP, Pandas. Worked on Prediction system. 3 years of experience.",Data Scientist,3,Mid
1609,"Experienced in Pandas, NLP, Deep Learning. Worked on Prediction system. 2 years of experience.",Data Scientist,2,Mid
1610,"Experienced in Deep Learning, Pandas, Machine Learning. Worked on Built ML model. 2 years of experience.",Data Scientist,2,Mid
1611,"Experienced in Machine Learning, Pandas, Deep Learning. Worked on Built ML model. 4 years of experience.",Data Scientist,4,Senior
1612,"Experienced in NLP, Deep Learning, Machine Learning. Worked on Built ML model. 5 years of experience.",Data Scientist,5,Senior
1613,"Experienced in Machine Learning, Pandas, Deep Learning. Worked on NLP pipeline. 2 years of experience.",Data Scientist,2,Mid
1614,"Experienced in Machine Learning, NLP, Python. Worked on Prediction system. 5 years of experience.",Data Scientist,5,Senior
1615,"Experienced in Machine Learning, Python, Pandas. Worked on NLP pipeline. 1 years of experience.",Data Scientist,1,Junior
1616,"Experienced in Machine Learning, Pandas, Python. Worked on NLP pipeline. 3 years of experience.",Data Scientist,3,Mid
1617,"Experienced in Deep Learning, Machine Learning, Pandas. Worked on Prediction system. 0 years of experience.",Data Scientist,0,Junior
1618,"Experienced in Machine Learning, Pandas, Deep Learning. Worked on Built ML model. 2 years of experience.",Data Scientist,2,Mid
1619,"Experienced in Deep Learning, Python, Pandas. Worked on NLP pipeline. 3 years of experience.",Data Scientist,3,Mid
1620,"Experienced in NLP, Pandas, Deep Learning. Worked on NLP pipeline. 2 years of experience.",Data Scientist,2,Mid
1621,"Experienced in Machine Learning, Pandas, Deep Learning. Worked on NLP pipeline. 5 years of experience.",Data Scientist,5,Senior
1622,"Experienced in Machine Learning, Python, Deep Learning. Worked on Built ML model. 1 years of experience.",Data Scientist,1,Junior
1623,"Experienced in Python, Machine Learning, Pandas. Worked on Built ML model. 5 years of experience.",Data Scientist,5,Senior
1624,"Experienced in Deep Learning, Python, Machine Learning. Worked on NLP pipeline. 4 years of experience.",Data Scientist,4,Senior
1625,"Experienced in Pandas, Deep Learning, NLP. Worked on Prediction system. 5 years of experience.",Data Scientist,5,Senior
1626,"Experienced in Python, NLP, Deep Learning. Worked on Built ML model. 3 years of experience.",Data Scientist,3,Mid
1627,"Experienced in Machine Learning, Pandas, Deep Learning. Worked on Prediction system. 4 years of experience.",Data Scientist,4,Senior
1628,"Experienced in Deep Learning, Python, Machine Learning. Worked on NLP pipeline. 5 years of experience.",Data Scientist,5,Senior
1629,"Experienced in Machine Learning, Pandas, Python. Worked on Prediction system. 3 years of experience.",Data Scientist,3,Mid
1630,"Experienced in Pandas, Machine Learning, Python. Worked on NLP pipeline. 0 years of experience.",Data Scientist,0,Junior
1631,"Experienced in Pandas, NLP, Machine Learning. Worked on NLP pipeline. 3 years of experience.",Data Scientist,3,Mid
1632,"Experienced in NLP, Pandas, Deep Learning. Worked on Built ML model. 1 years of experience.",Data Scientist,1,Junior
1633,"Experienced in Machine Learning, Deep Learning, Pandas. Worked on NLP pipeline. 3 years of experience.",Data Scientist,3,Mid
1634,"Experienced in Machine Learning, Deep Learning, Pandas. Worked on Built ML model. 4 years of experience.",Data Scientist,4,Senior
1635,"Experienced in Pandas, Deep Learning, Python. Worked on Prediction system. 4 years of experience.",Data Scientist,4,Senior
1636,"Experienced in Machine Learning, NLP, Deep Learning. Worked on Prediction system. 0 years of experience.",Data Scientist,0,Junior
1637,"Experienced in Deep Learning, Machine Learning, NLP. Worked on Built ML model. 0 years of experience.",Data Scientist,0,Junior
1638,"Experienced in Python, Deep Learning, Pandas. Worked on Built ML model. 4 years of experience.",Data Scientist,4,Senior
1639,"Experienced in Pandas, Python, Deep Learning. Worked on Prediction system. 3 years of experience.",Data Scientist,3,Mid
1640,"Experienced in NLP, Deep Learning, Pandas. Worked on Built ML model. 4 years of experience.",Data Scientist,4,Senior
1641,"Experienced in Deep Learning, NLP, Pandas. Worked on Built ML model. 0 years of experience.",Data Scientist,0,Junior
1642,"Experienced in Pandas, Machine Learning, NLP. Worked on Prediction system. 3 years of experience.",Data Scientist,3,Mid
1643,"Experienced in Deep Learning, Machine Learning, Pandas. Worked on NLP pipeline. 5 years of experience.",Data Scientist,5,Senior
1644,"Experienced in NLP, Pandas, Deep Learning. Worked on Prediction system. 5 years of experience.",Data Scientist,5,Senior
1645,"Experienced in Machine Learning, Pandas, Deep Learning. Worked on Built ML model. 0 years of experience.",Data Scientist,0,Junior
1646,"Experienced in Machine Learning, Python, NLP. Worked on Prediction system. 4 years of experience.",Data Scientist,4,Senior
1647,"Experienced in Machine Learning, Python, Deep Learning. Worked on Built ML model. 4 years of experience.",Data Scientist,4,Senior
1648,"Experienced in NLP, Deep Learning, Python. Worked on NLP pipeline. 4 years of experience.",Data Scientist,4,Senior
1649,"Experienced in Python, Pandas, Deep Learning. Worked on Built ML model. 1 years of experience.",Data Scientist,1,Junior
1650,"Experienced in Python, Deep Learning, Pandas. Worked on Prediction system. 0 years of experience.",Data Scientist,0,Junior
1651,"Experienced in NLP, Deep Learning, Pandas. Worked on Built ML model. 2 years of experience.",Data Scientist,2,Mid
1652,"Experienced in NLP, Pandas, Machine Learning. Worked on NLP pipeline. 5 years of experience.",Data Scientist,5,Senior
1653,"Experienced in NLP, Pandas, Deep Learning. Worked on Built ML model. 4 years of experience.",Data Scientist,4,Senior
1654,"Experienced in Machine Learning, Pandas, NLP. Worked on Prediction system. 1 years of experience.",Data Scientist,1,Junior
1655,"Experienced in NLP, Python, Deep Learning. Worked on Prediction system. 1 years of experience.",Data Scientist,1,Junior
1656,"Experienced in Python, Pandas, Deep Learning. Worked on NLP pipeline. 4 years of experience.",Data Scientist,4,Senior
1657,"Experienced in Pandas, Machine Learning, Deep Learning. Worked on Prediction system. 4 years of experience.",Data Scientist,4,Senior
1658,"Experienced in Deep Learning, Pandas, Machine Learning. Worked on Prediction system. 4 years of experience.",Data Scientist,4,Senior
1659,"Experienced in Deep Learning, Python, Machine Learning. Worked on NLP pipeline. 5 years of experience.",Data Scientist,5,Senior
1660,"Experienced in NLP, Pandas, Machine Learning. Worked on Built ML model. 0 years of experience.",Data Scientist,0,Junior
1661,"Experienced in NLP, Deep Learning, Python. Worked on NLP pipeline. 4 years of experience.",Data Scientist,4,Senior
1662,"Experienced in Deep Learning, Machine Learning, Pandas. Worked on Built ML model. 1 years of experience.",Data Scientist,1,Junior
1663,"Experienced in Deep Learning, Machine Learning, Python. Worked on Prediction system. 3 years of experience.",Data Scientist,3,Mid
1664,"Experienced in NLP, Pandas, Machine Learning. Worked on Prediction system. 2 years of experience.",Data Scientist,2,Mid
1665,"Experienced in Machine Learning, NLP, Python. Worked on Prediction system. 0 years of experience.",Data Scientist,0,Junior
1666,"Experienced in NLP, Machine Learning, Deep Learning. Worked on NLP pipeline. 3 years of experience.",Data Scientist,3,Mid
1667,"Experienced in Python, Deep Learning, Pandas. Worked on NLP pipeline. 3 years of experience.",Data Scientist,3,Mid
1668,"Experienced in Pandas, Deep Learning, Python. Worked on NLP pipeline. 4 years of experience.",Data Scientist,4,Senior
1669,"Experienced in Python, Pandas, NLP. Worked on Built ML model. 2 years of experience.",Data Scientist,2,Mid
1670,"Experienced in Python, Machine Learning, NLP. Worked on Prediction system. 1 years of experience.",Data Scientist,1,Junior
1671,"Experienced in Pandas, NLP, Python. Worked on Built ML model. 3 years of experience.",Data Scientist,3,Mid
1672,"Experienced in Python, NLP, Deep Learning. Worked on Built ML model. 5 years of experience.",Data Scientist,5,Senior
1673,"Experienced in Machine Learning, Deep Learning, Python. Worked on Prediction system. 5 years of experience.",Data Scientist,5,Senior
1674,"Experienced in Pandas, NLP, Deep Learning. Worked on NLP pipeline. 5 years of experience.",Data Scientist,5,Senior
1675,"Experienced in Deep Learning, Machine Learning, Python. Worked on Prediction system. 4 years of experience.",Data Scientist,4,Senior
1676,"Experienced in Pandas, Python, Deep Learning. Worked on NLP pipeline. 5 years of experience.",Data Scientist,5,Senior
1677,"Experienced in NLP, Deep Learning, Pandas. Worked on NLP pipeline. 4 years of experience.",Data Scientist,4,Senior
1678,"Experienced in Python, Pandas, Machine Learning. Worked on Prediction system. 1 years of experience.",Data Scientist,1,Junior
1679,"Experienced in NLP, Python, Machine Learning. Worked on NLP pipeline. 4 years of experience.",Data Scientist,4,Senior
1680,"Experienced in Deep Learning, NLP, Python. Worked on Built ML model. 4 years of experience.",Data Scientist,4,Senior
1681,"Experienced in Pandas, Python, Deep Learning. Worked on Built ML model. 3 years of experience.",Data Scientist,3,Mid
1682,"Experienced in Machine Learning, Pandas, NLP. Worked on NLP pipeline. 3 years of experience.",Data Scientist,3,Mid
1683,"Experienced in Pandas, Deep Learning, NLP. Worked on Prediction system. 1 years of experience.",Data Scientist,1,Junior
1684,"Experienced in Machine Learning, Python, Deep Learning. Worked on Prediction system. 1 years of experience.",Data Scientist,1,Junior
1685,"Experienced in NLP, Deep Learning, Python. Worked on Built ML model. 3 years of experience.",Data Scientist,3,Mid
1686,"Experienced in Deep Learning, NLP, Pandas. Worked on Built ML model. 2 years of experience.",Data Scientist,2,Mid
1687,"Experienced in Pandas, NLP, Python. Worked on Built ML model. 4 years of experience.",Data Scientist,4,Senior
1688,"Experienced in Pandas, Deep Learning, Machine Learning. Worked on Prediction system. 3 years of experience.",Data Scientist,3,Mid
1689,"Experienced in Deep Learning, NLP, Pandas. Worked on Prediction system. 2 years of experience.",Data Scientist,2,Mid
1690,"Experienced in Pandas, Deep Learning, Machine Learning. Worked on Built ML model. 1 years of experience.",Data Scientist,1,Junior
1691,"Experienced in Python, Pandas, Deep Learning. Worked on Prediction system. 0 years of experience.",Data Scientist,0,Junior
1692,"Experienced in Pandas, Python, NLP. Worked on NLP pipeline. 1 years of experience.",Data Scientist,1,Junior
1693,"Experienced in NLP, Machine Learning, Python. Worked on NLP pipeline. 5 years of experience.",Data Scientist,5,Senior
1694,"Experienced in Machine Learning, Pandas, NLP. Worked on Prediction system. 5 years of experience.",Data Scientist,5,Senior
1695,"Experienced in Pandas, Machine Learning, Deep Learning. Worked on Prediction system. 4 years of experience.",Data Scientist,4,Senior
1696,"Experienced in NLP, Python, Deep Learning. Worked on NLP pipeline. 2 years of experience.",Data Scientist,2,Mid
1697,"Experienced in Machine Learning, Pandas, NLP. Worked on Built ML model. 1 years of experience.",Data Scientist,1,Junior
1698,"Experienced in Pandas, Python, Machine Learning. Worked on Built ML model. 2 years of experience.",Data Scientist,2,Mid
1699,"Experienced in Python, Pandas, Deep Learning. Worked on Built ML model. 1 years of experience.",Data Scientist,1,Junior
1700,"Experienced in Machine Learning, Deep Learning, NLP. Worked on NLP pipeline. 2 years of experience.",Data Scientist,2,Mid
1701,"Experienced in Pandas, NLP, Python. Worked on Prediction system. 1 years of experience.",Data Scientist,1,Junior
1702,"Experienced in Python, NLP, Deep Learning. Worked on Built ML model. 2 years of experience.",Data Scientist,2,Mid
1703,"Experienced in NLP, Machine Learning, Pandas. Worked on NLP pipeline. 3 years of experience.",Data Scientist,3,Mid
1704,"Experienced in Python, Machine Learning, NLP. Worked on Built ML model. 3 years of experience.",Data Scientist,3,Mid
1705,"Experienced in Pandas, NLP, Python. Worked on Prediction system. 1 years of experience.",Data Scientist,1,Junior
1706,"Experienced in Pandas, Machine Learning, Deep Learning. Worked on Built ML model. 4 years of experience.",Data Scientist,4,Senior
1707,"Experienced in Python, Pandas, Deep Learning. Worked on NLP pipeline. 0 years of experience.",Data Scientist,0,Junior
1708,"Experienced in Python, Deep Learning, Machine Learning. Worked on Prediction system. 1 years of experience.",Data Scientist,1,Junior
1709,"Experienced in Deep Learning, Python, Pandas. Worked on NLP pipeline. 1 years of experience.",Data Scientist,1,Junior
1710,"Experienced in Deep Learning, Machine Learning, Python. Worked on NLP pipeline. 5 years of experience.",Data Scientist,5,Senior
1711,"Experienced in Python, Pandas, NLP. Worked on Prediction system. 3 years of experience.",Data Scientist,3,Mid
1712,"Experienced in Machine Learning, Python, Deep Learning. Worked on Prediction system. 3 years of experience.",Data Scientist,3,Mid
1713,"Experienced in NLP, Python, Deep Learning. Worked on Prediction system. 1 years of experience.",Data Scientist,1,Junior
1714,"Experienced in Python, NLP, Machine Learning. Worked on Built ML model. 5 years of experience.",Data Scientist,5,Senior
1715,"Experienced in NLP, Pandas, Deep Learning. Worked on Prediction system. 3 years of experience.",Data Scientist,3,Mid
1716,"Experienced in Pandas, NLP, Machine Learning. Worked on NLP pipeline. 5 years of experience.",Data Scientist,5,Senior
1717,"Experienced in Machine Learning, Pandas, NLP. Worked on Built ML model. 1 years of experience.",Data Scientist,1,Junior
1718,"Experienced in NLP, Python, Deep Learning. Worked on NLP pipeline. 5 years of experience.",Data Scientist,5,Senior
1719,"Experienced in Deep Learning, Python, Pandas. Worked on Prediction system. 4 years of experience.",Data Scientist,4,Senior
1720,"Experienced in NLP, Deep Learning, Python. Worked on NLP pipeline. 4 years of experience.",Data Scientist,4,Senior
1721,"Experienced in Pandas, Python, Deep Learning. Worked on NLP pipeline. 4 years of experience.",Data Scientist,4,Senior
1722,"Experienced in Deep Learning, Python, Pandas. Worked on NLP pipeline. 3 years of experience.",Data Scientist,3,Mid
1723,"Experienced in Machine Learning, Python, Pandas. Worked on Built ML model. 0 years of experience.",Data Scientist,0,Junior
1724,"Experienced in Deep Learning, NLP, Machine Learning. Worked on NLP pipeline. 5 years of experience.",Data Scientist,5,Senior
1725,"Experienced in Machine Learning, Python, NLP. Worked on NLP pipeline. 1 years of experience.",Data Scientist,1,Junior
1726,"Experienced in NLP, Machine Learning, Python. Worked on Built ML model. 4 years of experience.",Data Scientist,4,Senior
1727,"Experienced in Deep Learning, Pandas, NLP. Worked on Built ML model. 5 years of experience.",Data Scientist,5,Senior
1728,"Experienced in Pandas, Machine Learning, NLP. Worked on NLP pipeline. 0 years of experience.",Data Scientist,0,Junior
1729,"Experienced in Machine Learning, Pandas, Deep Learning. Worked on Prediction system. 3 years of experience.",Data Scientist,3,Mid
1730,"Experienced in Pandas, Python, NLP. Worked on NLP pipeline. 4 years of experience.",Data Scientist,4,Senior
1731,"Experienced in Python, Pandas, NLP. Worked on Prediction system. 5 years of experience.",Data Scientist,5,Senior
1732,"Experienced in Deep Learning, NLP, Machine Learning. Worked on Prediction system. 4 years of experience.",Data Scientist,4,Senior
1733,"Experienced in Deep Learning, Machine Learning, Pandas. Worked on Built ML model. 2 years of experience.",Data Scientist,2,Mid
1734,"Experienced in Machine Learning, Python, Deep Learning. Worked on Built ML model. 2 years of experience.",Data Scientist,2,Mid
1735,"Experienced in Pandas, Deep Learning, Machine Learning. Worked on Prediction system. 2 years of experience.",Data Scientist,2,Mid
1736,"Experienced in Deep Learning, NLP, Python. Worked on Built ML model. 4 years of experience.",Data Scientist,4,Senior
1737,"Experienced in Pandas, NLP, Python. Worked on Prediction system. 3 years of experience.",Data Scientist,3,Mid
1738,"Experienced in Python, NLP, Pandas. Worked on Prediction system. 3 years of experience.",Data Scientist,3,Mid
1739,"Experienced in Deep Learning, Python, Machine Learning. Worked on NLP pipeline. 3 years of experience.",Data Scientist,3,Mid
1740,"Experienced in Python, Pandas, Machine Learning. Worked on Prediction system. 0 years of experience.",Data Scientist,0,Junior
1741,"Experienced in Deep Learning, Pandas, NLP. Worked on NLP pipeline. 1 years of experience.",Data Scientist,1,Junior
1742,"Experienced in Machine Learning, Pandas, Python. Worked on Prediction system. 5 years of experience.",Data Scientist,5,Senior
1743,"Experienced in Pandas, Python, Machine Learning. Worked on Built ML model. 3 years of experience.",Data Scientist,3,Mid
1744,"Experienced in Pandas, Deep Learning, Python. Worked on Built ML model. 4 years of experience.",Data Scientist,4,Senior
1745,"Experienced in Machine Learning, NLP, Pandas. Worked on Prediction system. 2 years of experience.",Data Scientist,2,Mid
1746,"Experienced in Deep Learning, Pandas, NLP. Worked on Prediction system. 0 years of experience.",Data Scientist,0,Junior
1747,"Experienced in Python, Deep Learning, Machine Learning. Worked on Prediction system. 4 years of experience.",Data Scientist,4,Senior
1748,"Experienced in Python, Machine Learning, Pandas. Worked on Prediction system. 3 years of experience.",Data Scientist,3,Mid
1749,"Experienced in NLP, Pandas, Machine Learning. Worked on Built ML model. 4 years of experience.",Data Scientist,4,Senior
1750,"Experienced in NLP, Pandas, Python. Worked on Built ML model. 4 years of experience.",Data Scientist,4,Senior
1751,"Experienced in Pandas, Python, NLP. Worked on NLP pipeline. 0 years of experience.",Data Scientist,0,Junior
1752,"Experienced in Deep Learning, NLP, Machine Learning. Worked on Built ML model. 3 years of experience.",Data Scientist,3,Mid
1753,"Experienced in Deep Learning, Pandas, NLP. Worked on Prediction system. 4 years of experience.",Data Scientist,4,Senior
1754,"Experienced in NLP, Deep Learning, Pandas. Worked on NLP pipeline. 2 years of experience.",Data Scientist,2,Mid
1755,"Experienced in Pandas, NLP, Deep Learning. Worked on Built ML model. 4 years of experience.",Data Scientist,4,Senior
1756,"Experienced in Machine Learning, NLP, Python. Worked on NLP pipeline. 3 years of experience.",Data Scientist,3,Mid
1757,"Experienced in Deep Learning, Python, NLP. Worked on Built ML model. 2 years of experience.",Data Scientist,2,Mid
1758,"Experienced in Machine Learning, NLP, Python. Worked on Built ML model. 1 years of experience.",Data Scientist,1,Junior
1759,"Experienced in Python, NLP, Deep Learning. Worked on NLP pipeline. 4 years of experience.",Data Scientist,4,Senior
1760,"Experienced in NLP, Python, Machine Learning. Worked on NLP pipeline. 1 years of experience.",Data Scientist,1,Junior
1761,"Experienced in Pandas, Python, NLP. Worked on NLP pipeline. 5 years of experience.",Data Scientist,5,Senior
1762,"Experienced in Deep Learning, Python, Pandas. Worked on NLP pipeline. 4 years of experience.",Data Scientist,4,Senior
1763,"Experienced in Deep Learning, Pandas, Machine Learning. Worked on NLP pipeline. 4 years of experience.",Data Scientist,4,Senior
1764,"Experienced in Machine Learning, Python, NLP. Worked on NLP pipeline. 5 years of experience.",Data Scientist,5,Senior
1765,"Experienced in Machine Learning, Deep Learning, NLP. Worked on Built ML model. 2 years of experience.",Data Scientist,2,Mid
1766,"Experienced in NLP, Machine Learning, Pandas. Worked on Built ML model. 5 years of experience.",Data Scientist,5,Senior
1767,"Experienced in Pandas, Deep Learning, Python. Worked on Prediction system. 0 years of experience.",Data Scientist,0,Junior
1768,"Experienced in Machine Learning, Pandas, Python. Worked on Prediction system. 3 years of experience.",Data Scientist,3,Mid
1769,"Experienced in Python, Machine Learning, Deep Learning. Worked on Built ML model. 1 years of experience.",Data Scientist,1,Junior
1770,"Experienced in Pandas, NLP, Machine Learning. Worked on Prediction system. 0 years of experience.",Data Scientist,0,Junior
1771,"Experienced in Python, Pandas, NLP. Worked on NLP pipeline. 1 years of experience.",Data Scientist,1,Junior
1772,"Experienced in NLP, Python, Pandas. Worked on NLP pipeline. 3 years of experience.",Data Scientist,3,Mid
1773,"Experienced in Deep Learning, NLP, Python. Worked on Prediction system. 3 years of experience.",Data Scientist,3,Mid
1774,"Experienced in Python, Pandas, Machine Learning. Worked on Built ML model. 2 years of experience.",Data Scientist,2,Mid
1775,"Experienced in Machine Learning, Python, Pandas. Worked on NLP pipeline. 2 years of experience.",Data Scientist,2,Mid
1776,"Experienced in Machine Learning, Pandas, Python. Worked on NLP pipeline. 0 years of experience.",Data Scientist,0,Junior
1777,"Experienced in Deep Learning, Machine Learning, Python. Worked on Prediction system. 3 years of experience.",Data Scientist,3,Mid
1778,"Experienced in Pandas, Machine Learning, Python. Worked on Prediction system. 3 years of experience.",Data Scientist,3,Mid
1779,"Experienced in NLP, Python, Machine Learning. Worked on Prediction system. 2 years of experience.",Data Scientist,2,Mid
1780,"Experienced in NLP, Pandas, Deep Learning. Worked on Prediction system. 2 years of experience.",Data Scientist,2,Mid
1781,"Experienced in Python, Machine Learning, Deep Learning. Worked on NLP pipeline. 2 years of experience.",Data Scientist,2,Mid
1782,"Experienced in Deep Learning, Pandas, NLP. Worked on Built ML model. 3 years of experience.",Data Scientist,3,Mid
1783,"Experienced in NLP, Deep Learning, Machine Learning. Worked on Prediction system. 2 years of experience.",Data Scientist,2,Mid
1784,"Experienced in Python, Deep Learning, Machine Learning. Worked on Built ML model. 4 years of experience.",Data Scientist,4,Senior
1785,"Experienced in Python, Deep Learning, Machine Learning. Worked on Built ML model. 4 years of experience.",Data Scientist,4,Senior
1786,"Experienced in Machine Learning, NLP, Pandas. Worked on Prediction system. 4 years of experience.",Data Scientist,4,Senior
1787,"Experienced in Deep Learning, Machine Learning, Python. Worked on Prediction system. 1 years of experience.",Data Scientist,1,Junior
1788,"Experienced in NLP, Python, Deep Learning. Worked on Prediction system. 2 years of experience.",Data Scientist,2,Mid
1789,"Experienced in Python, Deep Learning, Machine Learning. Worked on Prediction system. 5 years of experience.",Data Scientist,5,Senior
1790,"Experienced in Machine Learning, NLP, Deep Learning. Worked on Built ML model. 0 years of experience.",Data Scientist,0,Junior
1791,"Experienced in Pandas, Machine Learning, Python. Worked on Built ML model. 2 years of experience.",Data Scientist,2,Mid
1792,"Experienced in Pandas, Python, Deep Learning. Worked on Built ML model. 1 years of experience.",Data Scientist,1,Junior
1793,"Experienced in Deep Learning, NLP, Python. Worked on Built ML model. 1 years of experience.",Data Scientist,1,Junior
1794,"Experienced in Machine Learning, Pandas, Python. Worked on NLP pipeline. 3 years of experience.",Data Scientist,3,Mid
1795,"Experienced in Machine Learning, Pandas, NLP. Worked on Built ML model. 0 years of experience.",Data Scientist,0,Junior
1796,"Experienced in Machine Learning, Deep Learning, Pandas. Worked on Built ML model. 2 years of experience.",Data Scientist,2,Mid
1797,"Experienced in Deep Learning, Pandas, NLP. Worked on Built ML model. 2 years of experience.",Data Scientist,2,Mid
1798,"Experienced in Python, Machine Learning, Pandas. Worked on NLP pipeline. 4 years of experience.",Data Scientist,4,Senior
1799,"Experienced in NLP, Python, Pandas. Worked on Prediction system. 0 years of experience.",Data Scientist,0,Junior
1800,"Experienced in Pandas, Deep Learning, Machine Learning. Worked on NLP pipeline. 0 years of experience.",Data Scientist,0,Junior
1801,"Experienced in NLP, Deep Learning, Python. Worked on Prediction system. 2 years of experience.",Data Scientist,2,Mid
1802,"Experienced in Python, Deep Learning, NLP. Worked on Prediction system. 4 years of experience.",Data Scientist,4,Senior
1803,"Experienced in Machine Learning, Pandas, NLP. Worked on Prediction system. 1 years of experience.",Data Scientist,1,Junior
1804,"Experienced in Pandas, Machine Learning, Python. Worked on NLP pipeline. 2 years of experience.",Data Scientist,2,Mid
1805,"Experienced in Deep Learning, Machine Learning, Pandas. Worked on Built ML model. 1 years of experience.",Data Scientist,1,Junior
1806,"Experienced in NLP, Machine Learning, Pandas. Worked on Prediction system. 5 years of experience.",Data Scientist,5,Senior
1807,"Experienced in NLP, Deep Learning, Pandas. Worked on NLP pipeline. 5 years of experience.",Data Scientist,5,Senior
1808,"Experienced in Deep Learning, Pandas, Python. Worked on Built ML model. 0 years of experience.",Data Scientist,0,Junior
1809,"Experienced in Deep Learning, Python, NLP. Worked on Built ML model. 4 years of experience.",Data Scientist,4,Senior
1810,"Experienced in NLP, Python, Deep Learning. Worked on Prediction system. 3 years of experience.",Data Scientist,3,Mid
1811,"Experienced in Machine Learning, Pandas, Deep Learning. Worked on NLP pipeline. 5 years of experience.",Data Scientist,5,Senior
1812,"Experienced in Machine Learning, Deep Learning, NLP. Worked on Built ML model. 5 years of experience.",Data Scientist,5,Senior
1813,"Experienced in Machine Learning, Python, Pandas. Worked on Prediction system. 4 years of experience.",Data Scientist,4,Senior
1814,"Experienced in Pandas, Machine Learning, NLP. Worked on Built ML model. 1 years of experience.",Data Scientist,1,Junior
1815,"Experienced in Deep Learning, Python, Machine Learning. Worked on Built ML model. 0 years of experience.",Data Scientist,0,Junior
1816,"Experienced in NLP, Machine Learning, Pandas. Worked on Built ML model. 1 years of experience.",Data Scientist,1,Junior
1817,"Experienced in Pandas, NLP, Deep Learning. Worked on Prediction system. 5 years of experience.",Data Scientist,5,Senior
1818,"Experienced in Pandas, Deep Learning, Machine Learning. Worked on NLP pipeline. 2 years of experience.",Data Scientist,2,Mid
1819,"Experienced in Deep Learning, Pandas, Python. Worked on Built ML model. 2 years of experience.",Data Scientist,2,Mid
1820,"Experienced in Python, NLP, Deep Learning. Worked on Prediction system. 1 years of experience.",Data Scientist,1,Junior
1821,"Experienced in NLP, Machine Learning, Python. Worked on Built ML model. 4 years of experience.",Data Scientist,4,Senior
1822,"Experienced in Pandas, Machine Learning, Deep Learning. Worked on Built ML model. 2 years of experience.",Data Scientist,2,Mid
1823,"Experienced in Python, Deep Learning, Machine Learning. Worked on Prediction system. 4 years of experience.",Data Scientist,4,Senior
1824,"Experienced in Machine Learning, NLP, Python. Worked on Prediction system. 1 years of experience.",Data Scientist,1,Junior
1825,"Experienced in Python, Pandas, NLP. Worked on NLP pipeline. 3 years of experience.",Data Scientist,3,Mid
1826,"Experienced in Pandas, Machine Learning, Deep Learning. Worked on Prediction system. 2 years of experience.",Data Scientist,2,Mid
1827,"Experienced in NLP, Machine Learning, Pandas. Worked on Prediction system. 4 years of experience.",Data Scientist,4,Senior
1828,"Experienced in NLP, Deep Learning, Machine Learning. Worked on NLP pipeline. 4 years of experience.",Data Scientist,4,Senior
1829,"Experienced in Pandas, Python, Machine Learning. Worked on Built ML model. 0 years of experience.",Data Scientist,0,Junior
1830,"Experienced in Pandas, Python, Machine Learning. Worked on Prediction system. 1 years of experience.",Data Scientist,1,Junior
1831,"Experienced in Pandas, Python, Deep Learning. Worked on NLP pipeline. 4 years of experience.",Data Scientist,4,Senior
1832,"Experienced in Python, Deep Learning, Pandas. Worked on NLP pipeline. 2 years of experience.",Data Scientist,2,Mid
1833,"Experienced in NLP, Python, Deep Learning. Worked on NLP pipeline. 4 years of experience.",Data Scientist,4,Senior
1834,"Experienced in Pandas, Python, Deep Learning. Worked on NLP pipeline. 2 years of experience.",Data Scientist,2,Mid
1835,"Experienced in Machine Learning, Python, Deep Learning. Worked on Built ML model. 2 years of experience.",Data Scientist,2,Mid
1836,"Experienced in Pandas, Python, Deep Learning. Worked on NLP pipeline. 5 years of experience.",Data Scientist,5,Senior
1837,"Experienced in Python, NLP, Pandas. Worked on NLP pipeline. 1 years of experience.",Data Scientist,1,Junior
1838,"Experienced in Machine Learning, Pandas, Python. Worked on NLP pipeline. 2 years of experience.",Data Scientist,2,Mid
1839,"Experienced in Deep Learning, Pandas, NLP. Worked on Built ML model. 0 years of experience.",Data Scientist,0,Junior
1840,"Experienced in Python, Machine Learning, Pandas. Worked on NLP pipeline. 4 years of experience.",Data Scientist,4,Senior
1841,"Experienced in Python, Machine Learning, Deep Learning. Worked on NLP pipeline. 0 years of experience.",Data Scientist,0,Junior
1842,"Experienced in NLP, Machine Learning, Pandas. Worked on Prediction system. 1 years of experience.",Data Scientist,1,Junior
1843,"Experienced in Pandas, Deep Learning, NLP. Worked on NLP pipeline. 0 years of experience.",Data Scientist,0,Junior
1844,"Experienced in Python, Machine Learning, Deep Learning. Worked on NLP pipeline. 1 years of experience.",Data Scientist,1,Junior
1845,"Experienced in Python, NLP, Deep Learning. Worked on Built ML model. 2 years of experience.",Data Scientist,2,Mid
1846,"Experienced in Deep Learning, Machine Learning, NLP. Worked on NLP pipeline. 1 years of experience.",Data Scientist,1,Junior
1847,"Experienced in Pandas, Machine Learning, NLP. Worked on NLP pipeline. 0 years of experience.",Data Scientist,0,Junior
1848,"Experienced in Pandas, NLP, Python. Worked on Built ML model. 4 years of experience.",Data Scientist,4,Senior
1849,"Experienced in Python, Pandas, Deep Learning. Worked on Built ML model. 3 years of experience.",Data Scientist,3,Mid
1850,"Experienced in Pandas, Python, Deep Learning. Worked on Built ML model. 1 years of experience.",Data Scientist,1,Junior
1851,"Experienced in Pandas, Machine Learning, Deep Learning. Worked on NLP pipeline. 2 years of experience.",Data Scientist,2,Mid
1852,"Experienced in Machine Learning, NLP, Python. Worked on Built ML model. 2 years of experience.",Data Scientist,2,Mid
1853,"Experienced in Python, NLP, Deep Learning. Worked on Built ML model. 1 years of experience.",Data Scientist,1,Junior
1854,"Experienced in Deep Learning, Pandas, Machine Learning. Worked on Built ML model. 5 years of experience.",Data Scientist,5,Senior
1855,"Experienced in Pandas, Machine Learning, Python. Worked on Built ML model. 2 years of experience.",Data Scientist,2,Mid
1856,"Experienced in NLP, Python, Deep Learning. Worked on Prediction system. 2 years of experience.",Data Scientist,2,Mid
1857,"Experienced in Machine Learning, Pandas, Deep Learning. Worked on NLP pipeline. 5 years of experience.",Data Scientist,5,Senior
1858,"Experienced in Pandas, NLP, Python. Worked on Prediction system. 2 years of experience.",Data Scientist,2,Mid
1859,"Experienced in Python, Pandas, Machine Learning. Worked on Prediction system. 1 years of experience.",Data Scientist,1,Junior
1860,"Experienced in Machine Learning, Python, Deep Learning. Worked on Prediction system. 5 years of experience.",Data Scientist,5,Senior
1861,"Experienced in Deep Learning, Python, NLP. Worked on Prediction system. 4 years of experience.",Data Scientist,4,Senior
1862,"Experienced in Python, NLP, Pandas. Worked on NLP pipeline. 3 years of experience.",Data Scientist,3,Mid
1863,"Experienced in Python, Machine Learning, Deep Learning. Worked on Built ML model. 2 years of experience.",Data Scientist,2,Mid
1864,"Experienced in Machine Learning, NLP, Python. Worked on NLP pipeline. 4 years of experience.",Data Scientist,4,Senior
1865,"Experienced in Pandas, Python, Deep Learning. Worked on Prediction system. 0 years of experience.",Data Scientist,0,Junior
1866,"Experienced in Python, Pandas, NLP. Worked on NLP pipeline. 4 years of experience.",Data Scientist,4,Senior
1867,"Experienced in NLP, Deep Learning, Pandas. Worked on NLP pipeline. 2 years of experience.",Data Scientist,2,Mid
1868,"Experienced in Pandas, Machine Learning, Deep Learning. Worked on Prediction system. 5 years of experience.",Data Scientist,5,Senior
1869,"Experienced in Deep Learning, Python, Pandas. Worked on NLP pipeline. 4 years of experience.",Data Scientist,4,Senior
1870,"Experienced in Python, Machine Learning, NLP. Worked on Prediction system. 5 years of experience.",Data Scientist,5,Senior
1871,"Experienced in NLP, Python, Pandas. Worked on Built ML model. 3 years of experience.",Data Scientist,3,Mid
1872,"Experienced in NLP, Pandas, Deep Learning. Worked on Built ML model. 3 years of experience.",Data Scientist,3,Mid
1873,"Experienced in Pandas, Machine Learning, Deep Learning. Worked on NLP pipeline. 5 years of experience.",Data Scientist,5,Senior
1874,"Experienced in Pandas, Python, Deep Learning. Worked on Built ML model. 4 years of experience.",Data Scientist,4,Senior
1875,"Experienced in NLP, Python, Pandas. Worked on Prediction system. 3 years of experience.",Data Scientist,3,Mid
1876,"Experienced in Machine Learning, Pandas, NLP. Worked on Built ML model. 2 years of experience.",Data Scientist,2,Mid
1877,"Experienced in Machine Learning, NLP, Python. Worked on Built ML model. 0 years of experience.",Data Scientist,0,Junior
1878,"Experienced in Deep Learning, NLP, Pandas. Worked on Prediction system. 3 years of experience.",Data Scientist,3,Mid
1879,"Experienced in Python, Machine Learning, NLP. Worked on NLP pipeline. 2 years of experience.",Data Scientist,2,Mid
1880,"Experienced in Machine Learning, NLP, Deep Learning. Worked on Built ML model. 5 years of experience.",Data Scientist,5,Senior
1881,"Experienced in Deep Learning, Pandas, NLP. Worked on NLP pipeline. 3 years of experience.",Data Scientist,3,Mid
1882,"Experienced in NLP, Machine Learning, Python. Worked on Prediction system. 5 years of experience.",Data Scientist,5,Senior
1883,"Experienced in NLP, Machine Learning, Deep Learning. Worked on Built ML model. 0 years of experience.",Data Scientist,0,Junior
1884,"Experienced in NLP, Deep Learning, Machine Learning. Worked on Built ML model. 5 years of experience.",Data Scientist,5,Senior
1885,"Experienced in Machine Learning, Pandas, Deep Learning. Worked on Built ML model. 3 years of experience.",Data Scientist,3,Mid
1886,"Experienced in Machine Learning, Pandas, Python. Worked on NLP pipeline. 4 years of experience.",Data Scientist,4,Senior
1887,"Experienced in Python, Machine Learning, Deep Learning. Worked on Prediction system. 5 years of experience.",Data Scientist,5,Senior
1888,"Experienced in Pandas, Machine Learning, NLP. Worked on Prediction system. 5 years of experience.",Data Scientist,5,Senior
1889,"Experienced in Deep Learning, NLP, Python. Worked on Prediction system. 4 years of experience.",Data Scientist,4,Senior
1890,"Experienced in Deep Learning, Pandas, Python. Worked on Prediction system. 4 years of experience.",Data Scientist,4,Senior
1891,"Experienced in Python, Deep Learning, NLP. Worked on Prediction system. 4 years of experience.",Data Scientist,4,Senior
1892,"Experienced in Pandas, NLP, Deep Learning. Worked on NLP pipeline. 5 years of experience.",Data Scientist,5,Senior
1893,"Experienced in Machine Learning, Python, Deep Learning. Worked on Prediction system. 5 years of experience.",Data Scientist,5,Senior
1894,"Experienced in Python, Machine Learning, Pandas. Worked on Built ML model. 0 years of experience.",Data Scientist,0,Junior
1895,"Experienced in Pandas, Deep Learning, NLP. Worked on NLP pipeline. 0 years of experience.",Data Scientist,0,Junior
1896,"Experienced in Machine Learning, Python, NLP. Worked on NLP pipeline. 1 years of experience.",Data Scientist,1,Junior
1897,"Experienced in Python, Deep Learning, Pandas. Worked on Prediction system. 2 years of experience.",Data Scientist,2,Mid
1898,"Experienced in NLP, Pandas, Deep Learning. Worked on Built ML model. 3 years of experience.",Data Scientist,3,Mid
1899,"Experienced in Machine Learning, Python, NLP. Worked on Built ML model. 2 years of experience.",Data Scientist,2,Mid
1900,"Experienced in Deep Learning, Pandas, Machine Learning. Worked on NLP pipeline. 5 years of experience.",Data Scientist,5,Senior
1901,"Experienced in Machine Learning, Pandas, NLP. Worked on Prediction system. 0 years of experience.",Data Scientist,0,Junior
1902,"Experienced in NLP, Deep Learning, Pandas. Worked on Prediction system. 2 years of experience.",Data Scientist,2,Mid
1903,"Experienced in Python, NLP, Machine Learning. Worked on NLP pipeline. 4 years of experience.",Data Scientist,4,Senior
1904,"Experienced in NLP, Deep Learning, Pandas. Worked on Built ML model. 2 years of experience.",Data Scientist,2,Mid
1905,"Experienced in Python, Machine Learning, Pandas. Worked on NLP pipeline. 4 years of experience.",Data Scientist,4,Senior
1906,"Experienced in Pandas, Deep Learning, Python. Worked on NLP pipeline. 5 years of experience.",Data Scientist,5,Senior
1907,"Experienced in Deep Learning, Pandas, Machine Learning. Worked on NLP pipeline. 1 years of experience.",Data Scientist,1,Junior
1908,"Experienced in Deep Learning, Machine Learning, Pandas. Worked on Built ML model. 4 years of experience.",Data Scientist,4,Senior
1909,"Experienced in Machine Learning, Python, Pandas. Worked on Built ML model. 3 years of experience.",Data Scientist,3,Mid
1910,"Experienced in Pandas, Python, NLP. Worked on NLP pipeline. 1 years of experience.",Data Scientist,1,Junior
1911,"Experienced in Machine Learning, Deep Learning, Python. Worked on NLP pipeline. 2 years of experience.",Data Scientist,2,Mid
1912,"Experienced in Machine Learning, Pandas, NLP. Worked on NLP pipeline. 2 years of experience.",Data Scientist,2,Mid
1913,"Experienced in Python, NLP, Deep Learning. Worked on Prediction system. 1 years of experience.",Data Scientist,1,Junior
1914,"Experienced in NLP, Python, Pandas. Worked on Built ML model. 5 years of experience.",Data Scientist,5,Senior
1915,"Experienced in Python, Pandas, NLP. Worked on NLP pipeline. 5 years of experience.",Data Scientist,5,Senior
1916,"Experienced in Python, Deep Learning, Pandas. Worked on NLP pipeline. 3 years of experience.",Data Scientist,3,Mid
1917,"Experienced in Pandas, Deep Learning, Machine Learning. Worked on NLP pipeline. 3 years of experience.",Data Scientist,3,Mid
1918,"Experienced in Python, Pandas, Machine Learning. Worked on Prediction system. 4 years of experience.",Data Scientist,4,Senior
1919,"Experienced in Deep Learning, Pandas, Machine Learning. Worked on Prediction system. 3 years of experience.",Data Scientist,3,Mid
1920,"Experienced in Deep Learning, Pandas, Python. Worked on Prediction system. 5 years of experience.",Data Scientist,5,Senior
1921,"Experienced in Machine Learning, Deep Learning, Python. Worked on Prediction system. 2 years of experience.",Data Scientist,2,Mid
1922,"Experienced in NLP, Machine Learning, Deep Learning. Worked on NLP pipeline. 0 years of experience.",Data Scientist,0,Junior
1923,"Experienced in Pandas, Machine Learning, Deep Learning. Worked on Prediction system. 5 years of experience.",Data Scientist,5,Senior
1924,"Experienced in NLP, Deep Learning, Pandas. Worked on Built ML model. 1 years of experience.",Data Scientist,1,Junior
1925,"Experienced in Python, Pandas, Machine Learning. Worked on Prediction system. 2 years of experience.",Data Scientist,2,Mid
1926,"Experienced in Python, Deep Learning, Pandas. Worked on Prediction system. 5 years of experience.",Data Scientist,5,Senior
1927,"Experienced in Deep Learning, Python, Machine Learning. Worked on Prediction system. 3 years of experience.",Data Scientist,3,Mid
1928,"Experienced in NLP, Machine Learning, Python. Worked on Prediction system. 1 years of experience.",Data Scientist,1,Junior
1929,"Experienced in NLP, Python, Machine Learning. Worked on Built ML model. 2 years of experience.",Data Scientist,2,Mid
1930,"Experienced in Python, Machine Learning, Deep Learning. Worked on NLP pipeline. 2 years of experience.",Data Scientist,2,Mid
1931,"Experienced in Pandas, NLP, Machine Learning. Worked on Prediction system. 5 years of experience.",Data Scientist,5,Senior
1932,"Experienced in Python, NLP, Machine Learning. Worked on Built ML model. 0 years of experience.",Data Scientist,0,Junior
1933,"Experienced in Python, NLP, Deep Learning. Worked on Prediction system. 3 years of experience.",Data Scientist,3,Mid
1934,"Experienced in Deep Learning, NLP, Pandas. Worked on Prediction system. 4 years of experience.",Data Scientist,4,Senior
1935,"Experienced in NLP, Machine Learning, Python. Worked on Built ML model. 4 years of experience.",Data Scientist,4,Senior
1936,"Experienced in Deep Learning, Machine Learning, Pandas. Worked on NLP pipeline. 0 years of experience.",Data Scientist,0,Junior
1937,"Experienced in Deep Learning, NLP, Python. Worked on Built ML model. 1 years of experience.",Data Scientist,1,Junior
1938,"Experienced in Pandas, Deep Learning, Python. Worked on NLP pipeline. 2 years of experience.",Data Scientist,2,Mid
1939,"Experienced in Pandas, Deep Learning, Python. Worked on NLP pipeline. 3 years of experience.",Data Scientist,3,Mid
1940,"Experienced in Python, Machine Learning, Pandas. Worked on Built ML model. 0 years of experience.",Data Scientist,0,Junior
1941,"Experienced in Pandas, Machine Learning, NLP. Worked on NLP pipeline. 5 years of experience.",Data Scientist,5,Senior
1942,"Experienced in Pandas, Machine Learning, Deep Learning. Worked on Prediction system. 0 years of experience.",Data Scientist,0,Junior
1943,"Experienced in Pandas, Python, NLP. Worked on Built ML model. 4 years of experience.",Data Scientist,4,Senior
1944,"Experienced in Python, Machine Learning, Pandas. Worked on Prediction system. 4 years of experience.",Data Scientist,4,Senior
1945,"Experienced in NLP, Python, Machine Learning. Worked on NLP pipeline. 5 years of experience.",Data Scientist,5,Senior
1946,"Experienced in Python, Deep Learning, Pandas. Worked on NLP pipeline. 2 years of experience.",Data Scientist,2,Mid
1947,"Experienced in Machine Learning, Python, NLP. Worked on Prediction system. 5 years of experience.",Data Scientist,5,Senior
1948,"Experienced in Python, Machine Learning, NLP. Worked on NLP pipeline. 2 years of experience.",Data Scientist,2,Mid
1949,"Experienced in Deep Learning, Pandas, Python. Worked on Prediction system. 2 years of experience.",Data Scientist,2,Mid
1950,"Experienced in Deep Learning, Python, Machine Learning. Worked on Built ML model. 4 years of experience.",Data Scientist,4,Senior
1951,"Experienced in NLP, Deep Learning, Python. Worked on Prediction system. 3 years of experience.",Data Scientist,3,Mid
1952,"Experienced in Pandas, NLP, Deep Learning. Worked on Built ML model. 3 years of experience.",Data Scientist,3,Mid
1953,"Experienced in Machine Learning, Deep Learning, Pandas. Worked on Prediction system. 0 years of experience.",Data Scientist,0,Junior
1954,"Experienced in Pandas, Deep Learning, Python. Worked on NLP pipeline. 0 years of experience.",Data Scientist,0,Junior
1955,"Experienced in Machine Learning, NLP, Python. Worked on Built ML model. 1 years of experience.",Data Scientist,1,Junior
1956,"Experienced in Pandas, Machine Learning, Python. Worked on Built ML model. 1 years of experience.",Data Scientist,1,Junior
1957,"Experienced in NLP, Machine Learning, Deep Learning. Worked on NLP pipeline. 4 years of experience.",Data Scientist,4,Senior
1958,"Experienced in NLP, Machine Learning, Deep Learning. Worked on Built ML model. 0 years of experience.",Data Scientist,0,Junior
1959,"Experienced in Deep Learning, Pandas, Machine Learning. Worked on Built ML model. 1 years of experience.",Data Scientist,1,Junior
1960,"Experienced in Deep Learning, Machine Learning, Python. Worked on Prediction system. 4 years of experience.",Data Scientist,4,Senior
1961,"Experienced in Pandas, Machine Learning, Python. Worked on NLP pipeline. 5 years of experience.",Data Scientist,5,Senior
1962,"Experienced in Machine Learning, Pandas, NLP. Worked on NLP pipeline. 0 years of experience.",Data Scientist,0,Junior
1963,"Experienced in Pandas, Machine Learning, Deep Learning. Worked on NLP pipeline. 3 years of experience.",Data Scientist,3,Mid
1964,"Experienced in NLP, Pandas, Python. Worked on Prediction system. 5 years of experience.",Data Scientist,5,Senior
1965,"Experienced in Pandas, Machine Learning, Deep Learning. Worked on NLP pipeline. 5 years of experience.",Data Scientist,5,Senior
1966,"Experienced in Deep Learning, Machine Learning, Python. Worked on Prediction system. 2 years of experience.",Data Scientist,2,Mid
1967,"Experienced in Pandas, Python, Deep Learning. Worked on Built ML model. 4 years of experience.",Data Scientist,4,Senior
1968,"Experienced in Python, Deep Learning, Machine Learning. Worked on NLP pipeline. 5 years of experience.",Data Scientist,5,Senior
1969,"Experienced in NLP, Pandas, Python. Worked on Built ML model. 2 years of experience.",Data Scientist,2,Mid
1970,"Experienced in Python, Pandas, NLP. Worked on Built ML model. 2 years of experience.",Data Scientist,2,Mid
1971,"Experienced in NLP, Pandas, Machine Learning. Worked on Built ML model. 3 years of experience.",Data Scientist,3,Mid
1972,"Experienced in NLP, Python, Deep Learning. Worked on NLP pipeline. 0 years of experience.",Data Scientist,0,Junior
1973,"Experienced in Deep Learning, NLP, Python. Worked on NLP pipeline. 4 years of experience.",Data Scientist,4,Senior
1974,"Experienced in Python, Deep Learning, Pandas. Worked on NLP pipeline. 3 years of experience.",Data Scientist,3,Mid
1975,"Experienced in Python, NLP, Pandas. Worked on Prediction system. 4 years of experience.",Data Scientist,4,Senior
1976,"Experienced in NLP, Pandas, Python. Worked on Built ML model. 5 years of experience.",Data Scientist,5,Senior
1977,"Experienced in Pandas, Deep Learning, Machine Learning. Worked on NLP pipeline. 1 years of experience.",Data Scientist,1,Junior
1978,"Experienced in Deep Learning, Python, NLP. Worked on Built ML model. 5 years of experience.",Data Scientist,5,Senior
1979,"Experienced in Pandas, NLP, Deep Learning. Worked on Prediction system. 4 years of experience.",Data Scientist,4,Senior
1980,"Experienced in Machine Learning, NLP, Deep Learning. Worked on NLP pipeline. 3 years of experience.",Data Scientist,3,Mid
1981,"Experienced in Deep Learning, NLP, Pandas. Worked on NLP pipeline. 2 years of experience.",Data Scientist,2,Mid
1982,"Experienced in NLP, Python, Pandas. Worked on Prediction system. 2 years of experience.",Data Scientist,2,Mid
1983,"Experienced in Python, Deep Learning, Pandas. Worked on Prediction system. 2 years of experience.",Data Scientist,2,Mid
1984,"Experienced in Deep Learning, Machine Learning, NLP. Worked on Built ML model. 3 years of experience.",Data Scientist,3,Mid
1985,"Experienced in Python, Deep Learning, Machine Learning. Worked on Built ML model. 5 years of experience.",Data Scientist,5,Senior
1986,"Experienced in Pandas, NLP, Machine Learning. Worked on Built ML model. 2 years of experience.",Data Scientist,2,Mid
1987,"Experienced in NLP, Pandas, Deep Learning. Worked on NLP pipeline. 2 years of experience.",Data Scientist,2,Mid
1988,"Experienced in NLP, Machine Learning, Deep Learning. Worked on NLP pipeline. 2 years of experience.",Data Scientist,2,Mid
1989,"Experienced in Machine Learning, NLP, Deep Learning. Worked on Prediction system. 4 years of experience.",Data Scientist,4,Senior
1990,"Experienced in Deep Learning, Pandas, Machine Learning. Worked on Built ML model. 3 years of experience.",Data Scientist,3,Mid
1991,"Experienced in Deep Learning, Pandas, Python. Worked on Prediction system. 3 years of experience.",Data Scientist,3,Mid
1992,"Experienced in NLP, Machine Learning, Deep Learning. Worked on Prediction system. 5 years of experience.",Data Scientist,5,Senior
1993,"Experienced in Deep Learning, Pandas, Machine Learning. Worked on Prediction system. 2 years of experience.",Data Scientist,2,Mid
1994,"Experienced in NLP, Deep Learning, Python. Worked on Built ML model. 4 years of experience.",Data Scientist,4,Senior
1995,"Experienced in NLP, Pandas, Machine Learning. Worked on Built ML model. 4 years of experience.",Data Scientist,4,Senior
1996,"Experienced in NLP, Deep Learning, Pandas. Worked on Prediction system. 4 years of experience.",Data Scientist,4,Senior
1997,"Experienced in Python, NLP, Pandas. Worked on Prediction system. 5 years of experience.",Data Scientist,5,Senior
1998,"Experienced in Python, Deep Learning, Pandas. Worked on Built ML model. 4 years of experience.",Data Scientist,4,Senior
1999,"Experienced in Pandas, NLP, Python. Worked on Prediction system. 3 years of experience.",Data Scientist,3,Mid
2000,"Experienced in NLP, Deep Learning, Python. Worked on NLP pipeline. 0 years of experience.",Data Scientist,0,Junior
2001,"Experienced in Deep Learning, NLP, Pandas. Worked on NLP pipeline. 0 years of experience.",Data Scientist,0,Junior
2002,"Experienced in Pandas, Deep Learning, Machine Learning. Worked on NLP pipeline. 2 years of experience.",Data Scientist,2,Mid
2003,"Experienced in Python, Pandas, Machine Learning. Worked on NLP pipeline. 0 years of experience.",Data Scientist,0,Junior
2004,"Experienced in Python, NLP, Deep Learning. Worked on Built ML model. 2 years of experience.",Data Scientist,2,Mid
2005,"Experienced in Machine Learning, Python, Deep Learning. Worked on Prediction system. 3 years of experience.",Data Scientist,3,Mid
2006,"Experienced in NLP, Python, Deep Learning. Worked on Prediction system. 4 years of experience.",Data Scientist,4,Senior
2007,"Experienced in Deep Learning, Machine Learning, NLP. Worked on NLP pipeline. 3 years of experience.",Data Scientist,3,Mid
2008,"Experienced in Python, Deep Learning, Pandas. Worked on Built ML model. 4 years of experience.",Data Scientist,4,Senior
2009,"Experienced in Machine Learning, Deep Learning, NLP. Worked on Built ML model. 0 years of experience.",Data Scientist,0,Junior
2010,"Experienced in Pandas, NLP, Python. Worked on NLP pipeline. 3 years of experience.",Data Scientist,3,Mid
2011,"Experienced in Pandas, Machine Learning, Python. Worked on Built ML model. 1 years of experience.",Data Scientist,1,Junior
2012,"Experienced in Machine Learning, Pandas, Python. Worked on NLP pipeline. 1 years of experience.",Data Scientist,1,Junior
2013,"Experienced in Machine Learning, Deep Learning, Python. Worked on NLP pipeline. 4 years of experience.",Data Scientist,4,Senior
2014,"Experienced in Pandas, Python, NLP. Worked on NLP pipeline. 4 years of experience.",Data Scientist,4,Senior
2015,"Experienced in Pandas, Machine Learning, Deep Learning. Worked on NLP pipeline. 5 years of experience.",Data Scientist,5,Senior
2016,"Experienced in Machine Learning, NLP, Pandas. Worked on NLP pipeline. 4 years of experience.",Data Scientist,4,Senior
2017,"Experienced in Deep Learning, Pandas, NLP. Worked on Prediction system. 3 years of experience.",Data Scientist,3,Mid
2018,"Experienced in Python, NLP, Deep Learning. Worked on Built ML model. 4 years of experience.",Data Scientist,4,Senior
2019,"Experienced in NLP, Python, Machine Learning. Worked on NLP pipeline. 3 years of experience.",Data Scientist,3,Mid
2020,"Experienced in Deep Learning, Python, NLP. Worked on Prediction system. 2 years of experience.",Data Scientist,2,Mid
2021,"Experienced in Machine Learning, Python, NLP. Worked on Prediction system. 2 years of experience.",Data Scientist,2,Mid
2022,"Experienced in NLP, Machine Learning, Pandas. Worked on NLP pipeline. 4 years of experience.",Data Scientist,4,Senior
2023,"Experienced in Python, Pandas, Deep Learning. Worked on NLP pipeline. 4 years of experience.",Data Scientist,4,Senior
2024,"Experienced in Machine Learning, Pandas, NLP. Worked on Built ML model. 4 years of experience.",Data Scientist,4,Senior
2025,"Experienced in Python, Deep Learning, Machine Learning. Worked on NLP pipeline. 4 years of experience.",Data Scientist,4,Senior
2026,"Experienced in NLP, Deep Learning, Python. Worked on NLP pipeline. 5 years of experience.",Data Scientist,5,Senior
2027,"Experienced in Pandas, Python, Deep Learning. Worked on NLP pipeline. 5 years of experience.",Data Scientist,5,Senior
2028,"Experienced in NLP, Python, Machine Learning. Worked on Built ML model. 1 years of experience.",Data Scientist,1,Junior
2029,"Experienced in Machine Learning, Deep Learning, Python. Worked on Prediction system. 2 years of experience.",Data Scientist,2,Mid
2030,"Experienced in NLP, Python, Machine Learning. Worked on Prediction system. 5 years of experience.",Data Scientist,5,Senior
2031,"Experienced in Deep Learning, Pandas, Python. Worked on Prediction system. 4 years of experience.",Data Scientist,4,Senior
2032,"Experienced in Machine Learning, NLP, Python. Worked on NLP pipeline. 1 years of experience.",Data Scientist,1,Junior
2033,"Experienced in Python, Machine Learning, Deep Learning. Worked on Prediction system. 2 years of experience.",Data Scientist,2,Mid
2034,"Experienced in Deep Learning, Pandas, Python. Worked on Built ML model. 4 years of experience.",Data Scientist,4,Senior
2035,"Experienced in Pandas, NLP, Deep Learning. Worked on Prediction system. 0 years of experience.",Data Scientist,0,Junior
2036,"Experienced in NLP, Pandas, Machine Learning. Worked on Built ML model. 2 years of experience.",Data Scientist,2,Mid
2037,"Experienced in Machine Learning, Deep Learning, NLP. Worked on NLP pipeline. 3 years of experience.",Data Scientist,3,Mid
2038,"Experienced in Deep Learning, Python, Machine Learning. Worked on Built ML model. 2 years of experience.",Data Scientist,2,Mid
2039,"Experienced in Deep Learning, Pandas, NLP. Worked on NLP pipeline. 5 years of experience.",Data Scientist,5,Senior
2040,"Experienced in Pandas, NLP, Python. Worked on NLP pipeline. 3 years of experience.",Data Scientist,3,Mid
2041,"Experienced in Deep Learning, Machine Learning, Pandas. Worked on Prediction system. 5 years of experience.",Data Scientist,5,Senior
2042,"Experienced in Machine Learning, NLP, Deep Learning. Worked on Prediction system. 4 years of experience.",Data Scientist,4,Senior
2043,"Experienced in Machine Learning, Python, Deep Learning. Worked on NLP pipeline. 0 years of experience.",Data Scientist,0,Junior
2044,"Experienced in Deep Learning, Machine Learning, Pandas. Worked on Prediction system. 5 years of experience.",Data Scientist,5,Senior
2045,"Experienced in NLP, Deep Learning, Pandas. Worked on Built ML model. 4 years of experience.",Data Scientist,4,Senior
2046,"Experienced in Machine Learning, NLP, Pandas. Worked on NLP pipeline. 2 years of experience.",Data Scientist,2,Mid
2047,"Experienced in Pandas, Machine Learning, Deep Learning. Worked on NLP pipeline. 5 years of experience.",Data Scientist,5,Senior
2048,"Experienced in Pandas, Python, Deep Learning. Worked on Prediction system. 5 years of experience.",Data Scientist,5,Senior
2049,"Experienced in NLP, Machine Learning, Python. Worked on NLP pipeline. 5 years of experience.",Data Scientist,5,Senior
2050,"Experienced in NLP, Machine Learning, Deep Learning. Worked on NLP pipeline. 1 years of experience.",Data Scientist,1,Junior
2051,"Experienced in Machine Learning, Deep Learning, Python. Worked on NLP pipeline. 5 years of experience.",Data Scientist,5,Senior
2052,"Experienced in Machine Learning, Deep Learning, Pandas. Worked on Built ML model. 0 years of experience.",Data Scientist,0,Junior
2053,"Experienced in Pandas, Deep Learning, NLP. Worked on NLP pipeline. 1 years of experience.",Data Scientist,1,Junior
2054,"Experienced in NLP, Deep Learning, Python. Worked on NLP pipeline. 2 years of experience.",Data Scientist,2,Mid
2055,"Experienced in Python, Pandas, Deep Learning. Worked on Built ML model. 2 years of experience.",Data Scientist,2,Mid
2056,"Experienced in Python, Pandas, NLP. Worked on Prediction system. 5 years of experience.",Data Scientist,5,Senior
2057,"Experienced in NLP, Deep Learning, Python. Worked on NLP pipeline. 0 years of experience.",Data Scientist,0,Junior
2058,"Experienced in Python, NLP, Deep Learning. Worked on Built ML model. 5 years of experience.",Data Scientist,5,Senior
2059,"Experienced in Python, Pandas, Deep Learning. Worked on NLP pipeline. 2 years of experience.",Data Scientist,2,Mid
2060,"Experienced in Machine Learning, NLP, Python. Worked on Built ML model. 4 years of experience.",Data Scientist,4,Senior
2061,"Experienced in Pandas, Python, NLP. Worked on NLP pipeline. 0 years of experience.",Data Scientist,0,Junior
2062,"Experienced in Pandas, Python, Machine Learning. Worked on Built ML model. 2 years of experience.",Data Scientist,2,Mid
2063,"Experienced in Machine Learning, Deep Learning, NLP. Worked on NLP pipeline. 0 years of experience.",Data Scientist,0,Junior
2064,"Experienced in NLP, Pandas, Machine Learning. Worked on Built ML model. 0 years of experience.",Data Scientist,0,Junior
2065,"Experienced in Pandas, Machine Learning, Deep Learning. Worked on Prediction system. 2 years of experience.",Data Scientist,2,Mid
2066,"Experienced in NLP, Python, Deep Learning. Worked on NLP pipeline. 3 years of experience.",Data Scientist,3,Mid
2067,"Experienced in Pandas, Python, Machine Learning. Worked on Built ML model. 0 years of experience.",Data Scientist,0,Junior
2068,"Experienced in Deep Learning, NLP, Pandas. Worked on Built ML model. 4 years of experience.",Data Scientist,4,Senior
2069,"Experienced in Machine Learning, Python, Deep Learning. Worked on NLP pipeline. 1 years of experience.",Data Scientist,1,Junior
2070,"Experienced in Python, NLP, Machine Learning. Worked on Built ML model. 4 years of experience.",Data Scientist,4,Senior
2071,"Experienced in Machine Learning, Pandas, NLP. Worked on Prediction system. 4 years of experience.",Data Scientist,4,Senior
2072,"Experienced in Pandas, NLP, Deep Learning. Worked on Prediction system. 3 years of experience.",Data Scientist,3,Mid
2073,"Experienced in Python, NLP, Deep Learning. Worked on Built ML model. 3 years of experience.",Data Scientist,3,Mid
2074,"Experienced in Python, Pandas, Deep Learning. Worked on Built ML model. 2 years of experience.",Data Scientist,2,Mid
2075,"Experienced in Deep Learning, NLP, Python. Worked on NLP pipeline. 0 years of experience.",Data Scientist,0,Junior
2076,"Experienced in NLP, Machine Learning, Pandas. Worked on Prediction system. 2 years of experience.",Data Scientist,2,Mid
2077,"Experienced in Machine Learning, Deep Learning, Pandas. Worked on NLP pipeline. 0 years of experience.",Data Scientist,0,Junior
2078,"Experienced in NLP, Deep Learning, Python. Worked on Prediction system. 1 years of experience.",Data Scientist,1,Junior
2079,"Experienced in Machine Learning, NLP, Pandas. Worked on NLP pipeline. 3 years of experience.",Data Scientist,3,Mid
2080,"Experienced in Machine Learning, Python, Pandas. Worked on Built ML model. 3 years of experience.",Data Scientist,3,Mid
2081,"Experienced in Python, Machine Learning, Pandas. Worked on NLP pipeline. 4 years of experience.",Data Scientist,4,Senior
2082,"Experienced in NLP, Machine Learning, Deep Learning. Worked on NLP pipeline. 4 years of experience.",Data Scientist,4,Senior
2083,"Experienced in Python, Deep Learning, Pandas. Worked on Prediction system. 5 years of experience.",Data Scientist,5,Senior
2084,"Experienced in Pandas, Deep Learning, Machine Learning. Worked on Built ML model. 3 years of experience.",Data Scientist,3,Mid
2085,"Experienced in Pandas, Python, Machine Learning. Worked on Prediction system. 3 years of experience.",Data Scientist,3,Mid
2086,"Experienced in Deep Learning, Pandas, Python. Worked on Prediction system. 4 years of experience.",Data Scientist,4,Senior
2087,"Experienced in Machine Learning, NLP, Python. Worked on Built ML model. 0 years of experience.",Data Scientist,0,Junior
2088,"Experienced in Pandas, NLP, Python. Worked on Built ML model. 0 years of experience.",Data Scientist,0,Junior
2089,"Experienced in Deep Learning, Pandas, NLP. Worked on Prediction system. 0 years of experience.",Data Scientist,0,Junior
2090,"Experienced in Machine Learning, Deep Learning, Pandas. Worked on Built ML model. 3 years of experience.",Data Scientist,3,Mid
2091,"Experienced in Deep Learning, Pandas, NLP. Worked on NLP pipeline. 1 years of experience.",Data Scientist,1,Junior
2092,"Experienced in NLP, Python, Deep Learning. Worked on NLP pipeline. 1 years of experience.",Data Scientist,1,Junior
2093,"Experienced in Deep Learning, Python, Machine Learning. Worked on Built ML model. 1 years of experience.",Data Scientist,1,Junior
2094,"Experienced in Deep Learning, Machine Learning, NLP. Worked on Built ML model. 5 years of experience.",Data Scientist,5,Senior
2095,"Experienced in Python, NLP, Machine Learning. Worked on Prediction system. 5 years of experience.",Data Scientist,5,Senior
2096,"Experienced in Machine Learning, Deep Learning, Python. Worked on Built ML model. 4 years of experience.",Data Scientist,4,Senior
2097,"Experienced in Pandas, Python, Machine Learning. Worked on NLP pipeline. 4 years of experience.",Data Scientist,4,Senior
2098,"Experienced in Pandas, Python, NLP. Worked on Built ML model. 1 years of experience.",Data Scientist,1,Junior
2099,"Experienced in Deep Learning, NLP, Pandas. Worked on Prediction system. 5 years of experience.",Data Scientist,5,Senior
2100,"Experienced in Python, Machine Learning, Deep Learning. Worked on Built ML model. 3 years of experience.",Data Scientist,3,Mid
2101,"Experienced in Machine Learning, Deep Learning, Python. Worked on NLP pipeline. 4 years of experience.",Data Scientist,4,Senior
2102,"Experienced in NLP, Machine Learning, Deep Learning. Worked on Built ML model. 2 years of experience.",Data Scientist,2,Mid
2103,"Experienced in NLP, Python, Deep Learning. Worked on Built ML model. 1 years of experience.",Data Scientist,1,Junior
2104,"Experienced in Machine Learning, Python, NLP. Worked on NLP pipeline. 1 years of experience.",Data Scientist,1,Junior
2105,"Experienced in NLP, Python, Machine Learning. Worked on NLP pipeline. 5 years of experience.",Data Scientist,5,Senior
2106,"Experienced in NLP, Machine Learning, Python. Worked on Prediction system. 5 years of experience.",Data Scientist,5,Senior
2107,"Experienced in Deep Learning, Pandas, NLP. Worked on Prediction system. 3 years of experience.",Data Scientist,3,Mid
2108,"Experienced in Deep Learning, Pandas, Machine Learning. Worked on Built ML model. 2 years of experience.",Data Scientist,2,Mid
2109,"Experienced in Machine Learning, NLP, Deep Learning. Worked on Built ML model. 0 years of experience.",Data Scientist,0,Junior
2110,"Experienced in Deep Learning, Python, NLP. Worked on NLP pipeline. 2 years of experience.",Data Scientist,2,Mid
2111,"Experienced in NLP, Machine Learning, Deep Learning. Worked on Prediction system. 1 years of experience.",Data Scientist,1,Junior
2112,"Experienced in NLP, Pandas, Deep Learning. Worked on NLP pipeline. 5 years of experience.",Data Scientist,5,Senior
2113,"Experienced in Pandas, NLP, Python. Worked on NLP pipeline. 3 years of experience.",Data Scientist,3,Mid
2114,"Experienced in Deep Learning, Python, NLP. Worked on Built ML model. 4 years of experience.",Data Scientist,4,Senior
2115,"Experienced in Python, Machine Learning, NLP. Worked on Built ML model. 4 years of experience.",Data Scientist,4,Senior
2116,"Experienced in Machine Learning, Python, Deep Learning. Worked on Built ML model. 1 years of experience.",Data Scientist,1,Junior
2117,"Experienced in Python, NLP, Deep Learning. Worked on Built ML model. 3 years of experience.",Data Scientist,3,Mid
2118,"Experienced in NLP, Deep Learning, Python. Worked on Prediction system. 4 years of experience.",Data Scientist,4,Senior
2119,"Experienced in Pandas, NLP, Machine Learning. Worked on Prediction system. 0 years of experience.",Data Scientist,0,Junior
2120,"Experienced in Python, Pandas, Deep Learning. Worked on NLP pipeline. 5 years of experience.",Data Scientist,5,Senior
2121,"Experienced in Deep Learning, NLP, Pandas. Worked on Prediction system. 2 years of experience.",Data Scientist,2,Mid
2122,"Experienced in Deep Learning, Python, Machine Learning. Worked on Prediction system. 5 years of experience.",Data Scientist,5,Senior
2123,"Experienced in Machine Learning, Python, Pandas. Worked on Prediction system. 4 years of experience.",Data Scientist,4,Senior
2124,"Experienced in Python, NLP, Machine Learning. Worked on NLP pipeline. 2 years of experience.",Data Scientist,2,Mid
2125,"Experienced in Pandas, NLP, Deep Learning. Worked on NLP pipeline. 0 years of experience.",Data Scientist,0,Junior
2126,"Experienced in Deep Learning, Machine Learning, Pandas. Worked on Prediction system. 5 years of experience.",Data Scientist,5,Senior
2127,"Experienced in Machine Learning, Python, Pandas. Worked on Built ML model. 3 years of experience.",Data Scientist,3,Mid
2128,"Experienced in Deep Learning, Pandas, NLP. Worked on NLP pipeline. 2 years of experience.",Data Scientist,2,Mid
2129,"Experienced in Python, Pandas, NLP. Worked on Prediction system. 1 years of experience.",Data Scientist,1,Junior
2130,"Experienced in Deep Learning, NLP, Machine Learning. Worked on Prediction system. 0 years of experience.",Data Scientist,0,Junior
2131,"Experienced in NLP, Pandas, Python. Worked on Built ML model. 0 years of experience.",Data Scientist,0,Junior
2132,"Experienced in Machine Learning, Python, Pandas. Worked on NLP pipeline. 4 years of experience.",Data Scientist,4,Senior
2133,"Experienced in Pandas, Deep Learning, Python. Worked on Prediction system. 0 years of experience.",Data Scientist,0,Junior
2134,"Experienced in Pandas, Machine Learning, NLP. Worked on NLP pipeline. 3 years of experience.",Data Scientist,3,Mid
2135,"Experienced in Deep Learning, Pandas, Machine Learning. Worked on Prediction system. 5 years of experience.",Data Scientist,5,Senior
2136,"Experienced in Deep Learning, Python, Pandas. Worked on NLP pipeline. 1 years of experience.",Data Scientist,1,Junior
2137,"Experienced in Pandas, Machine Learning, NLP. Worked on NLP pipeline. 0 years of experience.",Data Scientist,0,Junior
2138,"Experienced in Pandas, NLP, Deep Learning. Worked on NLP pipeline. 1 years of experience.",Data Scientist,1,Junior
2139,"Experienced in Pandas, Python, Deep Learning. Worked on NLP pipeline. 3 years of experience.",Data Scientist,3,Mid
2140,"Experienced in NLP, Deep Learning, Machine Learning. Worked on Prediction system. 3 years of experience.",Data Scientist,3,Mid
2141,"Experienced in NLP, Pandas, Python. Worked on Built ML model. 1 years of experience.",Data Scientist,1,Junior
2142,"Experienced in Deep Learning, Machine Learning, NLP. Worked on NLP pipeline. 3 years of experience.",Data Scientist,3,Mid
2143,"Experienced in Python, Pandas, Deep Learning. Worked on Prediction system. 0 years of experience.",Data Scientist,0,Junior
2144,"Experienced in Pandas, Machine Learning, NLP. Worked on NLP pipeline. 4 years of experience.",Data Scientist,4,Senior
2145,"Experienced in Pandas, Deep Learning, Machine Learning. Worked on Built ML model. 3 years of experience.",Data Scientist,3,Mid
2146,"Experienced in NLP, Deep Learning, Pandas. Worked on Built ML model. 1 years of experience.",Data Scientist,1,Junior
2147,"Experienced in Deep Learning, Python, NLP. Worked on Prediction system. 3 years of experience.",Data Scientist,3,Mid
2148,"Experienced in NLP, Python, Machine Learning. Worked on Built ML model. 1 years of experience.",Data Scientist,1,Junior
2149,"Experienced in Deep Learning, Python, Machine Learning. Worked on Prediction system. 5 years of experience.",Data Scientist,5,Senior
2150,"Experienced in Python, NLP, Deep Learning. Worked on NLP pipeline. 4 years of experience.",Data Scientist,4,Senior
2151,"Experienced in Pandas, Deep Learning, Machine Learning. Worked on Built ML model. 0 years of experience.",Data Scientist,0,Junior
2152,"Experienced in NLP, Machine Learning, Pandas. Worked on Prediction system. 1 years of experience.",Data Scientist,1,Junior
2153,"Experienced in Deep Learning, Pandas, NLP. Worked on Built ML model. 1 years of experience.",Data Scientist,1,Junior
2154,"Experienced in Deep Learning, NLP, Pandas. Worked on NLP pipeline. 3 years of experience.",Data Scientist,3,Mid
2155,"Experienced in Machine Learning, Python, Deep Learning. Worked on Built ML model. 3 years of experience.",Data Scientist,3,Mid
2156,"Experienced in Pandas, Python, NLP. Worked on Built ML model. 3 years of experience.",Data Scientist,3,Mid
2157,"Experienced in Deep Learning, Machine Learning, NLP. Worked on NLP pipeline. 0 years of experience.",Data Scientist,0,Junior
2158,"Experienced in NLP, Deep Learning, Python. Worked on NLP pipeline. 5 years of experience.",Data Scientist,5,Senior
2159,"Experienced in Python, Deep Learning, Machine Learning. Worked on Built ML model. 0 years of experience.",Data Scientist,0,Junior
2160,"Experienced in Pandas, NLP, Deep Learning. Worked on Prediction system. 5 years of experience.",Data Scientist,5,Senior
2161,"Experienced in Python, Machine Learning, NLP. Worked on Built ML model. 4 years of experience.",Data Scientist,4,Senior
2162,"Experienced in Deep Learning, Pandas, NLP. Worked on Built ML model. 0 years of experience.",Data Scientist,0,Junior
2163,"Experienced in NLP, Deep Learning, Machine Learning. Worked on NLP pipeline. 0 years of experience.",Data Scientist,0,Junior
2164,"Experienced in Pandas, Deep Learning, NLP. Worked on NLP pipeline. 5 years of experience.",Data Scientist,5,Senior
2165,"Experienced in Machine Learning, Python, Pandas. Worked on NLP pipeline. 3 years of experience.",Data Scientist,3,Mid
2166,"Experienced in Machine Learning, Deep Learning, Pandas. Worked on NLP pipeline. 4 years of experience.",Data Scientist,4,Senior
2167,"Experienced in Python, NLP, Deep Learning. Worked on Built ML model. 1 years of experience.",Data Scientist,1,Junior
2168,"Experienced in NLP, Pandas, Python. Worked on NLP pipeline. 1 years of experience.",Data Scientist,1,Junior
2169,"Experienced in Deep Learning, Python, Machine Learning. Worked on Prediction system. 1 years of experience.",Data Scientist,1,Junior
2170,"Experienced in Python, Deep Learning, Pandas. Worked on NLP pipeline. 0 years of experience.",Data Scientist,0,Junior
2171,"Experienced in Machine Learning, Deep Learning, Python. Worked on Built ML model. 3 years of experience.",Data Scientist,3,Mid
2172,"Experienced in Python, NLP, Deep Learning. Worked on Prediction system. 5 years of experience.",Data Scientist,5,Senior
2173,"Experienced in Pandas, Deep Learning, Machine Learning. Worked on NLP pipeline. 0 years of experience.",Data Scientist,0,Junior
2174,"Experienced in Python, Deep Learning, NLP. Worked on Built ML model. 0 years of experience.",Data Scientist,0,Junior
2175,"Experienced in Machine Learning, Python, NLP. Worked on Prediction system. 5 years of experience.",Data Scientist,5,Senior
2176,"Experienced in NLP, Pandas, Python. Worked on Prediction system. 0 years of experience.",Data Scientist,0,Junior
2177,"Experienced in Pandas, Deep Learning, Python. Worked on Prediction system. 0 years of experience.",Data Scientist,0,Junior
2178,"Experienced in Machine Learning, Pandas, NLP. Worked on Built ML model. 3 years of experience.",Data Scientist,3,Mid
2179,"Experienced in Python, Deep Learning, Pandas. Worked on Built ML model. 1 years of experience.",Data Scientist,1,Junior
2180,"Experienced in Deep Learning, NLP, Pandas. Worked on Built ML model. 3 years of experience.",Data Scientist,3,Mid
2181,"Experienced in Python, Deep Learning, NLP. Worked on Built ML model. 0 years of experience.",Data Scientist,0,Junior
2182,"Experienced in Deep Learning, Python, Machine Learning. Worked on Prediction system. 2 years of experience.",Data Scientist,2,Mid
2183,"Experienced in Machine Learning, NLP, Pandas. Worked on NLP pipeline. 1 years of experience.",Data Scientist,1,Junior
2184,"Experienced in Python, NLP, Deep Learning. Worked on Built ML model. 2 years of experience.",Data Scientist,2,Mid
2185,"Experienced in Python, Deep Learning, NLP. Worked on Prediction system. 5 years of experience.",Data Scientist,5,Senior
2186,"Experienced in Python, NLP, Pandas. Worked on Prediction system. 4 years of experience.",Data Scientist,4,Senior
2187,"Experienced in Python, Deep Learning, NLP. Worked on Prediction system. 1 years of experience.",Data Scientist,1,Junior
2188,"Experienced in Machine Learning, Deep Learning, NLP. Worked on Built ML model. 3 years of experience.",Data Scientist,3,Mid
2189,"Experienced in Pandas, Deep Learning, Python. Worked on Built ML model. 0 years of experience.",Data Scientist,0,Junior
2190,"Experienced in Pandas, NLP, Deep Learning. Worked on Prediction system. 3 years of experience.",Data Scientist,3,Mid
2191,"Experienced in Machine Learning, Deep Learning, Python. Worked on Built ML model. 1 years of experience.",Data Scientist,1,Junior
2192,"Experienced in Deep Learning, Machine Learning, Python. Worked on Built ML model. 1 years of experience.",Data Scientist,1,Junior
2193,"Experienced in NLP, Python, Pandas. Worked on NLP pipeline. 5 years of experience.",Data Scientist,5,Senior
2194,"Experienced in Pandas, Machine Learning, Python. Worked on NLP pipeline. 4 years of experience.",Data Scientist,4,Senior
2195,"Experienced in NLP, Pandas, Python. Worked on Built ML model. 0 years of experience.",Data Scientist,0,Junior
2196,"Experienced in Machine Learning, Pandas, Python. Worked on Prediction system. 5 years of experience.",Data Scientist,5,Senior
2197,"Experienced in Machine Learning, NLP, Pandas. Worked on Built ML model. 1 years of experience.",Data Scientist,1,Junior
2198,"Experienced in Python, Machine Learning, NLP. Worked on Prediction system. 0 years of experience.",Data Scientist,0,Junior
2199,"Experienced in Deep Learning, Pandas, Machine Learning. Worked on NLP pipeline. 1 years of experience.",Data Scientist,1,Junior
2200,"Experienced in Python, NLP, Machine Learning. Worked on Built ML model. 2 years of experience.",Data Scientist,2,Mid
2201,"Experienced in Python, Machine Learning, NLP. Worked on Built ML model. 4 years of experience.",Data Scientist,4,Senior
2202,"Experienced in Deep Learning, Pandas, NLP. Worked on Built ML model. 1 years of experience.",Data Scientist,1,Junior
2203,"Experienced in Machine Learning, NLP, Python. Worked on Built ML model. 5 years of experience.",Data Scientist,5,Senior
2204,"Experienced in Pandas, Deep Learning, Python. Worked on Built ML model. 0 years of experience.",Data Scientist,0,Junior
2205,"Experienced in NLP, Deep Learning, Machine Learning. Worked on NLP pipeline. 3 years of experience.",Data Scientist,3,Mid
2206,"Experienced in Machine Learning, NLP, Python. Worked on NLP pipeline. 2 years of experience.",Data Scientist,2,Mid
2207,"Experienced in Deep Learning, Pandas, NLP. Worked on NLP pipeline. 5 years of experience.",Data Scientist,5,Senior
2208,"Experienced in NLP, Machine Learning, Python. Worked on Built ML model. 1 years of experience.",Data Scientist,1,Junior
2209,"Experienced in Deep Learning, NLP, Python. Worked on Prediction system. 3 years of experience.",Data Scientist,3,Mid
2210,"Experienced in NLP, Pandas, Machine Learning. Worked on NLP pipeline. 3 years of experience.",Data Scientist,3,Mid
2211,"Experienced in Pandas, Python, Machine Learning. Worked on Prediction system. 1 years of experience.",Data Scientist,1,Junior
2212,"Experienced in Machine Learning, NLP, Deep Learning. Worked on Built ML model. 2 years of experience.",Data Scientist,2,Mid
2213,"Experienced in Python, Deep Learning, Pandas. Worked on NLP pipeline. 0 years of experience.",Data Scientist,0,Junior
2214,"Experienced in NLP, Deep Learning, Machine Learning. Worked on NLP pipeline. 3 years of experience.",Data Scientist,3,Mid
2215,"Experienced in Python, NLP, Pandas. Worked on Prediction system. 1 years of experience.",Data Scientist,1,Junior
2216,"Experienced in NLP, Machine Learning, Python. Worked on Prediction system. 1 years of experience.",Data Scientist,1,Junior
2217,"Experienced in Machine Learning, NLP, Deep Learning. Worked on Prediction system. 1 years of experience.",Data Scientist,1,Junior
2218,"Experienced in Python, NLP, Pandas. Worked on Built ML model. 1 years of experience.",Data Scientist,1,Junior
2219,"Experienced in Deep Learning, Machine Learning, NLP. Worked on Prediction system. 2 years of experience.",Data Scientist,2,Mid
2220,"Experienced in Deep Learning, Pandas, Python. Worked on Built ML model. 4 years of experience.",Data Scientist,4,Senior
2221,"Experienced in Pandas, Deep Learning, NLP. Worked on Built ML model. 5 years of experience.",Data Scientist,5,Senior
2222,"Experienced in Deep Learning, Python, Pandas. Worked on Prediction system. 3 years of experience.",Data Scientist,3,Mid
2223,"Experienced in Machine Learning, Deep Learning, Python. Worked on NLP pipeline. 5 years of experience.",Data Scientist,5,Senior
2224,"Experienced in Deep Learning, NLP, Python. Worked on Prediction system. 0 years of experience.",Data Scientist,0,Junior
2225,"Experienced in NLP, Machine Learning, Python. Worked on NLP pipeline. 3 years of experience.",Data Scientist,3,Mid
2226,"Experienced in Pandas, Python, NLP. Worked on NLP pipeline. 1 years of experience.",Data Scientist,1,Junior
2227,"Experienced in Machine Learning, NLP, Deep Learning. Worked on Prediction system. 3 years of experience.",Data Scientist,3,Mid
2228,"Experienced in Pandas, NLP, Machine Learning. Worked on NLP pipeline. 0 years of experience.",Data Scientist,0,Junior
2229,"Experienced in Python, NLP, Machine Learning. Worked on Prediction system. 1 years of experience.",Data Scientist,1,Junior
2230,"Experienced in Python, Deep Learning, Pandas. Worked on Built ML model. 3 years of experience.",Data Scientist,3,Mid
2231,"Experienced in Deep Learning, Pandas, Machine Learning. Worked on Built ML model. 2 years of experience.",Data Scientist,2,Mid
2232,"Experienced in Deep Learning, Python, Pandas. Worked on Built ML model. 4 years of experience.",Data Scientist,4,Senior
2233,"Experienced in Machine Learning, Deep Learning, NLP. Worked on Built ML model. 2 years of experience.",Data Scientist,2,Mid
2234,"Experienced in Pandas, Machine Learning, NLP. Worked on NLP pipeline. 5 years of experience.",Data Scientist,5,Senior
2235,"Experienced in NLP, Machine Learning, Python. Worked on NLP pipeline. 1 years of experience.",Data Scientist,1,Junior
2236,"Experienced in NLP, Python, Deep Learning. Worked on Built ML model. 5 years of experience.",Data Scientist,5,Senior
2237,"Experienced in Pandas, Python, Deep Learning. Worked on NLP pipeline. 1 years of experience.",Data Scientist,1,Junior
2238,"Experienced in NLP, Python, Pandas. Worked on Prediction system. 5 years of experience.",Data Scientist,5,Senior
2239,"Experienced in Machine Learning, NLP, Deep Learning. Worked on Prediction system. 5 years of experience.",Data Scientist,5,Senior
2240,"Experienced in NLP, Python, Machine Learning. Worked on Prediction system. 0 years of experience.",Data Scientist,0,Junior
2241,"Experienced in NLP, Machine Learning, Python. Worked on NLP pipeline. 3 years of experience.",Data Scientist,3,Mid
2242,"Experienced in Python, Machine Learning, NLP. Worked on NLP pipeline. 2 years of experience.",Data Scientist,2,Mid
2243,"Experienced in Deep Learning, Python, Pandas. Worked on Prediction system. 0 years of experience.",Data Scientist,0,Junior
2244,"Experienced in NLP, Deep Learning, Python. Worked on Built ML model. 5 years of experience.",Data Scientist,5,Senior
2245,"Experienced in Python, Machine Learning, Pandas. Worked on Prediction system. 3 years of experience.",Data Scientist,3,Mid
2246,"Experienced in Deep Learning, Pandas, Machine Learning. Worked on Prediction system. 0 years of experience.",Data Scientist,0,Junior
2247,"Experienced in Pandas, Deep Learning, Python. Worked on Prediction system. 5 years of experience.",Data Scientist,5,Senior
2248,"Experienced in NLP, Deep Learning, Machine Learning. Worked on NLP pipeline. 0 years of experience.",Data Scientist,0,Junior
2249,"Experienced in NLP, Machine Learning, Deep Learning. Worked on Built ML model. 2 years of experience.",Data Scientist,2,Mid
2250,"Experienced in Python, Pandas, Deep Learning. Worked on NLP pipeline. 0 years of experience.",Data Scientist,0,Junior
2251,"Experienced in Pandas, Machine Learning, Python. Worked on Prediction system. 3 years of experience.",Data Scientist,3,Mid
2252,"Experienced in Deep Learning, Pandas, Machine Learning. Worked on Prediction system. 4 years of experience.",Data Scientist,4,Senior
2253,"Experienced in Pandas, Deep Learning, NLP. Worked on NLP pipeline. 1 years of experience.",Data Scientist,1,Junior
2254,"Experienced in NLP, Pandas, Python. Worked on NLP pipeline. 5 years of experience.",Data Scientist,5,Senior
2255,"Experienced in NLP, Deep Learning, Python. Worked on Prediction system. 5 years of experience.",Data Scientist,5,Senior
2256,"Experienced in Python, Pandas, Machine Learning. Worked on Built ML model. 5 years of experience.",Data Scientist,5,Senior
2257,"Experienced in Machine Learning, Deep Learning, Pandas. Worked on NLP pipeline. 4 years of experience.",Data Scientist,4,Senior
2258,"Experienced in Python, NLP, Pandas. Worked on Prediction system. 2 years of experience.",Data Scientist,2,Mid
2259,"Experienced in Machine Learning, Pandas, Python. Worked on Prediction system. 2 years of experience.",Data Scientist,2,Mid
2260,"Experienced in Pandas, Machine Learning, Deep Learning. Worked on Prediction system. 4 years of experience.",Data Scientist,4,Senior
2261,"Experienced in Pandas, Deep Learning, Python. Worked on NLP pipeline. 0 years of experience.",Data Scientist,0,Junior
2262,"Experienced in Pandas, Machine Learning, Python. Worked on Prediction system. 3 years of experience.",Data Scientist,3,Mid
2263,"Experienced in Machine Learning, NLP, Python. Worked on Prediction system. 0 years of experience.",Data Scientist,0,Junior
2264,"Experienced in Machine Learning, Python, Pandas. Worked on Built ML model. 3 years of experience.",Data Scientist,3,Mid
2265,"Experienced in NLP, Python, Pandas. Worked on NLP pipeline. 3 years of experience.",Data Scientist,3,Mid
2266,"Experienced in Pandas, Deep Learning, Python. Worked on NLP pipeline. 1 years of experience.",Data Scientist,1,Junior
2267,"Experienced in NLP, Pandas, Machine Learning. Worked on Prediction system. 4 years of experience.",Data Scientist,4,Senior
2268,"Experienced in NLP, Machine Learning, Python. Worked on Built ML model. 1 years of experience.",Data Scientist,1,Junior
2269,"Experienced in Python, Deep Learning, Pandas. Worked on Prediction system. 2 years of experience.",Data Scientist,2,Mid
2270,"Experienced in NLP, Pandas, Machine Learning. Worked on NLP pipeline. 4 years of experience.",Data Scientist,4,Senior
2271,"Experienced in Python, Pandas, Deep Learning. Worked on Built ML model. 2 years of experience.",Data Scientist,2,Mid
2272,"Experienced in NLP, Machine Learning, Deep Learning. Worked on Built ML model. 0 years of experience.",Data Scientist,0,Junior
2273,"Experienced in Machine Learning, Deep Learning, NLP. Worked on Built ML model. 1 years of experience.",Data Scientist,1,Junior
2274,"Experienced in NLP, Pandas, Machine Learning. Worked on Prediction system. 1 years of experience.",Data Scientist,1,Junior
2275,"Experienced in Python, Machine Learning, NLP. Worked on NLP pipeline. 3 years of experience.",Data Scientist,3,Mid
2276,"Experienced in Python, Machine Learning, NLP. Worked on NLP pipeline. 5 years of experience.",Data Scientist,5,Senior
2277,"Experienced in Python, NLP, Deep Learning. Worked on NLP pipeline. 0 years of experience.",Data Scientist,0,Junior
2278,"Experienced in Pandas, Python, Deep Learning. Worked on NLP pipeline. 3 years of experience.",Data Scientist,3,Mid
2279,"Experienced in NLP, Pandas, Deep Learning. Worked on NLP pipeline. 5 years of experience.",Data Scientist,5,Senior
2280,"Experienced in Machine Learning, Pandas, Deep Learning. Worked on NLP pipeline. 3 years of experience.",Data Scientist,3,Mid
2281,"Experienced in Pandas, NLP, Python. Worked on Prediction system. 0 years of experience.",Data Scientist,0,Junior
2282,"Experienced in Pandas, Python, Deep Learning. Worked on Built ML model. 4 years of experience.",Data Scientist,4,Senior
2283,"Experienced in Pandas, Python, NLP. Worked on Built ML model. 5 years of experience.",Data Scientist,5,Senior
2284,"Experienced in Pandas, Python, Deep Learning. Worked on NLP pipeline. 1 years of experience.",Data Scientist,1,Junior
2285,"Experienced in NLP, Deep Learning, Machine Learning. Worked on Prediction system. 2 years of experience.",Data Scientist,2,Mid
2286,"Experienced in Deep Learning, Pandas, Machine Learning. Worked on Prediction system. 1 years of experience.",Data Scientist,1,Junior
2287,"Experienced in NLP, Python, Deep Learning. Worked on NLP pipeline. 1 years of experience.",Data Scientist,1,Junior
2288,"Experienced in Deep Learning, NLP, Pandas. Worked on Built ML model. 1 years of experience.",Data Scientist,1,Junior
2289,"Experienced in Machine Learning, Pandas, Deep Learning. Worked on NLP pipeline. 4 years of experience.",Data Scientist,4,Senior
2290,"Experienced in Pandas, Deep Learning, Python. Worked on Prediction system. 3 years of experience.",Data Scientist,3,Mid
2291,"Experienced in Machine Learning, Pandas, Python. Worked on Built ML model. 1 years of experience.",Data Scientist,1,Junior
2292,"Experienced in Python, Deep Learning, Pandas. Worked on Prediction system. 5 years of experience.",Data Scientist,5,Senior
2293,"Experienced in Deep Learning, NLP, Machine Learning. Worked on Built ML model. 0 years of experience.",Data Scientist,0,Junior
2294,"Experienced in Python, NLP, Pandas. Worked on Built ML model. 0 years of experience.",Data Scientist,0,Junior
2295,"Experienced in NLP, Deep Learning, Machine Learning. Worked on Prediction system. 0 years of experience.",Data Scientist,0,Junior
2296,"Experienced in NLP, Deep Learning, Python. Worked on Prediction system. 5 years of experience.",Data Scientist,5,Senior
2297,"Experienced in Python, NLP, Deep Learning. Worked on Built ML model. 2 years of experience.",Data Scientist,2,Mid
2298,"Experienced in Deep Learning, Pandas, Python. Worked on Prediction system. 2 years of experience.",Data Scientist,2,Mid
2299,"Experienced in Pandas, NLP, Python. Worked on NLP pipeline. 4 years of experience.",Data Scientist,4,Senior
2300,"Experienced in Deep Learning, Machine Learning, Python. Worked on Built ML model. 1 years of experience.",Data Scientist,1,Junior
2301,"Experienced in Deep Learning, Python, Pandas. Worked on Prediction system. 3 years of experience.",Data Scientist,3,Mid
2302,"Experienced in Pandas, Machine Learning, NLP. Worked on Built ML model. 3 years of experience.",Data Scientist,3,Mid
2303,"Experienced in Machine Learning, Pandas, Deep Learning. Worked on Built ML model. 5 years of experience.",Data Scientist,5,Senior
2304,"Experienced in Pandas, Deep Learning, Machine Learning. Worked on Prediction system. 4 years of experience.",Data Scientist,4,Senior
2305,"Experienced in Deep Learning, NLP, Pandas. Worked on Prediction system. 5 years of experience.",Data Scientist,5,Senior
2306,"Experienced in NLP, Machine Learning, Python. Worked on NLP pipeline. 1 years of experience.",Data Scientist,1,Junior
2307,"Experienced in Machine Learning, Pandas, NLP. Worked on Built ML model. 5 years of experience.",Data Scientist,5,Senior
2308,"Experienced in Pandas, Deep Learning, Python. Worked on Built ML model. 2 years of experience.",Data Scientist,2,Mid
2309,"Experienced in Pandas, NLP, Deep Learning. Worked on Prediction system. 3 years of experience.",Data Scientist,3,Mid
2310,"Experienced in Machine Learning, Python, NLP. Worked on Prediction system. 1 years of experience.",Data Scientist,1,Junior
2311,"Experienced in NLP, Pandas, Deep Learning. Worked on Prediction system. 5 years of experience.",Data Scientist,5,Senior
2312,"Experienced in Pandas, Deep Learning, Machine Learning. Worked on NLP pipeline. 0 years of experience.",Data Scientist,0,Junior
2313,"Experienced in Machine Learning, Python, Pandas. Worked on Prediction system. 2 years of experience.",Data Scientist,2,Mid
2314,"Experienced in Python, Machine Learning, NLP. Worked on NLP pipeline. 2 years of experience.",Data Scientist,2,Mid
2315,"Experienced in Deep Learning, Machine Learning, NLP. Worked on Built ML model. 4 years of experience.",Data Scientist,4,Senior
2316,"Experienced in NLP, Machine Learning, Python. Worked on NLP pipeline. 4 years of experience.",Data Scientist,4,Senior
2317,"Experienced in Deep Learning, Pandas, Python. Worked on Built ML model. 4 years of experience.",Data Scientist,4,Senior
2318,"Experienced in Python, NLP, Deep Learning. Worked on NLP pipeline. 5 years of experience.",Data Scientist,5,Senior
2319,"Experienced in NLP, Deep Learning, Machine Learning. Worked on Prediction system. 4 years of experience.",Data Scientist,4,Senior
2320,"Experienced in Python, Deep Learning, Machine Learning. Worked on Built ML model. 4 years of experience.",Data Scientist,4,Senior
2321,"Experienced in Deep Learning, Python, Machine Learning. Worked on Prediction system. 1 years of experience.",Data Scientist,1,Junior
2322,"Experienced in Pandas, Python, Deep Learning. Worked on NLP pipeline. 0 years of experience.",Data Scientist,0,Junior
2323,"Experienced in Python, Machine Learning, Deep Learning. Worked on NLP pipeline. 4 years of experience.",Data Scientist,4,Senior
2324,"Experienced in Machine Learning, Deep Learning, Python. Worked on NLP pipeline. 4 years of experience.",Data Scientist,4,Senior
2325,"Experienced in Deep Learning, NLP, Machine Learning. Worked on Prediction system. 3 years of experience.",Data Scientist,3,Mid
2326,"Experienced in Pandas, NLP, Python. Worked on Built ML model. 0 years of experience.",Data Scientist,0,Junior
2327,"Experienced in Python, Deep Learning, NLP. Worked on Prediction system. 5 years of experience.",Data Scientist,5,Senior
2328,"Experienced in Machine Learning, Deep Learning, Python. Worked on Prediction system. 4 years of experience.",Data Scientist,4,Senior
2329,"Experienced in Machine Learning, Deep Learning, NLP. Worked on Built ML model. 5 years of experience.",Data Scientist,5,Senior
2330,"Experienced in Deep Learning, Pandas, Machine Learning. Worked on Prediction system. 0 years of experience.",Data Scientist,0,Junior
2331,"Experienced in Pandas, Machine Learning, Python. Worked on NLP pipeline. 0 years of experience.",Data Scientist,0,Junior
2332,"Experienced in Machine Learning, Pandas, NLP. Worked on Built ML model. 5 years of experience.",Data Scientist,5,Senior
2333,"Experienced in Deep Learning, Python, Pandas. Worked on NLP pipeline. 5 years of experience.",Data Scientist,5,Senior
2334,"Experienced in Pandas, Deep Learning, Python. Worked on Built ML model. 2 years of experience.",Data Scientist,2,Mid
2335,"Experienced in Pandas, NLP, Deep Learning. Worked on NLP pipeline. 0 years of experience.",Data Scientist,0,Junior
2336,"Experienced in Python, NLP, Deep Learning. Worked on NLP pipeline. 3 years of experience.",Data Scientist,3,Mid
2337,"Experienced in NLP, Pandas, Python. Worked on Built ML model. 0 years of experience.",Data Scientist,0,Junior
2338,"Experienced in Python, Deep Learning, NLP. Worked on Built ML model. 5 years of experience.",Data Scientist,5,Senior
2339,"Experienced in Python, Deep Learning, Machine Learning. Worked on Prediction system. 2 years of experience.",Data Scientist,2,Mid
2340,"Experienced in Pandas, Machine Learning, Python. Worked on Built ML model. 4 years of experience.",Data Scientist,4,Senior
2341,"Experienced in NLP, Machine Learning, Deep Learning. Worked on Prediction system. 4 years of experience.",Data Scientist,4,Senior
2342,"Experienced in Python, Deep Learning, Machine Learning. Worked on Prediction system. 4 years of experience.",Data Scientist,4,Senior
2343,"Experienced in Pandas, Deep Learning, Python. Worked on Built ML model. 3 years of experience.",Data Scientist,3,Mid
2344,"Experienced in NLP, Deep Learning, Python. Worked on Built ML model. 2 years of experience.",Data Scientist,2,Mid
2345,"Experienced in Python, NLP, Deep Learning. Worked on Prediction system. 2 years of experience.",Data Scientist,2,Mid
2346,"Experienced in Machine Learning, Pandas, NLP. Worked on Prediction system. 3 years of experience.",Data Scientist,3,Mid
2347,"Experienced in NLP, Deep Learning, Pandas. Worked on Built ML model. 4 years of experience.",Data Scientist,4,Senior
2348,"Experienced in Machine Learning, Deep Learning, NLP. Worked on NLP pipeline. 2 years of experience.",Data Scientist,2,Mid
2349,"Experienced in NLP, Pandas, Machine Learning. Worked on NLP pipeline. 3 years of experience.",Data Scientist,3,Mid
2350,"Experienced in NLP, Deep Learning, Pandas. Worked on Prediction system. 3 years of experience.",Data Scientist,3,Mid
2351,"Experienced in Machine Learning, NLP, Deep Learning. Worked on NLP pipeline. 5 years of experience.",Data Scientist,5,Senior
2352,"Experienced in NLP, Python, Machine Learning. Worked on Built ML model. 4 years of experience.",Data Scientist,4,Senior
2353,"Experienced in Machine Learning, NLP, Python. Worked on Prediction system. 2 years of experience.",Data Scientist,2,Mid
2354,"Experienced in Pandas, NLP, Python. Worked on NLP pipeline. 2 years of experience.",Data Scientist,2,Mid
2355,"Experienced in NLP, Machine Learning, Deep Learning. Worked on Built ML model. 4 years of experience.",Data Scientist,4,Senior
2356,"Experienced in NLP, Deep Learning, Machine Learning. Worked on Built ML model. 4 years of experience.",Data Scientist,4,Senior
2357,"Experienced in Deep Learning, Machine Learning, Pandas. Worked on Built ML model. 4 years of experience.",Data Scientist,4,Senior
2358,"Experienced in Deep Learning, Pandas, Machine Learning. Worked on NLP pipeline. 3 years of experience.",Data Scientist,3,Mid
2359,"Experienced in NLP, Deep Learning, Machine Learning. Worked on Prediction system. 1 years of experience.",Data Scientist,1,Junior
2360,"Experienced in Machine Learning, Pandas, Deep Learning. Worked on Built ML model. 5 years of experience.",Data Scientist,5,Senior
2361,"Experienced in Pandas, Python, Deep Learning. Worked on Prediction system. 0 years of experience.",Data Scientist,0,Junior
2362,"Experienced in NLP, Deep Learning, Pandas. Worked on Built ML model. 3 years of experience.",Data Scientist,3,Mid
2363,"Experienced in Python, Pandas, Machine Learning. Worked on NLP pipeline. 1 years of experience.",Data Scientist,1,Junior
2364,"Experienced in Pandas, NLP, Deep Learning. Worked on Prediction system. 1 years of experience.",Data Scientist,1,Junior
2365,"Experienced in Python, Pandas, Machine Learning. Worked on Built ML model. 1 years of experience.",Data Scientist,1,Junior
2366,"Experienced in Pandas, NLP, Deep Learning. Worked on NLP pipeline. 5 years of experience.",Data Scientist,5,Senior
2367,"Experienced in Pandas, Machine Learning, Deep Learning. Worked on NLP pipeline. 3 years of experience.",Data Scientist,3,Mid
2368,"Experienced in Python, Pandas, Machine Learning. Worked on Built ML model. 4 years of experience.",Data Scientist,4,Senior
2369,"Experienced in Machine Learning, Deep Learning, Pandas. Worked on Built ML model. 2 years of experience.",Data Scientist,2,Mid
2370,"Experienced in Python, Pandas, NLP. Worked on NLP pipeline. 5 years of experience.",Data Scientist,5,Senior
2371,"Experienced in Machine Learning, Pandas, Deep Learning. Worked on Prediction system. 4 years of experience.",Data Scientist,4,Senior
2372,"Experienced in NLP, Deep Learning, Python. Worked on NLP pipeline. 0 years of experience.",Data Scientist,0,Junior
2373,"Experienced in NLP, Deep Learning, Python. Worked on Prediction system. 3 years of experience.",Data Scientist,3,Mid
2374,"Experienced in NLP, Pandas, Deep Learning. Worked on Built ML model. 0 years of experience.",Data Scientist,0,Junior
2375,"Experienced in Deep Learning, Python, Pandas. Worked on NLP pipeline. 3 years of experience.",Data Scientist,3,Mid
2376,"Experienced in NLP, Pandas, Deep Learning. Worked on NLP pipeline. 2 years of experience.",Data Scientist,2,Mid
2377,"Experienced in Machine Learning, Deep Learning, Python. Worked on Prediction system. 1 years of experience.",Data Scientist,1,Junior
2378,"Experienced in Deep Learning, Python, NLP. Worked on NLP pipeline. 1 years of experience.",Data Scientist,1,Junior
2379,"Experienced in Python, NLP, Pandas. Worked on Built ML model. 1 years of experience.",Data Scientist,1,Junior
2380,"Experienced in Python, Deep Learning, NLP. Worked on Prediction system. 5 years of experience.",Data Scientist,5,Senior
2381,"Experienced in Deep Learning, Machine Learning, Python. Worked on Built ML model. 5 years of experience.",Data Scientist,5,Senior
2382,"Experienced in Deep Learning, Python, Machine Learning. Worked on Built ML model. 0 years of experience.",Data Scientist,0,Junior
2383,"Experienced in Python, Machine Learning, Deep Learning. Worked on Built ML model. 1 years of experience.",Data Scientist,1,Junior
2384,"Experienced in Deep Learning, Machine Learning, NLP. Worked on NLP pipeline. 1 years of experience.",Data Scientist,1,Junior
2385,"Experienced in Deep Learning, Machine Learning, NLP. Worked on Built ML model. 5 years of experience.",Data Scientist,5,Senior
2386,"Experienced in Pandas, Deep Learning, NLP. Worked on Prediction system. 3 years of experience.",Data Scientist,3,Mid
2387,"Experienced in Machine Learning, Pandas, Deep Learning. Worked on Built ML model. 1 years of experience.",Data Scientist,1,Junior
2388,"Experienced in NLP, Python, Machine Learning. Worked on Prediction system. 3 years of experience.",Data Scientist,3,Mid
2389,"Experienced in Deep Learning, Machine Learning, Pandas. Worked on NLP pipeline. 4 years of experience.",Data Scientist,4,Senior
2390,"Experienced in Deep Learning, Machine Learning, NLP. Worked on Built ML model. 5 years of experience.",Data Scientist,5,Senior
2391,"Experienced in Machine Learning, Deep Learning, NLP. Worked on Prediction system. 5 years of experience.",Data Scientist,5,Senior
2392,"Experienced in Pandas, Python, Deep Learning. Worked on Prediction system. 0 years of experience.",Data Scientist,0,Junior
2393,"Experienced in Machine Learning, Deep Learning, Pandas. Worked on Built ML model. 1 years of experience.",Data Scientist,1,Junior
2394,"Experienced in Pandas, NLP, Deep Learning. Worked on Prediction system. 3 years of experience.",Data Scientist,3,Mid
2395,"Experienced in Pandas, Python, Deep Learning. Worked on Built ML model. 5 years of experience.",Data Scientist,5,Senior
2396,"Experienced in NLP, Python, Deep Learning. Worked on NLP pipeline. 1 years of experience.",Data Scientist,1,Junior
2397,"Experienced in Python, NLP, Pandas. Worked on Prediction system. 2 years of experience.",Data Scientist,2,Mid
2398,"Experienced in Python, Machine Learning, Deep Learning. Worked on NLP pipeline. 1 years of experience.",Data Scientist,1,Junior
2399,"Experienced in Deep Learning, Pandas, Python. Worked on Built ML model. 4 years of experience.",Data Scientist,4,Senior
2400,"Experienced in Machine Learning, Deep Learning, Pandas. Worked on NLP pipeline. 0 years of experience.",Data Scientist,0,Junior
2401,"Experienced in Deep Learning, Pandas, Python. Worked on Prediction system. 3 years of experience.",Data Scientist,3,Mid
2402,"Experienced in Deep Learning, Pandas, NLP. Worked on Prediction system. 4 years of experience.",Data Scientist,4,Senior
2403,"Experienced in Deep Learning, Machine Learning, NLP. Worked on NLP pipeline. 4 years of experience.",Data Scientist,4,Senior
2404,"Experienced in NLP, Machine Learning, Pandas. Worked on Built ML model. 0 years of experience.",Data Scientist,0,Junior
2405,"Experienced in Deep Learning, Python, Pandas. Worked on NLP pipeline. 1 years of experience.",Data Scientist,1,Junior
2406,"Experienced in NLP, Machine Learning, Python. Worked on Built ML model. 2 years of experience.",Data Scientist,2,Mid
2407,"Experienced in Machine Learning, Python, Deep Learning. Worked on Built ML model. 3 years of experience.",Data Scientist,3,Mid
2408,"Experienced in Python, Deep Learning, Machine Learning. Worked on NLP pipeline. 1 years of experience.",Data Scientist,1,Junior
2409,"Experienced in Deep Learning, NLP, Pandas. Worked on Built ML model. 4 years of experience.",Data Scientist,4,Senior
2410,"Experienced in NLP, Machine Learning, Python. Worked on Built ML model. 4 years of experience.",Data Scientist,4,Senior
2411,"Experienced in Machine Learning, Python, NLP. Worked on Built ML model. 5 years of experience.",Data Scientist,5,Senior
2412,"Experienced in Machine Learning, NLP, Python. Worked on NLP pipeline. 4 years of experience.",Data Scientist,4,Senior
2413,"Experienced in NLP, Python, Machine Learning. Worked on NLP pipeline. 5 years of experience.",Data Scientist,5,Senior
2414,"Experienced in NLP, Machine Learning, Python. Worked on Prediction system. 4 years of experience.",Data Scientist,4,Senior
2415,"Experienced in NLP, Deep Learning, Machine Learning. Worked on NLP pipeline. 2 years of experience.",Data Scientist,2,Mid
2416,"Experienced in NLP, Pandas, Python. Worked on Built ML model. 3 years of experience.",Data Scientist,3,Mid
2417,"Experienced in Pandas, Deep Learning, NLP. Worked on NLP pipeline. 0 years of experience.",Data Scientist,0,Junior
2418,"Experienced in Deep Learning, NLP, Machine Learning. Worked on Prediction system. 1 years of experience.",Data Scientist,1,Junior
2419,"Experienced in Deep Learning, NLP, Pandas. Worked on Prediction system. 3 years of experience.",Data Scientist,3,Mid
2420,"Experienced in Pandas, Python, Machine Learning. Worked on Prediction system. 0 years of experience.",Data Scientist,0,Junior
2421,"Experienced in Machine Learning, Python, Deep Learning. Worked on Built ML model. 0 years of experience.",Data Scientist,0,Junior
2422,"Experienced in Machine Learning, Python, NLP. Worked on Built ML model. 2 years of experience.",Data Scientist,2,Mid
2423,"Experienced in Deep Learning, Machine Learning, Pandas. Worked on Prediction system. 0 years of experience.",Data Scientist,0,Junior
2424,"Experienced in NLP, Pandas, Machine Learning. Worked on Built ML model. 4 years of experience.",Data Scientist,4,Senior
2425,"Experienced in NLP, Pandas, Deep Learning. Worked on NLP pipeline. 0 years of experience.",Data Scientist,0,Junior
2426,"Experienced in NLP, Pandas, Deep Learning. Worked on Built ML model. 4 years of experience.",Data Scientist,4,Senior
2427,"Experienced in Pandas, NLP, Python. Worked on Prediction system. 3 years of experience.",Data Scientist,3,Mid
2428,"Experienced in NLP, Python, Deep Learning. Worked on Prediction system. 1 years of experience.",Data Scientist,1,Junior
2429,"Experienced in Machine Learning, NLP, Deep Learning. Worked on Prediction system. 0 years of experience.",Data Scientist,0,Junior
2430,"Experienced in Pandas, NLP, Deep Learning. Worked on Built ML model. 5 years of experience.",Data Scientist,5,Senior
2431,"Experienced in NLP, Pandas, Deep Learning. Worked on Prediction system. 4 years of experience.",Data Scientist,4,Senior
2432,"Experienced in Python, NLP, Machine Learning. Worked on Prediction system. 4 years of experience.",Data Scientist,4,Senior
2433,"Experienced in Machine Learning, Deep Learning, NLP. Worked on NLP pipeline. 0 years of experience.",Data Scientist,0,Junior
2434,"Experienced in NLP, Machine Learning, Deep Learning. Worked on NLP pipeline. 3 years of experience.",Data Scientist,3,Mid
2435,"Experienced in Machine Learning, Pandas, NLP. Worked on Built ML model. 3 years of experience.",Data Scientist,3,Mid
2436,"Experienced in Deep Learning, Machine Learning, NLP. Worked on Built ML model. 5 years of experience.",Data Scientist,5,Senior
2437,"Experienced in Deep Learning, Machine Learning, Python. Worked on Built ML model. 5 years of experience.",Data Scientist,5,Senior
2438,"Experienced in Machine Learning, Pandas, Python. Worked on Prediction system. 5 years of experience.",Data Scientist,5,Senior
2439,"Experienced in Python, Machine Learning, Deep Learning. Worked on Prediction system. 1 years of experience.",Data Scientist,1,Junior
2440,"Experienced in Machine Learning, Deep Learning, Python. Worked on Prediction system. 4 years of experience.",Data Scientist,4,Senior
2441,"Experienced in Pandas, Machine Learning, Deep Learning. Worked on NLP pipeline. 2 years of experience.",Data Scientist,2,Mid
2442,"Experienced in Python, NLP, Pandas. Worked on NLP pipeline. 5 years of experience.",Data Scientist,5,Senior
2443,"Experienced in NLP, Machine Learning, Deep Learning. Worked on Prediction system. 3 years of experience.",Data Scientist,3,Mid
2444,"Experienced in Machine Learning, Deep Learning, Pandas. Worked on Prediction system. 5 years of experience.",Data Scientist,5,Senior
2445,"Experienced in Python, Deep Learning, Machine Learning. Worked on Built ML model. 5 years of experience.",Data Scientist,5,Senior
2446,"Experienced in Python, Deep Learning, Machine Learning. Worked on Built ML model. 2 years of experience.",Data Scientist,2,Mid
2447,"Experienced in Python, Machine Learning, Deep Learning. Worked on Prediction system. 1 years of experience.",Data Scientist,1,Junior
2448,"Experienced in NLP, Machine Learning, Deep Learning. Worked on Prediction system. 0 years of experience.",Data Scientist,0,Junior
2449,"Experienced in Deep Learning, Python, Machine Learning. Worked on Built ML model. 3 years of experience.",Data Scientist,3,Mid
2450,"Experienced in Machine Learning, Python, Pandas. Worked on Prediction system. 0 years of experience.",Data Scientist,0,Junior
2451,"Experienced in Deep Learning, Machine Learning, Pandas. Worked on Prediction system. 1 years of experience.",Data Scientist,1,Junior
2452,"Experienced in Pandas, Deep Learning, Python. Worked on Prediction system. 5 years of experience.",Data Scientist,5,Senior
2453,"Experienced in Deep Learning, Python, Machine Learning. Worked on NLP pipeline. 4 years of experience.",Data Scientist,4,Senior
2454,"Experienced in Pandas, Machine Learning, Python. Worked on Prediction system. 5 years of experience.",Data Scientist,5,Senior
2455,"Experienced in Machine Learning, Deep Learning, Pandas. Worked on Built ML model. 4 years of experience.",Data Scientist,4,Senior
2456,"Experienced in Deep Learning, NLP, Machine Learning. Worked on Prediction system. 1 years of experience.",Data Scientist,1,Junior
2457,"Experienced in Machine Learning, Pandas, Deep Learning. Worked on Built ML model. 5 years of experience.",Data Scientist,5,Senior
2458,"Experienced in NLP, Pandas, Deep Learning. Worked on Prediction system. 4 years of experience.",Data Scientist,4,Senior
2459,"Experienced in Deep Learning, Machine Learning, NLP. Worked on NLP pipeline. 4 years of experience.",Data Scientist,4,Senior
2460,"Experienced in NLP, Deep Learning, Python. Worked on Built ML model. 2 years of experience.",Data Scientist,2,Mid
2461,"Experienced in Pandas, Deep Learning, Machine Learning. Worked on Built ML model. 5 years of experience.",Data Scientist,5,Senior
2462,"Experienced in Python, Deep Learning, Machine Learning. Worked on NLP pipeline. 1 years of experience.",Data Scientist,1,Junior
2463,"Experienced in Deep Learning, Python, NLP. Worked on Built ML model. 0 years of experience.",Data Scientist,0,Junior
2464,"Experienced in Deep Learning, Pandas, Python. Worked on Prediction system. 3 years of experience.",Data Scientist,3,Mid
2465,"Experienced in NLP, Deep Learning, Python. Worked on Prediction system. 3 years of experience.",Data Scientist,3,Mid
2466,"Experienced in Deep Learning, Pandas, Machine Learning. Worked on NLP pipeline. 0 years of experience.",Data Scientist,0,Junior
2467,"Experienced in Machine Learning, Pandas, NLP. Worked on Prediction system. 2 years of experience.",Data Scientist,2,Mid
2468,"Experienced in Deep Learning, Machine Learning, NLP. Worked on Built ML model. 1 years of experience.",Data Scientist,1,Junior
2469,"Experienced in NLP, Python, Machine Learning. Worked on Prediction system. 5 years of experience.",Data Scientist,5,Senior
2470,"Experienced in NLP, Machine Learning, Python. Worked on Built ML model. 1 years of experience.",Data Scientist,1,Junior
2471,"Experienced in Deep Learning, Pandas, NLP. Worked on NLP pipeline. 0 years of experience.",Data Scientist,0,Junior
2472,"Experienced in Pandas, Python, Machine Learning. Worked on Built ML model. 2 years of experience.",Data Scientist,2,Mid
2473,"Experienced in NLP, Python, Machine Learning. Worked on Built ML model. 5 years of experience.",Data Scientist,5,Senior
2474,"Experienced in NLP, Deep Learning, Machine Learning. Worked on NLP pipeline. 3 years of experience.",Data Scientist,3,Mid
2475,"Experienced in Deep Learning, Python, Machine Learning. Worked on Built ML model. 1 years of experience.",Data Scientist,1,Junior
2476,"Experienced in Machine Learning, Pandas, Deep Learning. Worked on Prediction system. 0 years of experience.",Data Scientist,0,Junior
2477,"Experienced in Python, Machine Learning, NLP. Worked on NLP pipeline. 2 years of experience.",Data Scientist,2,Mid
2478,"Experienced in Machine Learning, Pandas, NLP. Worked on Prediction system. 4 years of experience.",Data Scientist,4,Senior
2479,"Experienced in Pandas, Deep Learning, Machine Learning. Worked on Prediction system. 1 years of experience.",Data Scientist,1,Junior
2480,"Experienced in NLP, Deep Learning, Machine Learning. Worked on Prediction system. 5 years of experience.",Data Scientist,5,Senior
2481,"Experienced in Deep Learning, Machine Learning, Python. Worked on Built ML model. 0 years of experience.",Data Scientist,0,Junior
2482,"Experienced in NLP, Deep Learning, Pandas. Worked on NLP pipeline. 1 years of experience.",Data Scientist,1,Junior
2483,"Experienced in Deep Learning, Python, NLP. Worked on Prediction system. 0 years of experience.",Data Scientist,0,Junior
2484,"Experienced in Machine Learning, Deep Learning, Python. Worked on NLP pipeline. 0 years of experience.",Data Scientist,0,Junior
2485,"Experienced in Deep Learning, Python, NLP. Worked on Built ML model. 1 years of experience.",Data Scientist,1,Junior
2486,"Experienced in Python, NLP, Deep Learning. Worked on NLP pipeline. 5 years of experience.",Data Scientist,5,Senior
2487,"Experienced in NLP, Deep Learning, Machine Learning. Worked on Built ML model. 2 years of experience.",Data Scientist,2,Mid
2488,"Experienced in NLP, Machine Learning, Pandas. Worked on Prediction system. 4 years of experience.",Data Scientist,4,Senior
2489,"Experienced in Machine Learning, Python, NLP. Worked on Built ML model. 1 years of experience.",Data Scientist,1,Junior
2490,"Experienced in Pandas, Deep Learning, NLP. Worked on Built ML model. 5 years of experience.",Data Scientist,5,Senior
2491,"Experienced in NLP, Deep Learning, Pandas. Worked on Prediction system. 2 years of experience.",Data Scientist,2,Mid
2492,"Experienced in Machine Learning, Python, Pandas. Worked on Prediction system. 1 years of experience.",Data Scientist,1,Junior
2493,"Experienced in Machine Learning, Deep Learning, Pandas. Worked on Prediction system. 2 years of experience.",Data Scientist,2,Mid
2494,"Experienced in Deep Learning, Pandas, NLP. Worked on NLP pipeline. 1 years of experience.",Data Scientist,1,Junior
2495,"Experienced in Machine Learning, Pandas, Deep Learning. Worked on Built ML model. 4 years of experience.",Data Scientist,4,Senior
2496,"Experienced in Deep Learning, Machine Learning, NLP. Worked on NLP pipeline. 1 years of experience.",Data Scientist,1,Junior
2497,"Experienced in Pandas, Machine Learning, Deep Learning. Worked on Built ML model. 5 years of experience.",Data Scientist,5,Senior
2498,"Experienced in Python, Machine Learning, Deep Learning. Worked on Prediction system. 2 years of experience.",Data Scientist,2,Mid
2499,"Experienced in Pandas, Python, NLP. Worked on Built ML model. 2 years of experience.",Data Scientist,2,Mid
2500,"Experienced in NLP, Pandas, Machine Learning. Worked on Prediction system. 1 years of experience.",Data Scientist,1,Junior
2501,"Experienced in NLP, Deep Learning, Pandas. Worked on NLP pipeline. 4 years of experience.",Data Scientist,4,Senior
2502,"Experienced in Pandas, Python, NLP. Worked on Built ML model. 5 years of experience.",Data Scientist,5,Senior
2503,"Experienced in Python, Pandas, NLP. Worked on Built ML model. 5 years of experience.",Data Scientist,5,Senior
2504,"Experienced in Machine Learning, NLP, Python. Worked on Prediction system. 1 years of experience.",Data Scientist,1,Junior
2505,"Experienced in Python, NLP, Machine Learning. Worked on NLP pipeline. 5 years of experience.",Data Scientist,5,Senior
2506,"Experienced in Deep Learning, Python, NLP. Worked on Prediction system. 4 years of experience.",Data Scientist,4,Senior
2507,"Experienced in Python, Pandas, Machine Learning. Worked on Prediction system. 3 years of experience.",Data Scientist,3,Mid
2508,"Experienced in Pandas, NLP, Machine Learning. Worked on NLP pipeline. 4 years of experience.",Data Scientist,4,Senior
2509,"Experienced in Pandas, NLP, Machine Learning. Worked on Built ML model. 1 years of experience.",Data Scientist,1,Junior
2510,"Experienced in Machine Learning, NLP, Deep Learning. Worked on Prediction system. 2 years of experience.",Data Scientist,2,Mid
2511,"Experienced in Deep Learning, Python, NLP. Worked on Built ML model. 1 years of experience.",Data Scientist,1,Junior
2512,"Experienced in Machine Learning, Python, Deep Learning. Worked on NLP pipeline. 2 years of experience.",Data Scientist,2,Mid
2513,"Experienced in NLP, Deep Learning, Machine Learning. Worked on Prediction system. 3 years of experience.",Data Scientist,3,Mid
2514,"Experienced in Python, Pandas, Machine Learning. Worked on Prediction system. 4 years of experience.",Data Scientist,4,Senior
2515,"Experienced in NLP, Python, Pandas. Worked on Prediction system. 5 years of experience.",Data Scientist,5,Senior
2516,"Experienced in Deep Learning, Machine Learning, Python. Worked on NLP pipeline. 0 years of experience.",Data Scientist,0,Junior
2517,"Experienced in NLP, Deep Learning, Python. Worked on Prediction system. 5 years of experience.",Data Scientist,5,Senior
2518,"Experienced in Deep Learning, Python, Machine Learning. Worked on Prediction system. 2 years of experience.",Data Scientist,2,Mid
2519,"Experienced in Machine Learning, NLP, Pandas. Worked on NLP pipeline. 2 years of experience.",Data Scientist,2,Mid
2520,"Experienced in NLP, Pandas, Machine Learning. Worked on NLP pipeline. 2 years of experience.",Data Scientist,2,Mid
2521,"Experienced in Deep Learning, Machine Learning, NLP. Worked on NLP pipeline. 0 years of experience.",Data Scientist,0,Junior
2522,"Experienced in Deep Learning, NLP, Python. Worked on Prediction system. 2 years of experience.",Data Scientist,2,Mid
2523,"Experienced in Pandas, Python, Deep Learning. Worked on Prediction system. 3 years of experience.",Data Scientist,3,Mid
2524,"Experienced in Deep Learning, Pandas, NLP. Worked on Built ML model. 3 years of experience.",Data Scientist,3,Mid
2525,"Experienced in Deep Learning, Pandas, Machine Learning. Worked on NLP pipeline. 1 years of experience.",Data Scientist,1,Junior
2526,"Experienced in Deep Learning, Python, NLP. Worked on Built ML model. 3 years of experience.",Data Scientist,3,Mid
2527,"Experienced in Python, NLP, Machine Learning. Worked on Prediction system. 3 years of experience.",Data Scientist,3,Mid
2528,"Experienced in Pandas, Machine Learning, NLP. Worked on Prediction system. 0 years of experience.",Data Scientist,0,Junior
2529,"Experienced in Python, Deep Learning, Pandas. Worked on Built ML model. 1 years of experience.",Data Scientist,1,Junior
2530,"Experienced in NLP, Deep Learning, Machine Learning. Worked on Prediction system. 4 years of experience.",Data Scientist,4,Senior
2531,"Experienced in NLP, Pandas, Python. Worked on NLP pipeline. 4 years of experience.",Data Scientist,4,Senior
2532,"Experienced in Machine Learning, NLP, Pandas. Worked on NLP pipeline. 5 years of experience.",Data Scientist,5,Senior
2533,"Experienced in Machine Learning, Pandas, Python. Worked on NLP pipeline. 0 years of experience.",Data Scientist,0,Junior
2534,"Experienced in Pandas, Python, Machine Learning. Worked on Prediction system. 1 years of experience.",Data Scientist,1,Junior
2535,"Experienced in Python, Pandas, Deep Learning. Worked on Prediction system. 2 years of experience.",Data Scientist,2,Mid
2536,"Experienced in Machine Learning, Python, Deep Learning. Worked on Built ML model. 1 years of experience.",Data Scientist,1,Junior
2537,"Experienced in Machine Learning, Deep Learning, Python. Worked on Prediction system. 5 years of experience.",Data Scientist,5,Senior
2538,"Experienced in NLP, Python, Deep Learning. Worked on Built ML model. 5 years of experience.",Data Scientist,5,Senior
2539,"Experienced in Pandas, Deep Learning, Python. Worked on Built ML model. 2 years of experience.",Data Scientist,2,Mid
2540,"Experienced in Machine Learning, NLP, Python. Worked on Built ML model. 3 years of experience.",Data Scientist,3,Mid
2541,"Experienced in Pandas, Machine Learning, NLP. Worked on Built ML model. 0 years of experience.",Data Scientist,0,Junior
2542,"Experienced in Machine Learning, NLP, Deep Learning. Worked on Built ML model. 5 years of experience.",Data Scientist,5,Senior
2543,"Experienced in NLP, Python, Machine Learning. Worked on Built ML model. 1 years of experience.",Data Scientist,1,Junior
2544,"Experienced in Python, Deep Learning, NLP. Worked on Built ML model. 4 years of experience.",Data Scientist,4,Senior
2545,"Experienced in Python, Deep Learning, Machine Learning. Worked on Built ML model. 1 years of experience.",Data Scientist,1,Junior
2546,"Experienced in Machine Learning, Deep Learning, NLP. Worked on Prediction system. 5 years of experience.",Data Scientist,5,Senior
2547,"Experienced in Machine Learning, Pandas, NLP. Worked on Prediction system. 3 years of experience.",Data Scientist,3,Mid
2548,"Experienced in Machine Learning, Python, NLP. Worked on Built ML model. 4 years of experience.",Data Scientist,4,Senior
2549,"Experienced in Machine Learning, Pandas, Python. Worked on Built ML model. 2 years of experience.",Data Scientist,2,Mid
2550,"Experienced in Python, NLP, Machine Learning. Worked on Prediction system. 2 years of experience.",Data Scientist,2,Mid
2551,"Experienced in Python, Machine Learning, Deep Learning. Worked on NLP pipeline. 5 years of experience.",Data Scientist,5,Senior
2552,"Experienced in Pandas, Python, Machine Learning. Worked on Prediction system. 0 years of experience.",Data Scientist,0,Junior
2553,"Experienced in Deep Learning, Machine Learning, Python. Worked on NLP pipeline. 1 years of experience.",Data Scientist,1,Junior
2554,"Experienced in Pandas, Python, NLP. Worked on Built ML model. 1 years of experience.",Data Scientist,1,Junior
2555,"Experienced in Machine Learning, NLP, Python. Worked on Prediction system. 1 years of experience.",Data Scientist,1,Junior
2556,"Experienced in Python, Deep Learning, Machine Learning. Worked on Prediction system. 0 years of experience.",Data Scientist,0,Junior
2557,"Experienced in NLP, Pandas, Python. Worked on NLP pipeline. 1 years of experience.",Data Scientist,1,Junior
2558,"Experienced in Pandas, Deep Learning, Python. Worked on Built ML model. 1 years of experience.",Data Scientist,1,Junior
2559,"Experienced in NLP, Deep Learning, Python. Worked on Built ML model. 3 years of experience.",Data Scientist,3,Mid
2560,"Experienced in Machine Learning, Pandas, NLP. Worked on Built ML model. 3 years of experience.",Data Scientist,3,Mid
2561,"Experienced in Deep Learning, Python, NLP. Worked on Prediction system. 1 years of experience.",Data Scientist,1,Junior
2562,"Experienced in NLP, Deep Learning, Machine Learning. Worked on Built ML model. 3 years of experience.",Data Scientist,3,Mid
2563,"Experienced in Pandas, Python, Machine Learning. Worked on NLP pipeline. 3 years of experience.",Data Scientist,3,Mid
2564,"Experienced in Pandas, NLP, Machine Learning. Worked on NLP pipeline. 4 years of experience.",Data Scientist,4,Senior
2565,"Experienced in Deep Learning, Python, Machine Learning. Worked on Prediction system. 0 years of experience.",Data Scientist,0,Junior
2566,"Experienced in Deep Learning, Python, NLP. Worked on Built ML model. 3 years of experience.",Data Scientist,3,Mid
2567,"Experienced in Python, Pandas, NLP. Worked on NLP pipeline. 5 years of experience.",Data Scientist,5,Senior
2568,"Experienced in Deep Learning, Python, NLP. Worked on NLP pipeline. 0 years of experience.",Data Scientist,0,Junior
2569,"Experienced in Deep Learning, Python, NLP. Worked on Prediction system. 3 years of experience.",Data Scientist,3,Mid
2570,"Experienced in NLP, Pandas, Python. Worked on NLP pipeline. 2 years of experience.",Data Scientist,2,Mid
2571,"Experienced in Python, Pandas, Deep Learning. Worked on Built ML model. 2 years of experience.",Data Scientist,2,Mid
2572,"Experienced in Pandas, Deep Learning, Machine Learning. Worked on Prediction system. 1 years of experience.",Data Scientist,1,Junior
2573,"Experienced in Deep Learning, Machine Learning, Pandas. Worked on Prediction system. 5 years of experience.",Data Scientist,5,Senior
2574,"Experienced in Deep Learning, Python, Machine Learning. Worked on Built ML model. 4 years of experience.",Data Scientist,4,Senior
2575,"Experienced in Pandas, Machine Learning, Python. Worked on Prediction system. 0 years of experience.",Data Scientist,0,Junior
2576,"Experienced in NLP, Python, Pandas. Worked on Built ML model. 5 years of experience.",Data Scientist,5,Senior
2577,"Experienced in Machine Learning, Python, NLP. Worked on NLP pipeline. 5 years of experience.",Data Scientist,5,Senior
2578,"Experienced in NLP, Deep Learning, Pandas. Worked on NLP pipeline. 4 years of experience.",Data Scientist,4,Senior
2579,"Experienced in Python, Machine Learning, Deep Learning. Worked on Prediction system. 1 years of experience.",Data Scientist,1,Junior
2580,"Experienced in Pandas, Python, Machine Learning. Worked on NLP pipeline. 0 years of experience.",Data Scientist,0,Junior
2581,"Experienced in NLP, Machine Learning, Deep Learning. Worked on Built ML model. 4 years of experience.",Data Scientist,4,Senior
2582,"Experienced in Deep Learning, Machine Learning, NLP. Worked on Built ML model. 5 years of experience.",Data Scientist,5,Senior
2583,"Experienced in Deep Learning, Python, Machine Learning. Worked on NLP pipeline. 2 years of experience.",Data Scientist,2,Mid
2584,"Experienced in Deep Learning, Machine Learning, Python. Worked on NLP pipeline. 4 years of experience.",Data Scientist,4,Senior
2585,"Experienced in NLP, Python, Deep Learning. Worked on Prediction system. 2 years of experience.",Data Scientist,2,Mid
2586,"Experienced in Pandas, Python, NLP. Worked on Built ML model. 4 years of experience.",Data Scientist,4,Senior
2587,"Experienced in Pandas, Python, Deep Learning. Worked on Prediction system. 5 years of experience.",Data Scientist,5,Senior
2588,"Experienced in Pandas, Deep Learning, NLP. Worked on Prediction system. 1 years of experience.",Data Scientist,1,Junior
2589,"Experienced in NLP, Pandas, Machine Learning. Worked on NLP pipeline. 5 years of experience.",Data Scientist,5,Senior
2590,"Experienced in Python, Deep Learning, Machine Learning. Worked on Built ML model. 0 years of experience.",Data Scientist,0,Junior
2591,"Experienced in Machine Learning, Python, Deep Learning. Worked on Prediction system. 1 years of experience.",Data Scientist,1,Junior
2592,"Experienced in Pandas, Deep Learning, Python. Worked on NLP pipeline. 3 years of experience.",Data Scientist,3,Mid
2593,"Experienced in Deep Learning, Machine Learning, Python. Worked on NLP pipeline. 3 years of experience.",Data Scientist,3,Mid
2594,"Experienced in Machine Learning, Python, Pandas. Worked on Built ML model. 0 years of experience.",Data Scientist,0,Junior
2595,"Experienced in Python, NLP, Deep Learning. Worked on Prediction system. 0 years of experience.",Data Scientist,0,Junior
2596,"Experienced in Python, Deep Learning, NLP. Worked on NLP pipeline. 2 years of experience.",Data Scientist,2,Mid
2597,"Experienced in Machine Learning, Pandas, NLP. Worked on NLP pipeline. 2 years of experience.",Data Scientist,2,Mid
2598,"Experienced in NLP, Machine Learning, Pandas. Worked on NLP pipeline. 1 years of experience.",Data Scientist,1,Junior
2599,"Experienced in Machine Learning, Python, Deep Learning. Worked on Built ML model. 3 years of experience.",Data Scientist,3,Mid
2600,"Experienced in Deep Learning, Pandas, Machine Learning. Worked on NLP pipeline. 5 years of experience.",Data Scientist,5,Senior
2601,"Experienced in Deep Learning, Python, NLP. Worked on NLP pipeline. 2 years of experience.",Data Scientist,2,Mid
2602,"Experienced in Machine Learning, NLP, Python. Worked on Prediction system. 1 years of experience.",Data Scientist,1,Junior
2603,"Experienced in NLP, Pandas, Deep Learning. Worked on NLP pipeline. 5 years of experience.",Data Scientist,5,Senior
2604,"Experienced in Python, Pandas, Machine Learning. Worked on NLP pipeline. 0 years of experience.",Data Scientist,0,Junior
2605,"Experienced in NLP, Machine Learning, Pandas. Worked on Built ML model. 5 years of experience.",Data Scientist,5,Senior
2606,"Experienced in NLP, Deep Learning, Python. Worked on Prediction system. 3 years of experience.",Data Scientist,3,Mid
2607,"Experienced in NLP, Machine Learning, Deep Learning. Worked on NLP pipeline. 1 years of experience.",Data Scientist,1,Junior
2608,"Experienced in Python, Machine Learning, Pandas. Worked on NLP pipeline. 0 years of experience.",Data Scientist,0,Junior
2609,"Experienced in Machine Learning, Pandas, Python. Worked on Built ML model. 3 years of experience.",Data Scientist,3,Mid
2610,"Experienced in Machine Learning, Deep Learning, Pandas. Worked on Built ML model. 0 years of experience.",Data Scientist,0,Junior
2611,"Experienced in Pandas, Python, Deep Learning. Worked on NLP pipeline. 3 years of experience.",Data Scientist,3,Mid
2612,"Experienced in Machine Learning, NLP, Python. Worked on Built ML model. 2 years of experience.",Data Scientist,2,Mid
2613,"Experienced in Machine Learning, Deep Learning, Pandas. Worked on NLP pipeline. 1 years of experience.",Data Scientist,1,Junior
2614,"Experienced in Pandas, Deep Learning, NLP. Worked on NLP pipeline. 2 years of experience.",Data Scientist,2,Mid
2615,"Experienced in Machine Learning, Pandas, Python. Worked on NLP pipeline. 1 years of experience.",Data Scientist,1,Junior
2616,"Experienced in Machine Learning, Pandas, Deep Learning. Worked on Built ML model. 2 years of experience.",Data Scientist,2,Mid
2617,"Experienced in Machine Learning, NLP, Pandas. Worked on NLP pipeline. 1 years of experience.",Data Scientist,1,Junior
2618,"Experienced in Deep Learning, NLP, Machine Learning. Worked on Prediction system. 0 years of experience.",Data Scientist,0,Junior
2619,"Experienced in Deep Learning, Pandas, Machine Learning. Worked on NLP pipeline. 1 years of experience.",Data Scientist,1,Junior
2620,"Experienced in NLP, Machine Learning, Python. Worked on Built ML model. 0 years of experience.",Data Scientist,0,Junior
2621,"Experienced in Machine Learning, Python, NLP. Worked on NLP pipeline. 2 years of experience.",Data Scientist,2,Mid
2622,"Experienced in NLP, Python, Pandas. Worked on Built ML model. 4 years of experience.",Data Scientist,4,Senior
2623,"Experienced in Python, Machine Learning, Deep Learning. Worked on Built ML model. 4 years of experience.",Data Scientist,4,Senior
2624,"Experienced in Deep Learning, Pandas, Machine Learning. Worked on NLP pipeline. 1 years of experience.",Data Scientist,1,Junior
2625,"Experienced in Python, Machine Learning, Deep Learning. Worked on Built ML model. 2 years of experience.",Data Scientist,2,Mid
2626,"Experienced in Machine Learning, Deep Learning, Pandas. Worked on NLP pipeline. 1 years of experience.",Data Scientist,1,Junior
2627,"Experienced in NLP, Machine Learning, Python. Worked on NLP pipeline. 0 years of experience.",Data Scientist,0,Junior
2628,"Experienced in Deep Learning, Machine Learning, NLP. Worked on Built ML model. 2 years of experience.",Data Scientist,2,Mid
2629,"Experienced in Python, Deep Learning, Machine Learning. Worked on Prediction system. 1 years of experience.",Data Scientist,1,Junior
2630,"Experienced in Deep Learning, Pandas, NLP. Worked on NLP pipeline. 3 years of experience.",Data Scientist,3,Mid
2631,"Experienced in Deep Learning, Machine Learning, NLP. Worked on Prediction system. 3 years of experience.",Data Scientist,3,Mid
2632,"Experienced in Pandas, Python, Machine Learning. Worked on Prediction system. 1 years of experience.",Data Scientist,1,Junior
2633,"Experienced in Python, Deep Learning, NLP. Worked on Built ML model. 5 years of experience.",Data Scientist,5,Senior
2634,"Experienced in Machine Learning, Pandas, NLP. Worked on Built ML model. 4 years of experience.",Data Scientist,4,Senior
2635,"Experienced in NLP, Deep Learning, Pandas. Worked on Built ML model. 3 years of experience.",Data Scientist,3,Mid
2636,"Experienced in NLP, Python, Deep Learning. Worked on Built ML model. 3 years of experience.",Data Scientist,3,Mid
2637,"Experienced in Deep Learning, Machine Learning, NLP. Worked on NLP pipeline. 1 years of experience.",Data Scientist,1,Junior
2638,"Experienced in Python, Deep Learning, NLP. Worked on Built ML model. 5 years of experience.",Data Scientist,5,Senior
2639,"Experienced in Python, NLP, Pandas. Worked on Prediction system. 2 years of experience.",Data Scientist,2,Mid
2640,"Experienced in NLP, Deep Learning, Python. Worked on NLP pipeline. 0 years of experience.",Data Scientist,0,Junior
2641,"Experienced in Pandas, Deep Learning, NLP. Worked on Built ML model. 1 years of experience.",Data Scientist,1,Junior
2642,"Experienced in Machine Learning, NLP, Pandas. Worked on Prediction system. 4 years of experience.",Data Scientist,4,Senior
2643,"Experienced in Pandas, Machine Learning, Python. Worked on NLP pipeline. 1 years of experience.",Data Scientist,1,Junior
2644,"Experienced in Pandas, Machine Learning, Python. Worked on NLP pipeline. 3 years of experience.",Data Scientist,3,Mid
2645,"Experienced in Pandas, Machine Learning, NLP. Worked on Prediction system. 3 years of experience.",Data Scientist,3,Mid
2646,"Experienced in Machine Learning, Deep Learning, NLP. Worked on Built ML model. 3 years of experience.",Data Scientist,3,Mid
2647,"Experienced in Pandas, Machine Learning, Python. Worked on NLP pipeline. 2 years of experience.",Data Scientist,2,Mid
2648,"Experienced in NLP, Python, Machine Learning. Worked on Built ML model. 1 years of experience.",Data Scientist,1,Junior
2649,"Experienced in NLP, Pandas, Machine Learning. Worked on NLP pipeline. 1 years of experience.",Data Scientist,1,Junior
2650,"Experienced in Pandas, Deep Learning, Machine Learning. Worked on Built ML model. 2 years of experience.",Data Scientist,2,Mid
2651,"Experienced in NLP, Pandas, Python. Worked on NLP pipeline. 0 years of experience.",Data Scientist,0,Junior
2652,"Experienced in Deep Learning, Pandas, NLP. Worked on NLP pipeline. 4 years of experience.",Data Scientist,4,Senior
2653,"Experienced in NLP, Deep Learning, Machine Learning. Worked on Built ML model. 0 years of experience.",Data Scientist,0,Junior
2654,"Experienced in Machine Learning, Pandas, NLP. Worked on Prediction system. 1 years of experience.",Data Scientist,1,Junior
2655,"Experienced in NLP, Machine Learning, Python. Worked on Built ML model. 5 years of experience.",Data Scientist,5,Senior
2656,"Experienced in Deep Learning, NLP, Pandas. Worked on Built ML model. 3 years of experience.",Data Scientist,3,Mid
2657,"Experienced in NLP, Pandas, Deep Learning. Worked on Prediction system. 1 years of experience.",Data Scientist,1,Junior
2658,"Experienced in Pandas, Deep Learning, Python. Worked on NLP pipeline. 4 years of experience.",Data Scientist,4,Senior
2659,"Experienced in Deep Learning, Machine Learning, Pandas. Worked on Prediction system. 3 years of experience.",Data Scientist,3,Mid
2660,"Experienced in Pandas, Deep Learning, Python. Worked on NLP pipeline. 0 years of experience.",Data Scientist,0,Junior
2661,"Experienced in Python, Machine Learning, Deep Learning. Worked on Prediction system. 2 years of experience.",Data Scientist,2,Mid
2662,"Experienced in Pandas, Machine Learning, Deep Learning. Worked on NLP pipeline. 3 years of experience.",Data Scientist,3,Mid
2663,"Experienced in Machine Learning, Python, NLP. Worked on Prediction system. 0 years of experience.",Data Scientist,0,Junior
2664,"Experienced in NLP, Machine Learning, Deep Learning. Worked on NLP pipeline. 5 years of experience.",Data Scientist,5,Senior
2665,"Experienced in Python, Machine Learning, NLP. Worked on Prediction system. 1 years of experience.",Data Scientist,1,Junior
2666,"Experienced in NLP, Machine Learning, Pandas. Worked on Built ML model. 2 years of experience.",Data Scientist,2,Mid
2667,"Experienced in Pandas, Python, NLP. Worked on NLP pipeline. 2 years of experience.",Data Scientist,2,Mid
2668,"Experienced in Machine Learning, Python, NLP. Worked on Prediction system. 2 years of experience.",Data Scientist,2,Mid
2669,"Experienced in NLP, Python, Machine Learning. Worked on Built ML model. 2 years of experience.",Data Scientist,2,Mid
2670,"Experienced in Python, Machine Learning, Pandas. Worked on NLP pipeline. 4 years of experience.",Data Scientist,4,Senior
2671,"Experienced in NLP, Deep Learning, Machine Learning. Worked on NLP pipeline. 3 years of experience.",Data Scientist,3,Mid
2672,"Experienced in Machine Learning, Pandas, Python. Worked on NLP pipeline. 1 years of experience.",Data Scientist,1,Junior
2673,"Experienced in NLP, Deep Learning, Python. Worked on Prediction system. 4 years of experience.",Data Scientist,4,Senior
2674,"Experienced in Machine Learning, Deep Learning, Pandas. Worked on Prediction system. 4 years of experience.",Data Scientist,4,Senior
2675,"Experienced in NLP, Python, Pandas. Worked on Built ML model. 1 years of experience.",Data Scientist,1,Junior
2676,"Experienced in Python, Machine Learning, Pandas. Worked on Built ML model. 1 years of experience.",Data Scientist,1,Junior
2677,"Experienced in NLP, Machine Learning, Python. Worked on NLP pipeline. 1 years of experience.",Data Scientist,1,Junior
2678,"Experienced in NLP, Machine Learning, Pandas. Worked on Prediction system. 1 years of experience.",Data Scientist,1,Junior
2679,"Experienced in Deep Learning, Python, NLP. Worked on NLP pipeline. 1 years of experience.",Data Scientist,1,Junior
2680,"Experienced in NLP, Pandas, Python. Worked on Prediction system. 0 years of experience.",Data Scientist,0,Junior
2681,"Experienced in Python, NLP, Machine Learning. Worked on NLP pipeline. 4 years of experience.",Data Scientist,4,Senior
2682,"Experienced in NLP, Machine Learning, Pandas. Worked on NLP pipeline. 4 years of experience.",Data Scientist,4,Senior
2683,"Experienced in NLP, Deep Learning, Python. Worked on Built ML model. 3 years of experience.",Data Scientist,3,Mid
2684,"Experienced in Deep Learning, NLP, Machine Learning. Worked on NLP pipeline. 1 years of experience.",Data Scientist,1,Junior
2685,"Experienced in NLP, Machine Learning, Deep Learning. Worked on Built ML model. 2 years of experience.",Data Scientist,2,Mid
2686,"Experienced in Deep Learning, Pandas, Machine Learning. Worked on NLP pipeline. 2 years of experience.",Data Scientist,2,Mid
2687,"Experienced in Deep Learning, Pandas, Python. Worked on NLP pipeline. 2 years of experience.",Data Scientist,2,Mid
2688,"Experienced in Python, Pandas, NLP. Worked on NLP pipeline. 5 years of experience.",Data Scientist,5,Senior
2689,"Experienced in Machine Learning, Python, NLP. Worked on NLP pipeline. 4 years of experience.",Data Scientist,4,Senior
2690,"Experienced in Deep Learning, Machine Learning, NLP. Worked on Built ML model. 2 years of experience.",Data Scientist,2,Mid
2691,"Experienced in Pandas, Deep Learning, Machine Learning. Worked on Prediction system. 3 years of experience.",Data Scientist,3,Mid
2692,"Experienced in Deep Learning, Machine Learning, Python. Worked on Prediction system. 2 years of experience.",Data Scientist,2,Mid
2693,"Experienced in Pandas, NLP, Python. Worked on Built ML model. 5 years of experience.",Data Scientist,5,Senior
2694,"Experienced in Pandas, Machine Learning, Deep Learning. Worked on Built ML model. 3 years of experience.",Data Scientist,3,Mid
2695,"Experienced in NLP, Python, Deep Learning. Worked on NLP pipeline. 0 years of experience.",Data Scientist,0,Junior
2696,"Experienced in Python, NLP, Machine Learning. Worked on Prediction system. 3 years of experience.",Data Scientist,3,Mid
2697,"Experienced in Python, NLP, Deep Learning. Worked on NLP pipeline. 4 years of experience.",Data Scientist,4,Senior
2698,"Experienced in Deep Learning, NLP, Machine Learning. Worked on NLP pipeline. 0 years of experience.",Data Scientist,0,Junior
2699,"Experienced in NLP, Machine Learning, Python. Worked on Prediction system. 0 years of experience.",Data Scientist,0,Junior
2700,"Experienced in NLP, Deep Learning, Python. Worked on Built ML model. 1 years of experience.",Data Scientist,1,Junior
2701,"Experienced in Python, Machine Learning, Pandas. Worked on Built ML model. 2 years of experience.",Data Scientist,2,Mid
2702,"Experienced in Pandas, NLP, Machine Learning. Worked on Prediction system. 5 years of experience.",Data Scientist,5,Senior
2703,"Experienced in Python, Pandas, Machine Learning. Worked on NLP pipeline. 1 years of experience.",Data Scientist,1,Junior
2704,"Experienced in Python, NLP, Deep Learning. Worked on NLP pipeline. 4 years of experience.",Data Scientist,4,Senior
2705,"Experienced in NLP, Machine Learning, Python. Worked on NLP pipeline. 4 years of experience.",Data Scientist,4,Senior
2706,"Experienced in Deep Learning, Machine Learning, NLP. Worked on Prediction system. 2 years of experience.",Data Scientist,2,Mid
2707,"Experienced in NLP, Machine Learning, Pandas. Worked on NLP pipeline. 4 years of experience.",Data Scientist,4,Senior
2708,"Experienced in Pandas, NLP, Deep Learning. Worked on Prediction system. 3 years of experience.",Data Scientist,3,Mid
2709,"Experienced in Machine Learning, Pandas, Python. Worked on NLP pipeline. 4 years of experience.",Data Scientist,4,Senior
2710,"Experienced in Python, Machine Learning, Pandas. Worked on NLP pipeline. 4 years of experience.",Data Scientist,4,Senior
2711,"Experienced in Machine Learning, Deep Learning, NLP. Worked on Prediction system. 1 years of experience.",Data Scientist,1,Junior
2712,"Experienced in Deep Learning, Pandas, Machine Learning. Worked on NLP pipeline. 4 years of experience.",Data Scientist,4,Senior
2713,"Experienced in Machine Learning, NLP, Deep Learning. Worked on Built ML model. 4 years of experience.",Data Scientist,4,Senior
2714,"Experienced in Machine Learning, NLP, Pandas. Worked on Prediction system. 2 years of experience.",Data Scientist,2,Mid
2715,"Experienced in Machine Learning, NLP, Pandas. Worked on Built ML model. 4 years of experience.",Data Scientist,4,Senior
2716,"Experienced in Machine Learning, Python, NLP. Worked on NLP pipeline. 1 years of experience.",Data Scientist,1,Junior
2717,"Experienced in Pandas, NLP, Machine Learning. Worked on Prediction system. 5 years of experience.",Data Scientist,5,Senior
2718,"Experienced in Pandas, Deep Learning, Machine Learning. Worked on NLP pipeline. 0 years of experience.",Data Scientist,0,Junior
2719,"Experienced in Deep Learning, Python, NLP. Worked on Built ML model. 2 years of experience.",Data Scientist,2,Mid
2720,"Experienced in Pandas, Python, Machine Learning. Worked on Prediction system. 1 years of experience.",Data Scientist,1,Junior
2721,"Experienced in Python, Machine Learning, NLP. Worked on Prediction system. 3 years of experience.",Data Scientist,3,Mid
2722,"Experienced in Pandas, NLP, Machine Learning. Worked on Prediction system. 1 years of experience.",Data Scientist,1,Junior
2723,"Experienced in NLP, Machine Learning, Pandas. Worked on NLP pipeline. 1 years of experience.",Data Scientist,1,Junior
2724,"Experienced in Python, NLP, Machine Learning. Worked on Prediction system. 5 years of experience.",Data Scientist,5,Senior
2725,"Experienced in Machine Learning, NLP, Pandas. Worked on Prediction system. 2 years of experience.",Data Scientist,2,Mid
2726,"Experienced in Pandas, Deep Learning, Machine Learning. Worked on Prediction system. 1 years of experience.",Data Scientist,1,Junior
2727,"Experienced in Python, NLP, Pandas. Worked on Prediction system. 1 years of experience.",Data Scientist,1,Junior
2728,"Experienced in NLP, Pandas, Deep Learning. Worked on Prediction system. 0 years of experience.",Data Scientist,0,Junior
2729,"Experienced in Machine Learning, NLP, Python. Worked on Built ML model. 5 years of experience.",Data Scientist,5,Senior
2730,"Experienced in NLP, Python, Deep Learning. Worked on Built ML model. 3 years of experience.",Data Scientist,3,Mid
2731,"Experienced in Python, Machine Learning, Deep Learning. Worked on Prediction system. 3 years of experience.",Data Scientist,3,Mid
2732,"Experienced in NLP, Deep Learning, Python. Worked on Built ML model. 4 years of experience.",Data Scientist,4,Senior
2733,"Experienced in Pandas, Python, NLP. Worked on NLP pipeline. 3 years of experience.",Data Scientist,3,Mid
2734,"Experienced in Machine Learning, NLP, Python. Worked on NLP pipeline. 4 years of experience.",Data Scientist,4,Senior
2735,"Experienced in Deep Learning, NLP, Machine Learning. Worked on Built ML model. 4 years of experience.",Data Scientist,4,Senior
2736,"Experienced in Deep Learning, Pandas, NLP. Worked on Built ML model. 2 years of experience.",Data Scientist,2,Mid
2737,"Experienced in Deep Learning, NLP, Python. Worked on Built ML model. 3 years of experience.",Data Scientist,3,Mid
2738,"Experienced in Python, Machine Learning, Deep Learning. Worked on NLP pipeline. 4 years of experience.",Data Scientist,4,Senior
2739,"Experienced in Deep Learning, Python, NLP. Worked on Built ML model. 4 years of experience.",Data Scientist,4,Senior
2740,"Experienced in Pandas, Python, Machine Learning. Worked on NLP pipeline. 5 years of experience.",Data Scientist,5,Senior
2741,"Experienced in Pandas, NLP, Python. Worked on NLP pipeline. 3 years of experience.",Data Scientist,3,Mid
2742,"Experienced in NLP, Pandas, Machine Learning. Worked on NLP pipeline. 5 years of experience.",Data Scientist,5,Senior
2743,"Experienced in Machine Learning, NLP, Python. Worked on Built ML model. 4 years of experience.",Data Scientist,4,Senior
2744,"Experienced in Pandas, Deep Learning, NLP. Worked on NLP pipeline. 5 years of experience.",Data Scientist,5,Senior
2745,"Experienced in Machine Learning, Pandas, NLP. Worked on Built ML model. 2 years of experience.",Data Scientist,2,Mid
2746,"Experienced in Machine Learning, Pandas, Python. Worked on Built ML model. 3 years of experience.",Data Scientist,3,Mid
2747,"Experienced in Python, Machine Learning, NLP. Worked on Prediction system. 2 years of experience.",Data Scientist,2,Mid
2748,"Experienced in Python, Pandas, NLP. Worked on Prediction system. 2 years of experience.",Data Scientist,2,Mid
2749,"Experienced in Pandas, Deep Learning, Machine Learning. Worked on Prediction system. 3 years of experience.",Data Scientist,3,Mid
2750,"Experienced in NLP, Deep Learning, Machine Learning. Worked on Built ML model. 5 years of experience.",Data Scientist,5,Senior
2751,"Experienced in Machine Learning, Deep Learning, Pandas. Worked on Built ML model. 4 years of experience.",Data Scientist,4,Senior
2752,"Experienced in Pandas, Python, NLP. Worked on Prediction system. 2 years of experience.",Data Scientist,2,Mid
2753,"Experienced in Pandas, NLP, Machine Learning. Worked on Built ML model. 3 years of experience.",Data Scientist,3,Mid
2754,"Experienced in Python, Pandas, NLP. Worked on Built ML model. 3 years of experience.",Data Scientist,3,Mid
2755,"Experienced in NLP, Python, Pandas. Worked on NLP pipeline. 5 years of experience.",Data Scientist,5,Senior
2756,"Experienced in Python, Deep Learning, NLP. Worked on Built ML model. 0 years of experience.",Data Scientist,0,Junior
2757,"Experienced in Deep Learning, NLP, Pandas. Worked on Built ML model. 5 years of experience.",Data Scientist,5,Senior
2758,"Experienced in Pandas, NLP, Python. Worked on NLP pipeline. 3 years of experience.",Data Scientist,3,Mid
2759,"Experienced in Pandas, Machine Learning, Python. Worked on Prediction system. 4 years of experience.",Data Scientist,4,Senior
2760,"Experienced in Python, Pandas, NLP. Worked on NLP pipeline. 1 years of experience.",Data Scientist,1,Junior
2761,"Experienced in Pandas, Deep Learning, Machine Learning. Worked on NLP pipeline. 2 years of experience.",Data Scientist,2,Mid
2762,"Experienced in Python, Deep Learning, Machine Learning. Worked on Built ML model. 1 years of experience.",Data Scientist,1,Junior
2763,"Experienced in Deep Learning, Machine Learning, Python. Worked on Prediction system. 5 years of experience.",Data Scientist,5,Senior
2764,"Experienced in Machine Learning, Deep Learning, NLP. Worked on Prediction system. 3 years of experience.",Data Scientist,3,Mid
2765,"Experienced in Pandas, NLP, Deep Learning. Worked on NLP pipeline. 1 years of experience.",Data Scientist,1,Junior
2766,"Experienced in NLP, Python, Machine Learning. Worked on NLP pipeline. 2 years of experience.",Data Scientist,2,Mid
2767,"Experienced in Pandas, Deep Learning, Python. Worked on Built ML model. 4 years of experience.",Data Scientist,4,Senior
2768,"Experienced in Deep Learning, Pandas, Machine Learning. Worked on Built ML model. 3 years of experience.",Data Scientist,3,Mid
2769,"Experienced in Deep Learning, Machine Learning, Python. Worked on NLP pipeline. 5 years of experience.",Data Scientist,5,Senior
2770,"Experienced in Deep Learning, Machine Learning, NLP. Worked on Built ML model. 3 years of experience.",Data Scientist,3,Mid
2771,"Experienced in Deep Learning, NLP, Machine Learning. Worked on Prediction system. 4 years of experience.",Data Scientist,4,Senior
2772,"Experienced in Deep Learning, NLP, Python. Worked on NLP pipeline. 0 years of experience.",Data Scientist,0,Junior
2773,"Experienced in Machine Learning, Pandas, Python. Worked on NLP pipeline. 4 years of experience.",Data Scientist,4,Senior
2774,"Experienced in Deep Learning, Pandas, NLP. Worked on Built ML model. 5 years of experience.",Data Scientist,5,Senior
2775,"Experienced in Pandas, Machine Learning, NLP. Worked on Prediction system. 4 years of experience.",Data Scientist,4,Senior
2776,"Experienced in Pandas, NLP, Deep Learning. Worked on NLP pipeline. 3 years of experience.",Data Scientist,3,Mid
2777,"Experienced in NLP, Deep Learning, Pandas. Worked on Built ML model. 4 years of experience.",Data Scientist,4,Senior
2778,"Experienced in Deep Learning, NLP, Python. Worked on Built ML model. 1 years of experience.",Data Scientist,1,Junior
2779,"Experienced in Python, Deep Learning, Machine Learning. Worked on Built ML model. 1 years of experience.",Data Scientist,1,Junior
2780,"Experienced in Pandas, Deep Learning, Python. Worked on NLP pipeline. 1 years of experience.",Data Scientist,1,Junior
2781,"Experienced in Python, Machine Learning, NLP. Worked on NLP pipeline. 3 years of experience.",Data Scientist,3,Mid
2782,"Experienced in NLP, Machine Learning, Deep Learning. Worked on NLP pipeline. 2 years of experience.",Data Scientist,2,Mid
2783,"Experienced in Deep Learning, Machine Learning, Pandas. Worked on NLP pipeline. 0 years of experience.",Data Scientist,0,Junior
2784,"Experienced in Machine Learning, Deep Learning, Pandas. Worked on NLP pipeline. 5 years of experience.",Data Scientist,5,Senior
2785,"Experienced in Deep Learning, Machine Learning, NLP. Worked on Prediction system. 2 years of experience.",Data Scientist,2,Mid
2786,"Experienced in Deep Learning, Machine Learning, Python. Worked on Prediction system. 3 years of experience.",Data Scientist,3,Mid
2787,"Experienced in Pandas, NLP, Machine Learning. Worked on Prediction system. 0 years of experience.",Data Scientist,0,Junior
2788,"Experienced in NLP, Machine Learning, Python. Worked on Prediction system. 2 years of experience.",Data Scientist,2,Mid
2789,"Experienced in Pandas, Machine Learning, NLP. Worked on Built ML model. 1 years of experience.",Data Scientist,1,Junior
2790,"Experienced in Python, Deep Learning, Machine Learning. Worked on Built ML model. 2 years of experience.",Data Scientist,2,Mid
2791,"Experienced in Machine Learning, Pandas, Python. Worked on Prediction system. 0 years of experience.",Data Scientist,0,Junior
2792,"Experienced in Machine Learning, Deep Learning, Pandas. Worked on Prediction system. 3 years of experience.",Data Scientist,3,Mid
2793,"Experienced in Pandas, Deep Learning, Machine Learning. Worked on NLP pipeline. 1 years of experience.",Data Scientist,1,Junior
2794,"Experienced in Python, NLP, Pandas. Worked on NLP pipeline. 0 years of experience.",Data Scientist,0,Junior
2795,"Experienced in NLP, Deep Learning, Machine Learning. Worked on Built ML model. 5 years of experience.",Data Scientist,5,Senior
2796,"Experienced in Machine Learning, Python, Pandas. Worked on Built ML model. 3 years of experience.",Data Scientist,3,Mid
2797,"Experienced in Pandas, Deep Learning, Python. Worked on Prediction system. 2 years of experience.",Data Scientist,2,Mid
2798,"Experienced in Deep Learning, Machine Learning, Python. Worked on Built ML model. 5 years of experience.",Data Scientist,5,Senior
2799,"Experienced in NLP, Machine Learning, Deep Learning. Worked on NLP pipeline. 2 years of experience.",Data Scientist,2,Mid
2800,"Experienced in Pandas, NLP, Deep Learning. Worked on Built ML model. 5 years of experience.",Data Scientist,5,Senior
2801,"Experienced in Machine Learning, NLP, Deep Learning. Worked on Prediction system. 3 years of experience.",Data Scientist,3,Mid
2802,"Experienced in Machine Learning, NLP, Pandas. Worked on Built ML model. 4 years of experience.",Data Scientist,4,Senior
2803,"Experienced in Python, NLP, Deep Learning. Worked on Prediction system. 2 years of experience.",Data Scientist,2,Mid
2804,"Experienced in Pandas, Deep Learning, Machine Learning. Worked on Prediction system. 1 years of experience.",Data Scientist,1,Junior
2805,"Experienced in Deep Learning, NLP, Python. Worked on Prediction system. 2 years of experience.",Data Scientist,2,Mid
2806,"Experienced in Deep Learning, Machine Learning, Pandas. Worked on Built ML model. 0 years of experience.",Data Scientist,0,Junior
2807,"Experienced in Pandas, NLP, Python. Worked on NLP pipeline. 3 years of experience.",Data Scientist,3,Mid
2808,"Experienced in Machine Learning, Python, Pandas. Worked on NLP pipeline. 0 years of experience.",Data Scientist,0,Junior
2809,"Experienced in NLP, Python, Pandas. Worked on Built ML model. 2 years of experience.",Data Scientist,2,Mid
2810,"Experienced in Deep Learning, NLP, Python. Worked on Built ML model. 2 years of experience.",Data Scientist,2,Mid
2811,"Experienced in Pandas, Machine Learning, Python. Worked on Prediction system. 2 years of experience.",Data Scientist,2,Mid
2812,"Experienced in Deep Learning, Python, Pandas. Worked on Prediction system. 1 years of experience.",Data Scientist,1,Junior
2813,"Experienced in Deep Learning, Pandas, Python. Worked on Prediction system. 1 years of experience.",Data Scientist,1,Junior
2814,"Experienced in Python, Machine Learning, Deep Learning. Worked on Built ML model. 1 years of experience.",Data Scientist,1,Junior
2815,"Experienced in NLP, Deep Learning, Pandas. Worked on Prediction system. 4 years of experience.",Data Scientist,4,Senior
2816,"Experienced in Python, NLP, Pandas. Worked on NLP pipeline. 3 years of experience.",Data Scientist,3,Mid
2817,"Experienced in Machine Learning, NLP, Python. Worked on Prediction system. 0 years of experience.",Data Scientist,0,Junior
2818,"Experienced in Deep Learning, NLP, Pandas. Worked on NLP pipeline. 1 years of experience.",Data Scientist,1,Junior
2819,"Experienced in Python, Deep Learning, NLP. Worked on Prediction system. 0 years of experience.",Data Scientist,0,Junior
2820,"Experienced in Python, NLP, Deep Learning. Worked on NLP pipeline. 4 years of experience.",Data Scientist,4,Senior
2821,"Experienced in Pandas, Machine Learning, NLP. Worked on Built ML model. 2 years of experience.",Data Scientist,2,Mid
2822,"Experienced in Pandas, NLP, Deep Learning. Worked on Prediction system. 2 years of experience.",Data Scientist,2,Mid
2823,"Experienced in Pandas, Machine Learning, Deep Learning. Worked on Prediction system. 3 years of experience.",Data Scientist,3,Mid
2824,"Experienced in Python, Pandas, Machine Learning. Worked on Built ML model. 0 years of experience.",Data Scientist,0,Junior
2825,"Experienced in Pandas, Machine Learning, NLP. Worked on Built ML model. 4 years of experience.",Data Scientist,4,Senior
2826,"Experienced in Machine Learning, NLP, Pandas. Worked on NLP pipeline. 4 years of experience.",Data Scientist,4,Senior
2827,"Experienced in Machine Learning, Python, Deep Learning. Worked on Prediction system. 0 years of experience.",Data Scientist,0,Junior
2828,"Experienced in Python, Deep Learning, Machine Learning. Worked on NLP pipeline. 3 years of experience.",Data Scientist,3,Mid
2829,"Experienced in Python, Deep Learning, NLP. Worked on Built ML model. 0 years of experience.",Data Scientist,0,Junior
2830,"Experienced in NLP, Python, Deep Learning. Worked on NLP pipeline. 0 years of experience.",Data Scientist,0,Junior
2831,"Experienced in NLP, Pandas, Deep Learning. Worked on Prediction system. 2 years of experience.",Data Scientist,2,Mid
2832,"Experienced in NLP, Pandas, Deep Learning. Worked on NLP pipeline. 2 years of experience.",Data Scientist,2,Mid
2833,"Experienced in NLP, Deep Learning, Python. Worked on Prediction system. 1 years of experience.",Data Scientist,1,Junior
2834,"Experienced in Machine Learning, Python, Pandas. Worked on Prediction system. 2 years of experience.",Data Scientist,2,Mid
2835,"Experienced in Machine Learning, Python, NLP. Worked on Prediction system. 5 years of experience.",Data Scientist,5,Senior
2836,"Experienced in NLP, Python, Deep Learning. Worked on Prediction system. 4 years of experience.",Data Scientist,4,Senior
2837,"Experienced in Deep Learning, NLP, Machine Learning. Worked on NLP pipeline. 4 years of experience.",Data Scientist,4,Senior
2838,"Experienced in NLP, Machine Learning, Python. Worked on Prediction system. 4 years of experience.",Data Scientist,4,Senior
2839,"Experienced in Machine Learning, Deep Learning, NLP. Worked on NLP pipeline. 4 years of experience.",Data Scientist,4,Senior
2840,"Experienced in Deep Learning, Python, NLP. Worked on Built ML model. 3 years of experience.",Data Scientist,3,Mid
2841,"Experienced in Python, Machine Learning, Pandas. Worked on Prediction system. 1 years of experience.",Data Scientist,1,Junior
2842,"Experienced in NLP, Machine Learning, Pandas. Worked on Prediction system. 4 years of experience.",Data Scientist,4,Senior
2843,"Experienced in Python, NLP, Pandas. Worked on Built ML model. 1 years of experience.",Data Scientist,1,Junior
2844,"Experienced in NLP, Pandas, Python. Worked on NLP pipeline. 2 years of experience.",Data Scientist,2,Mid
2845,"Experienced in Deep Learning, Pandas, Python. Worked on NLP pipeline. 3 years of experience.",Data Scientist,3,Mid
2846,"Experienced in Pandas, Python, Deep Learning. Worked on NLP pipeline. 3 years of experience.",Data Scientist,3,Mid
2847,"Experienced in Machine Learning, NLP, Pandas. Worked on NLP pipeline. 5 years of experience.",Data Scientist,5,Senior
2848,"Experienced in Deep Learning, Python, NLP. Worked on NLP pipeline. 5 years of experience.",Data Scientist,5,Senior
2849,"Experienced in NLP, Machine Learning, Pandas. Worked on Prediction system. 1 years of experience.",Data Scientist,1,Junior
2850,"Experienced in Deep Learning, Pandas, Python. Worked on NLP pipeline. 4 years of experience.",Data Scientist,4,Senior
2851,"Experienced in Python, Machine Learning, Pandas. Worked on Built ML model. 3 years of experience.",Data Scientist,3,Mid
2852,"Experienced in Python, NLP, Deep Learning. Worked on NLP pipeline. 3 years of experience.",Data Scientist,3,Mid
2853,"Experienced in Machine Learning, Pandas, NLP. Worked on Prediction system. 5 years of experience.",Data Scientist,5,Senior
2854,"Experienced in Machine Learning, Python, Deep Learning. Worked on Built ML model. 4 years of experience.",Data Scientist,4,Senior
2855,"Experienced in Pandas, Machine Learning, NLP. Worked on NLP pipeline. 5 years of experience.",Data Scientist,5,Senior
2856,"Experienced in Python, Machine Learning, NLP. Worked on Prediction system. 3 years of experience.",Data Scientist,3,Mid
2857,"Experienced in Deep Learning, Machine Learning, Pandas. Worked on Prediction system. 2 years of experience.",Data Scientist,2,Mid
2858,"Experienced in Deep Learning, Pandas, Python. Worked on NLP pipeline. 5 years of experience.",Data Scientist,5,Senior
2859,"Experienced in Machine Learning, Deep Learning, Python. Worked on NLP pipeline. 5 years of experience.",Data Scientist,5,Senior
2860,"Experienced in NLP, Deep Learning, Python. Worked on Built ML model. 0 years of experience.",Data Scientist,0,Junior
2861,"Experienced in Deep Learning, Python, Pandas. Worked on Built ML model. 2 years of experience.",Data Scientist,2,Mid
2862,"Experienced in Pandas, Machine Learning, Python. Worked on Prediction system. 5 years of experience.",Data Scientist,5,Senior
2863,"Experienced in Python, Machine Learning, Pandas. Worked on Prediction system. 2 years of experience.",Data Scientist,2,Mid
2864,"Experienced in Deep Learning, Python, Machine Learning. Worked on Built ML model. 4 years of experience.",Data Scientist,4,Senior
2865,"Experienced in Deep Learning, Python, Machine Learning. Worked on Prediction system. 4 years of experience.",Data Scientist,4,Senior
2866,"Experienced in Pandas, Machine Learning, NLP. Worked on NLP pipeline. 4 years of experience.",Data Scientist,4,Senior
2867,"Experienced in Deep Learning, NLP, Machine Learning. Worked on Prediction system. 0 years of experience.",Data Scientist,0,Junior
2868,"Experienced in Machine Learning, Deep Learning, NLP. Worked on Built ML model. 3 years of experience.",Data Scientist,3,Mid
2869,"Experienced in Python, Machine Learning, NLP. Worked on NLP pipeline. 5 years of experience.",Data Scientist,5,Senior
2870,"Experienced in NLP, Deep Learning, Python. Worked on Prediction system. 5 years of experience.",Data Scientist,5,Senior
2871,"Experienced in Deep Learning, NLP, Pandas. Worked on Prediction system. 5 years of experience.",Data Scientist,5,Senior
2872,"Experienced in Python, Machine Learning, Pandas. Worked on NLP pipeline. 1 years of experience.",Data Scientist,1,Junior
2873,"Experienced in Python, Machine Learning, Deep Learning. Worked on NLP pipeline. 3 years of experience.",Data Scientist,3,Mid
2874,"Experienced in Pandas, Machine Learning, Python. Worked on NLP pipeline. 3 years of experience.",Data Scientist,3,Mid
2875,"Experienced in NLP, Machine Learning, Deep Learning. Worked on Built ML model. 5 years of experience.",Data Scientist,5,Senior
2876,"Experienced in NLP, Python, Pandas. Worked on Built ML model. 5 years of experience.",Data Scientist,5,Senior
2877,"Experienced in NLP, Python, Pandas. Worked on Built ML model. 2 years of experience.",Data Scientist,2,Mid
2878,"Experienced in Deep Learning, Pandas, NLP. Worked on NLP pipeline. 0 years of experience.",Data Scientist,0,Junior
2879,"Experienced in Pandas, NLP, Python. Worked on Built ML model. 0 years of experience.",Data Scientist,0,Junior
2880,"Experienced in Pandas, Machine Learning, Deep Learning. Worked on Prediction system. 1 years of experience.",Data Scientist,1,Junior
2881,"Experienced in Python, Deep Learning, NLP. Worked on NLP pipeline. 3 years of experience.",Data Scientist,3,Mid
2882,"Experienced in Pandas, Machine Learning, Python. Worked on NLP pipeline. 0 years of experience.",Data Scientist,0,Junior
2883,"Experienced in Python, Pandas, Deep Learning. Worked on Built ML model. 0 years of experience.",Data Scientist,0,Junior
2884,"Experienced in Machine Learning, Deep Learning, Pandas. Worked on Built ML model. 2 years of experience.",Data Scientist,2,Mid
2885,"Experienced in Machine Learning, NLP, Python. Worked on Built ML model. 4 years of experience.",Data Scientist,4,Senior
2886,"Experienced in NLP, Pandas, Python. Worked on Built ML model. 3 years of experience.",Data Scientist,3,Mid
2887,"Experienced in Pandas, NLP, Python. Worked on Prediction system. 3 years of experience.",Data Scientist,3,Mid
2888,"Experienced in Machine Learning, NLP, Pandas. Worked on Built ML model. 4 years of experience.",Data Scientist,4,Senior
2889,"Experienced in Pandas, Python, NLP. Worked on Built ML model. 3 years of experience.",Data Scientist,3,Mid
2890,"Experienced in NLP, Machine Learning, Deep Learning. Worked on NLP pipeline. 0 years of experience.",Data Scientist,0,Junior
2891,"Experienced in Python, Pandas, NLP. Worked on Prediction system. 1 years of experience.",Data Scientist,1,Junior
2892,"Experienced in NLP, Python, Pandas. Worked on NLP pipeline. 1 years of experience.",Data Scientist,1,Junior
2893,"Experienced in Machine Learning, NLP, Pandas. Worked on Built ML model. 4 years of experience.",Data Scientist,4,Senior
2894,"Experienced in Deep Learning, Machine Learning, Python. Worked on Built ML model. 5 years of experience.",Data Scientist,5,Senior
2895,"Experienced in Deep Learning, Pandas, NLP. Worked on Prediction system. 0 years of experience.",Data Scientist,0,Junior
2896,"Experienced in Machine Learning, Deep Learning, NLP. Worked on Built ML model. 1 years of experience.",Data Scientist,1,Junior
2897,"Experienced in Pandas, Deep Learning, Machine Learning. Worked on Prediction system. 5 years of experience.",Data Scientist,5,Senior
2898,"Experienced in Pandas, NLP, Python. Worked on Built ML model. 5 years of experience.",Data Scientist,5,Senior
2899,"Experienced in Deep Learning, Python, Pandas. Worked on Built ML model. 2 years of experience.",Data Scientist,2,Mid
2900,"Experienced in Machine Learning, NLP, Pandas. Worked on Built ML model. 2 years of experience.",Data Scientist,2,Mid
2901,"Experienced in Machine Learning, NLP, Python. Worked on Prediction system. 1 years of experience.",Data Scientist,1,Junior
2902,"Experienced in Python, Deep Learning, NLP. Worked on Prediction system. 4 years of experience.",Data Scientist,4,Senior
2903,"Experienced in Deep Learning, Python, Pandas. Worked on Prediction system. 0 years of experience.",Data Scientist,0,Junior
2904,"Experienced in NLP, Machine Learning, Python. Worked on NLP pipeline. 0 years of experience.",Data Scientist,0,Junior
2905,"Experienced in Python, Deep Learning, NLP. Worked on NLP pipeline. 1 years of experience.",Data Scientist,1,Junior
2906,"Experienced in Pandas, Machine Learning, NLP. Worked on Built ML model. 2 years of experience.",Data Scientist,2,Mid
2907,"Experienced in Pandas, Machine Learning, Deep Learning. Worked on NLP pipeline. 0 years of experience.",Data Scientist,0,Junior
2908,"Experienced in Machine Learning, Deep Learning, Python. Worked on Prediction system. 1 years of experience.",Data Scientist,1,Junior
2909,"Experienced in Python, Pandas, Deep Learning. Worked on Built ML model. 0 years of experience.",Data Scientist,0,Junior
2910,"Experienced in Python, Machine Learning, Deep Learning. Worked on NLP pipeline. 1 years of experience.",Data Scientist,1,Junior
2911,"Experienced in Machine Learning, Pandas, Deep Learning. Worked on NLP pipeline. 4 years of experience.",Data Scientist,4,Senior
2912,"Experienced in NLP, Python, Pandas. Worked on Prediction system. 1 years of experience.",Data Scientist,1,Junior
2913,"Experienced in Machine Learning, Python, Pandas. Worked on NLP pipeline. 3 years of experience.",Data Scientist,3,Mid
2914,"Experienced in Pandas, Deep Learning, NLP. Worked on Prediction system. 2 years of experience.",Data Scientist,2,Mid
2915,"Experienced in NLP, Pandas, Python. Worked on NLP pipeline. 2 years of experience.",Data Scientist,2,Mid
2916,"Experienced in Pandas, NLP, Python. Worked on Prediction system. 2 years of experience.",Data Scientist,2,Mid
2917,"Experienced in Deep Learning, Pandas, Machine Learning. Worked on Built ML model. 0 years of experience.",Data Scientist,0,Junior
2918,"Experienced in Deep Learning, Python, Machine Learning. Worked on Prediction system. 2 years of experience.",Data Scientist,2,Mid
2919,"Experienced in Pandas, Python, Machine Learning. Worked on Prediction system. 3 years of experience.",Data Scientist,3,Mid
2920,"Experienced in Pandas, NLP, Deep Learning. Worked on NLP pipeline. 2 years of experience.",Data Scientist,2,Mid
2921,"Experienced in Deep Learning, Python, Machine Learning. Worked on NLP pipeline. 4 years of experience.",Data Scientist,4,Senior
2922,"Experienced in Deep Learning, Machine Learning, NLP. Worked on Prediction system. 1 years of experience.",Data Scientist,1,Junior
2923,"Experienced in NLP, Deep Learning, Pandas. Worked on Prediction system. 1 years of experience.",Data Scientist,1,Junior
2924,"Experienced in Machine Learning, Deep Learning, Pandas. Worked on Prediction system. 3 years of experience.",Data Scientist,3,Mid
2925,"Experienced in Deep Learning, Machine Learning, Python. Worked on Prediction system. 3 years of experience.",Data Scientist,3,Mid
2926,"Experienced in Python, NLP, Deep Learning. Worked on Prediction system. 0 years of experience.",Data Scientist,0,Junior
2927,"Experienced in Pandas, Python, NLP. Worked on Built ML model. 4 years of experience.",Data Scientist,4,Senior
2928,"Experienced in Python, Pandas, Deep Learning. Worked on NLP pipeline. 0 years of experience.",Data Scientist,0,Junior
2929,"Experienced in Pandas, NLP, Machine Learning. Worked on Prediction system. 0 years of experience.",Data Scientist,0,Junior
2930,"Experienced in Deep Learning, Python, NLP. Worked on Built ML model. 3 years of experience.",Data Scientist,3,Mid
2931,"Experienced in Pandas, Python, Machine Learning. Worked on Prediction system. 2 years of experience.",Data Scientist,2,Mid
2932,"Experienced in NLP, Machine Learning, Pandas. Worked on NLP pipeline. 5 years of experience.",Data Scientist,5,Senior
2933,"Experienced in Deep Learning, NLP, Pandas. Worked on Prediction system. 2 years of experience.",Data Scientist,2,Mid
2934,"Experienced in Pandas, Deep Learning, Python. Worked on Built ML model. 2 years of experience.",Data Scientist,2,Mid
2935,"Experienced in Python, Deep Learning, Pandas. Worked on NLP pipeline. 0 years of experience.",Data Scientist,0,Junior
2936,"Experienced in NLP, Machine Learning, Python. Worked on Built ML model. 3 years of experience.",Data Scientist,3,Mid
2937,"Experienced in Pandas, Python, Machine Learning. Worked on Built ML model. 1 years of experience.",Data Scientist,1,Junior
2938,"Experienced in Python, Machine Learning, NLP. Worked on Built ML model. 0 years of experience.",Data Scientist,0,Junior
2939,"Experienced in Machine Learning, Python, NLP. Worked on Prediction system. 2 years of experience.",Data Scientist,2,Mid
2940,"Experienced in NLP, Machine Learning, Pandas. Worked on Built ML model. 3 years of experience.",Data Scientist,3,Mid
2941,"Experienced in Pandas, Machine Learning, NLP. Worked on Prediction system. 3 years of experience.",Data Scientist,3,Mid
2942,"Experienced in Machine Learning, Deep Learning, Python. Worked on NLP pipeline. 0 years of experience.",Data Scientist,0,Junior
2943,"Experienced in Python, Pandas, NLP. Worked on Prediction system. 2 years of experience.",Data Scientist,2,Mid
2944,"Experienced in Machine Learning, NLP, Pandas. Worked on Built ML model. 5 years of experience.",Data Scientist,5,Senior
2945,"Experienced in Machine Learning, Deep Learning, Python. Worked on Built ML model. 4 years of experience.",Data Scientist,4,Senior
2946,"Experienced in NLP, Python, Pandas. Worked on NLP pipeline. 4 years of experience.",Data Scientist,4,Senior
2947,"Experienced in Python, Machine Learning, Pandas. Worked on Built ML model. 0 years of experience.",Data Scientist,0,Junior
2948,"Experienced in Deep Learning, Machine Learning, Pandas. Worked on Built ML model. 4 years of experience.",Data Scientist,4,Senior
2949,"Experienced in Deep Learning, Pandas, Python. Worked on NLP pipeline. 1 years of experience.",Data Scientist,1,Junior
2950,"Experienced in NLP, Python, Deep Learning. Worked on Built ML model. 0 years of experience.",Data Scientist,0,Junior
2951,"Experienced in Machine Learning, NLP, Pandas. Worked on NLP pipeline. 3 years of experience.",Data Scientist,3,Mid
2952,"Experienced in Python, Machine Learning, Deep Learning. Worked on Prediction system. 0 years of experience.",Data Scientist,0,Junior
2953,"Experienced in Python, Deep Learning, Pandas. Worked on Prediction system. 0 years of experience.",Data Scientist,0,Junior
2954,"Experienced in Python, NLP, Deep Learning. Worked on Built ML model. 3 years of experience.",Data Scientist,3,Mid
2955,"Experienced in Machine Learning, Python, NLP. Worked on Built ML model. 1 years of experience.",Data Scientist,1,Junior
2956,"Experienced in Machine Learning, NLP, Python. Worked on NLP pipeline. 5 years of experience.",Data Scientist,5,Senior
2957,"Experienced in NLP, Pandas, Deep Learning. Worked on Prediction system. 5 years of experience.",Data Scientist,5,Senior
2958,"Experienced in Python, Pandas, NLP. Worked on Prediction system. 3 years of experience.",Data Scientist,3,Mid
2959,"Experienced in Deep Learning, Pandas, NLP. Worked on Built ML model. 4 years of experience.",Data Scientist,4,Senior
2960,"Experienced in NLP, Machine Learning, Python. Worked on Built ML model. 4 years of experience.",Data Scientist,4,Senior
2961,"Experienced in NLP, Machine Learning, Python. Worked on Built ML model. 3 years of experience.",Data Scientist,3,Mid
2962,"Experienced in Python, NLP, Pandas. Worked on Built ML model. 3 years of experience.",Data Scientist,3,Mid
2963,"Experienced in NLP, Pandas, Machine Learning. Worked on Prediction system. 2 years of experience.",Data Scientist,2,Mid
2964,"Experienced in Pandas, Python, Machine Learning. Worked on Prediction system. 4 years of experience.",Data Scientist,4,Senior
2965,"Experienced in Pandas, Machine Learning, Deep Learning. Worked on NLP pipeline. 3 years of experience.",Data Scientist,3,Mid
2966,"Experienced in Pandas, Python, Deep Learning. Worked on Built ML model. 4 years of experience.",Data Scientist,4,Senior
2967,"Experienced in Deep Learning, NLP, Python. Worked on NLP pipeline. 3 years of experience.",Data Scientist,3,Mid
2968,"Experienced in Python, NLP, Deep Learning. Worked on NLP pipeline. 5 years of experience.",Data Scientist,5,Senior
2969,"Experienced in Pandas, Machine Learning, NLP. Worked on NLP pipeline. 5 years of experience.",Data Scientist,5,Senior
2970,"Experienced in Machine Learning, Deep Learning, Pandas. Worked on Prediction system. 2 years of experience.",Data Scientist,2,Mid
2971,"Experienced in NLP, Pandas, Deep Learning. Worked on NLP pipeline. 1 years of experience.",Data Scientist,1,Junior
2972,"Experienced in Machine Learning, Python, NLP. Worked on NLP pipeline. 5 years of experience.",Data Scientist,5,Senior
2973,"Experienced in Python, Deep Learning, Pandas. Worked on Built ML model. 0 years of experience.",Data Scientist,0,Junior
2974,"Experienced in Machine Learning, Deep Learning, Pandas. Worked on NLP pipeline. 5 years of experience.",Data Scientist,5,Senior
2975,"Experienced in NLP, Machine Learning, Python. Worked on Prediction system. 5 years of experience.",Data Scientist,5,Senior
2976,"Experienced in NLP, Pandas, Machine Learning. Worked on NLP pipeline. 2 years of experience.",Data Scientist,2,Mid
2977,"Experienced in Machine Learning, NLP, Pandas. Worked on NLP pipeline. 4 years of experience.",Data Scientist,4,Senior
2978,"Experienced in Python, Deep Learning, NLP. Worked on NLP pipeline. 4 years of experience.",Data Scientist,4,Senior
2979,"Experienced in Python, Deep Learning, NLP. Worked on Built ML model. 4 years of experience.",Data Scientist,4,Senior
2980,"Experienced in Machine Learning, Deep Learning, Pandas. Worked on Prediction system. 3 years of experience.",Data Scientist,3,Mid
2981,"Experienced in Machine Learning, Pandas, Deep Learning. Worked on Prediction system. 2 years of experience.",Data Scientist,2,Mid
2982,"Experienced in Python, Deep Learning, Machine Learning. Worked on NLP pipeline. 5 years of experience.",Data Scientist,5,Senior
2983,"Experienced in NLP, Machine Learning, Python. Worked on Built ML model. 5 years of experience.",Data Scientist,5,Senior
2984,"Experienced in Machine Learning, Deep Learning, Pandas. Worked on NLP pipeline. 2 years of experience.",Data Scientist,2,Mid
2985,"Experienced in Deep Learning, Machine Learning, NLP. Worked on NLP pipeline. 5 years of experience.",Data Scientist,5,Senior
2986,"Experienced in NLP, Deep Learning, Python. Worked on NLP pipeline. 2 years of experience.",Data Scientist,2,Mid
2987,"Experienced in Deep Learning, Pandas, NLP. Worked on Prediction system. 4 years of experience.",Data Scientist,4,Senior
2988,"Experienced in NLP, Deep Learning, Python. Worked on Built ML model. 2 years of experience.",Data Scientist,2,Mid
2989,"Experienced in Machine Learning, NLP, Deep Learning. Worked on Prediction system. 4 years of experience.",Data Scientist,4,Senior
2990,"Experienced in Python, Machine Learning, Pandas. Worked on NLP pipeline. 1 years of experience.",Data Scientist,1,Junior
2991,"Experienced in NLP, Pandas, Deep Learning. Worked on Prediction system. 3 years of experience.",Data Scientist,3,Mid
2992,"Experienced in Pandas, NLP, Machine Learning. Worked on Built ML model. 2 years of experience.",Data Scientist,2,Mid
2993,"Experienced in Python, Machine Learning, Pandas. Worked on Prediction system. 5 years of experience.",Data Scientist,5,Senior
2994,"Experienced in Deep Learning, Python, NLP. Worked on Built ML model. 1 years of experience.",Data Scientist,1,Junior
2995,"Experienced in Machine Learning, Python, NLP. Worked on NLP pipeline. 4 years of experience.",Data Scientist,4,Senior
2996,"Experienced in Python, Pandas, Machine Learning. Worked on Built ML model. 2 years of experience.",Data Scientist,2,Mid
2997,"Experienced in Python, NLP, Pandas. Worked on Built ML model. 4 years of experience.",Data Scientist,4,Senior
2998,"Experienced in NLP, Deep Learning, Python. Worked on NLP pipeline. 4 years of experience.",Data Scientist,4,Senior
2999,"Experienced in Pandas, Machine Learning, Python. Worked on Built ML model. 2 years of experience.",Data Scientist,2,Mid
3000,"Experienced in Machine Learning, Pandas, Deep Learning. Worked on NLP pipeline. 0 years of experience.",Data Scientist,0,Junior
3001,"Experienced in Node.js, HTML, CSS. Worked on Full-stack project. 2 years of experience.",Web Developer,2,Mid
3002,"Experienced in Node.js, JavaScript, React. Worked on Full-stack project. 5 years of experience.",Web Developer,5,Senior
3003,"Experienced in Node.js, CSS, HTML. Worked on Created web app. 5 years of experience.",Web Developer,5,Senior
3004,"Experienced in Node.js, JavaScript, CSS. Worked on Full-stack project. 0 years of experience.",Web Developer,0,Junior
3005,"Experienced in JavaScript, Node.js, CSS. Worked on Full-stack project. 1 years of experience.",Web Developer,1,Junior
3006,"Experienced in CSS, JavaScript, React. Worked on Full-stack project. 0 years of experience.",Web Developer,0,Junior
3007,"Experienced in HTML, CSS, JavaScript. Worked on Created web app. 4 years of experience.",Web Developer,4,Senior
3008,"Experienced in Node.js, React, CSS. Worked on Designed UI. 4 years of experience.",Web Developer,4,Senior
3009,"Experienced in Node.js, React, JavaScript. Worked on Created web app. 5 years of experience.",Web Developer,5,Senior
3010,"Experienced in React, HTML, Node.js. Worked on Designed UI. 4 years of experience.",Web Developer,4,Senior
3011,"Experienced in HTML, Node.js, React. Worked on Created web app. 4 years of experience.",Web Developer,4,Senior
3012,"Experienced in CSS, React, JavaScript. Worked on Designed UI. 3 years of experience.",Web Developer,3,Mid
3013,"Experienced in JavaScript, Node.js, React. Worked on Full-stack project. 1 years of experience.",Web Developer,1,Junior
3014,"Experienced in JavaScript, React, HTML. Worked on Full-stack project. 2 years of experience.",Web Developer,2,Mid
3015,"Experienced in Node.js, React, CSS. Worked on Created web app. 0 years of experience.",Web Developer,0,Junior
3016,"Experienced in JavaScript, HTML, Node.js. Worked on Designed UI. 5 years of experience.",Web Developer,5,Senior
3017,"Experienced in CSS, HTML, Node.js. Worked on Designed UI. 3 years of experience.",Web Developer,3,Mid
3018,"Experienced in JavaScript, React, Node.js. Worked on Created web app. 2 years of experience.",Web Developer,2,Mid
3019,"Experienced in JavaScript, Node.js, React. Worked on Created web app. 5 years of experience.",Web Developer,5,Senior
3020,"Experienced in Node.js, React, HTML. Worked on Designed UI. 1 years of experience.",Web Developer,1,Junior
3021,"Experienced in JavaScript, HTML, React. Worked on Created web app. 2 years of experience.",Web Developer,2,Mid
3022,"Experienced in HTML, CSS, Node.js. Worked on Designed UI. 1 years of experience.",Web Developer,1,Junior
3023,"Experienced in HTML, Node.js, React. Worked on Created web app. 5 years of experience.",Web Developer,5,Senior
3024,"Experienced in CSS, React, Node.js. Worked on Designed UI. 2 years of experience.",Web Developer,2,Mid
3025,"Experienced in HTML, CSS, React. Worked on Full-stack project. 1 years of experience.",Web Developer,1,Junior
3026,"Experienced in HTML, React, CSS. Worked on Created web app. 2 years of experience.",Web Developer,2,Mid
3027,"Experienced in HTML, JavaScript, CSS. Worked on Created web app. 0 years of experience.",Web Developer,0,Junior
3028,"Experienced in React, Node.js, HTML. Worked on Designed UI. 3 years of experience.",Web Developer,3,Mid
3029,"Experienced in Node.js, React, JavaScript. Worked on Full-stack project. 0 years of experience.",Web Developer,0,Junior
3030,"Experienced in CSS, Node.js, JavaScript. Worked on Designed UI. 0 years of experience.",Web Developer,0,Junior
3031,"Experienced in React, HTML, CSS. Worked on Created web app. 2 years of experience.",Web Developer,2,Mid
3032,"Experienced in Node.js, HTML, CSS. Worked on Designed UI. 5 years of experience.",Web Developer,5,Senior
3033,"Experienced in JavaScript, HTML, CSS. Worked on Created web app. 3 years of experience.",Web Developer,3,Mid
3034,"Experienced in Node.js, CSS, JavaScript. Worked on Created web app. 4 years of experience.",Web Developer,4,Senior
3035,"Experienced in CSS, React, Node.js. Worked on Created web app. 1 years of experience.",Web Developer,1,Junior
3036,"Experienced in HTML, Node.js, React. Worked on Created web app. 3 years of experience.",Web Developer,3,Mid
3037,"Experienced in React, JavaScript, Node.js. Worked on Created web app. 5 years of experience.",Web Developer,5,Senior
3038,"Experienced in Node.js, HTML, React. Worked on Full-stack project. 3 years of experience.",Web Developer,3,Mid
3039,"Experienced in JavaScript, React, HTML. Worked on Created web app. 4 years of experience.",Web Developer,4,Senior
3040,"Experienced in CSS, Node.js, React. Worked on Designed UI. 3 years of experience.",Web Developer,3,Mid
3041,"Experienced in React, CSS, Node.js. Worked on Full-stack project. 1 years of experience.",Web Developer,1,Junior
3042,"Experienced in React, HTML, Node.js. Worked on Created web app. 4 years of experience.",Web Developer,4,Senior
3043,"Experienced in React, Node.js, CSS. Worked on Full-stack project. 3 years of experience.",Web Developer,3,Mid
3044,"Experienced in Node.js, React, HTML. Worked on Full-stack project. 3 years of experience.",Web Developer,3,Mid
3045,"Experienced in JavaScript, HTML, Node.js. Worked on Created web app. 1 years of experience.",Web Developer,1,Junior
3046,"Experienced in Node.js, React, CSS. Worked on Full-stack project. 1 years of experience.",Web Developer,1,Junior
3047,"Experienced in HTML, CSS, Node.js. Worked on Created web app. 0 years of experience.",Web Developer,0,Junior
3048,"Experienced in JavaScript, HTML, CSS. Worked on Designed UI. 5 years of experience.",Web Developer,5,Senior
3049,"Experienced in CSS, HTML, JavaScript. Worked on Designed UI. 2 years of experience.",Web Developer,2,Mid
3050,"Experienced in JavaScript, CSS, HTML. Worked on Designed UI. 3 years of experience.",Web Developer,3,Mid
3051,"Experienced in React, JavaScript, HTML. Worked on Created web app. 3 years of experience.",Web Developer,3,Mid
3052,"Experienced in CSS, JavaScript, Node.js. Worked on Designed UI. 1 years of experience.",Web Developer,1,Junior
3053,"Experienced in JavaScript, CSS, Node.js. Worked on Full-stack project. 2 years of experience.",Web Developer,2,Mid
3054,"Experienced in Node.js, JavaScript, HTML. Worked on Created web app. 4 years of experience.",Web Developer,4,Senior
3055,"Experienced in JavaScript, CSS, Node.js. Worked on Designed UI. 4 years of experience.",Web Developer,4,Senior
3056,"Experienced in JavaScript, CSS, HTML. Worked on Designed UI. 5 years of experience.",Web Developer,5,Senior
3057,"Experienced in React, CSS, Node.js. Worked on Designed UI. 4 years of experience.",Web Developer,4,Senior
3058,"Experienced in CSS, Node.js, JavaScript. Worked on Created web app. 4 years of experience.",Web Developer,4,Senior
3059,"Experienced in Node.js, HTML, CSS. Worked on Full-stack project. 0 years of experience.",Web Developer,0,Junior
3060,"Experienced in JavaScript, HTML, Node.js. Worked on Created web app. 5 years of experience.",Web Developer,5,Senior
3061,"Experienced in CSS, Node.js, HTML. Worked on Full-stack project. 0 years of experience.",Web Developer,0,Junior
3062,"Experienced in HTML, CSS, Node.js. Worked on Full-stack project. 3 years of experience.",Web Developer,3,Mid
3063,"Experienced in CSS, JavaScript, HTML. Worked on Created web app. 0 years of experience.",Web Developer,0,Junior
3064,"Experienced in React, HTML, JavaScript. Worked on Full-stack project. 4 years of experience.",Web Developer,4,Senior
3065,"Experienced in CSS, Node.js, JavaScript. Worked on Full-stack project. 3 years of experience.",Web Developer,3,Mid
3066,"Experienced in CSS, React, HTML. Worked on Created web app. 1 years of experience.",Web Developer,1,Junior
3067,"Experienced in React, JavaScript, HTML. Worked on Created web app. 4 years of experience.",Web Developer,4,Senior
3068,"Experienced in HTML, CSS, Node.js. Worked on Full-stack project. 4 years of experience.",Web Developer,4,Senior
3069,"Experienced in CSS, Node.js, React. Worked on Designed UI. 0 years of experience.",Web Developer,0,Junior
3070,"Experienced in JavaScript, React, Node.js. Worked on Created web app. 5 years of experience.",Web Developer,5,Senior
3071,"Experienced in React, Node.js, HTML. Worked on Designed UI. 5 years of experience.",Web Developer,5,Senior
3072,"Experienced in HTML, React, JavaScript. Worked on Full-stack project. 1 years of experience.",Web Developer,1,Junior
3073,"Experienced in CSS, JavaScript, React. Worked on Created web app. 3 years of experience.",Web Developer,3,Mid
3074,"Experienced in CSS, Node.js, HTML. Worked on Created web app. 5 years of experience.",Web Developer,5,Senior
3075,"Experienced in CSS, HTML, React. Worked on Created web app. 0 years of experience.",Web Developer,0,Junior
3076,"Experienced in Node.js, React, JavaScript. Worked on Full-stack project. 2 years of experience.",Web Developer,2,Mid
3077,"Experienced in Node.js, CSS, JavaScript. Worked on Designed UI. 1 years of experience.",Web Developer,1,Junior
3078,"Experienced in HTML, JavaScript, Node.js. Worked on Designed UI. 4 years of experience.",Web Developer,4,Senior
3079,"Experienced in JavaScript, React, CSS. Worked on Full-stack project. 2 years of experience.",Web Developer,2,Mid
3080,"Experienced in JavaScript, Node.js, HTML. Worked on Created web app. 3 years of experience.",Web Developer,3,Mid
3081,"Experienced in JavaScript, React, CSS. Worked on Full-stack project. 1 years of experience.",Web Developer,1,Junior
3082,"Experienced in JavaScript, CSS, HTML. Worked on Full-stack project. 3 years of experience.",Web Developer,3,Mid
3083,"Experienced in CSS, HTML, JavaScript. Worked on Designed UI. 1 years of experience.",Web Developer,1,Junior
3084,"Experienced in CSS, Node.js, React. Worked on Created web app. 0 years of experience.",Web Developer,0,Junior
3085,"Experienced in JavaScript, CSS, React. Worked on Full-stack project. 2 years of experience.",Web Developer,2,Mid
3086,"Experienced in React, HTML, JavaScript. Worked on Created web app. 1 years of experience.",Web Developer,1,Junior
3087,"Experienced in CSS, React, Node.js. Worked on Full-stack project. 2 years of experience.",Web Developer,2,Mid
3088,"Experienced in JavaScript, CSS, HTML. Worked on Created web app. 2 years of experience.",Web Developer,2,Mid
3089,"Experienced in React, HTML, Node.js. Worked on Created web app. 4 years of experience.",Web Developer,4,Senior
3090,"Experienced in JavaScript, CSS, HTML. Worked on Designed UI. 5 years of experience.",Web Developer,5,Senior
3091,"Experienced in HTML, React, JavaScript. Worked on Designed UI. 4 years of experience.",Web Developer,4,Senior
3092,"Experienced in CSS, HTML, Node.js. Worked on Designed UI. 4 years of experience.",Web Developer,4,Senior
3093,"Experienced in JavaScript, Node.js, HTML. Worked on Created web app. 2 years of experience.",Web Developer,2,Mid
3094,"Experienced in React, JavaScript, HTML. Worked on Designed UI. 3 years of experience.",Web Developer,3,Mid
3095,"Experienced in HTML, CSS, JavaScript. Worked on Full-stack project. 3 years of experience.",Web Developer,3,Mid
3096,"Experienced in Node.js, HTML, React. Worked on Full-stack project. 4 years of experience.",Web Developer,4,Senior
3097,"Experienced in JavaScript, CSS, HTML. Worked on Designed UI. 4 years of experience.",Web Developer,4,Senior
3098,"Experienced in Node.js, React, CSS. Worked on Full-stack project. 3 years of experience.",Web Developer,3,Mid
3099,"Experienced in HTML, CSS, React. Worked on Created web app. 5 years of experience.",Web Developer,5,Senior
3100,"Experienced in CSS, JavaScript, React. Worked on Created web app. 5 years of experience.",Web Developer,5,Senior
3101,"Experienced in CSS, Node.js, HTML. Worked on Created web app. 0 years of experience.",Web Developer,0,Junior
3102,"Experienced in CSS, JavaScript, React. Worked on Designed UI. 4 years of experience.",Web Developer,4,Senior
3103,"Experienced in CSS, HTML, React. Worked on Full-stack project. 1 years of experience.",Web Developer,1,Junior
3104,"Experienced in HTML, CSS, JavaScript. Worked on Created web app. 5 years of experience.",Web Developer,5,Senior
3105,"Experienced in React, CSS, Node.js. Worked on Created web app. 3 years of experience.",Web Developer,3,Mid
3106,"Experienced in CSS, JavaScript, HTML. Worked on Created web app. 1 years of experience.",Web Developer,1,Junior
3107,"Experienced in React, HTML, Node.js. Worked on Full-stack project. 4 years of experience.",Web Developer,4,Senior
3108,"Experienced in HTML, CSS, Node.js. Worked on Designed UI. 3 years of experience.",Web Developer,3,Mid
3109,"Experienced in Node.js, HTML, React. Worked on Full-stack project. 3 years of experience.",Web Developer,3,Mid
3110,"Experienced in React, CSS, JavaScript. Worked on Full-stack project. 1 years of experience.",Web Developer,1,Junior
3111,"Experienced in CSS, React, Node.js. Worked on Full-stack project. 0 years of experience.",Web Developer,0,Junior
3112,"Experienced in HTML, CSS, React. Worked on Full-stack project. 5 years of experience.",Web Developer,5,Senior
3113,"Experienced in Node.js, CSS, HTML. Worked on Created web app. 4 years of experience.",Web Developer,4,Senior
3114,"Experienced in CSS, HTML, JavaScript. Worked on Full-stack project. 2 years of experience.",Web Developer,2,Mid
3115,"Experienced in CSS, Node.js, React. Worked on Full-stack project. 4 years of experience.",Web Developer,4,Senior
3116,"Experienced in JavaScript, React, Node.js. Worked on Full-stack project. 2 years of experience.",Web Developer,2,Mid
3117,"Experienced in CSS, JavaScript, HTML. Worked on Created web app. 5 years of experience.",Web Developer,5,Senior
3118,"Experienced in JavaScript, CSS, HTML. Worked on Designed UI. 3 years of experience.",Web Developer,3,Mid
3119,"Experienced in JavaScript, CSS, React. Worked on Created web app. 0 years of experience.",Web Developer,0,Junior
3120,"Experienced in CSS, JavaScript, Node.js. Worked on Full-stack project. 5 years of experience.",Web Developer,5,Senior
3121,"Experienced in CSS, Node.js, HTML. Worked on Full-stack project. 5 years of experience.",Web Developer,5,Senior
3122,"Experienced in JavaScript, Node.js, HTML. Worked on Full-stack project. 4 years of experience.",Web Developer,4,Senior
3123,"Experienced in CSS, JavaScript, HTML. Worked on Created web app. 4 years of experience.",Web Developer,4,Senior
3124,"Experienced in HTML, Node.js, CSS. Worked on Created web app. 3 years of experience.",Web Developer,3,Mid
3125,"Experienced in React, CSS, Node.js. Worked on Designed UI. 5 years of experience.",Web Developer,5,Senior
3126,"Experienced in HTML, React, JavaScript. Worked on Created web app. 5 years of experience.",Web Developer,5,Senior
3127,"Experienced in React, Node.js, HTML. Worked on Designed UI. 4 years of experience.",Web Developer,4,Senior
3128,"Experienced in React, Node.js, JavaScript. Worked on Designed UI. 5 years of experience.",Web Developer,5,Senior
3129,"Experienced in React, CSS, Node.js. Worked on Created web app. 1 years of experience.",Web Developer,1,Junior
3130,"Experienced in HTML, CSS, JavaScript. Worked on Full-stack project. 1 years of experience.",Web Developer,1,Junior
3131,"Experienced in JavaScript, CSS, HTML. Worked on Created web app. 0 years of experience.",Web Developer,0,Junior
3132,"Experienced in JavaScript, React, CSS. Worked on Designed UI. 5 years of experience.",Web Developer,5,Senior
3133,"Experienced in Node.js, HTML, React. Worked on Full-stack project. 5 years of experience.",Web Developer,5,Senior
3134,"Experienced in CSS, React, JavaScript. Worked on Designed UI. 1 years of experience.",Web Developer,1,Junior
3135,"Experienced in JavaScript, HTML, Node.js. Worked on Full-stack project. 1 years of experience.",Web Developer,1,Junior
3136,"Experienced in React, JavaScript, HTML. Worked on Designed UI. 3 years of experience.",Web Developer,3,Mid
3137,"Experienced in React, JavaScript, HTML. Worked on Full-stack project. 5 years of experience.",Web Developer,5,Senior
3138,"Experienced in Node.js, CSS, HTML. Worked on Created web app. 1 years of experience.",Web Developer,1,Junior
3139,"Experienced in JavaScript, HTML, React. Worked on Full-stack project. 0 years of experience.",Web Developer,0,Junior
3140,"Experienced in Node.js, HTML, React. Worked on Created web app. 2 years of experience.",Web Developer,2,Mid
3141,"Experienced in HTML, Node.js, CSS. Worked on Full-stack project. 4 years of experience.",Web Developer,4,Senior
3142,"Experienced in Node.js, React, JavaScript. Worked on Designed UI. 4 years of experience.",Web Developer,4,Senior
3143,"Experienced in CSS, Node.js, JavaScript. Worked on Full-stack project. 4 years of experience.",Web Developer,4,Senior
3144,"Experienced in CSS, React, HTML. Worked on Designed UI. 3 years of experience.",Web Developer,3,Mid
3145,"Experienced in React, CSS, Node.js. Worked on Designed UI. 4 years of experience.",Web Developer,4,Senior
3146,"Experienced in HTML, JavaScript, CSS. Worked on Created web app. 0 years of experience.",Web Developer,0,Junior
3147,"Experienced in JavaScript, HTML, Node.js. Worked on Created web app. 1 years of experience.",Web Developer,1,Junior
3148,"Experienced in HTML, Node.js, CSS. Worked on Created web app. 2 years of experience.",Web Developer,2,Mid
3149,"Experienced in CSS, Node.js, React. Worked on Full-stack project. 1 years of experience.",Web Developer,1,Junior
3150,"Experienced in React, HTML, CSS. Worked on Designed UI. 2 years of experience.",Web Developer,2,Mid
3151,"Experienced in React, CSS, Node.js. Worked on Full-stack project. 2 years of experience.",Web Developer,2,Mid
3152,"Experienced in React, HTML, CSS. Worked on Created web app. 0 years of experience.",Web Developer,0,Junior
3153,"Experienced in JavaScript, React, CSS. Worked on Created web app. 3 years of experience.",Web Developer,3,Mid
3154,"Experienced in HTML, Node.js, React. Worked on Designed UI. 5 years of experience.",Web Developer,5,Senior
3155,"Experienced in CSS, React, JavaScript. Worked on Created web app. 1 years of experience.",Web Developer,1,Junior
3156,"Experienced in React, Node.js, HTML. Worked on Designed UI. 0 years of experience.",Web Developer,0,Junior
3157,"Experienced in JavaScript, React, Node.js. Worked on Created web app. 3 years of experience.",Web Developer,3,Mid
3158,"Experienced in Node.js, CSS, HTML. Worked on Created web app. 4 years of experience.",Web Developer,4,Senior
3159,"Experienced in React, JavaScript, Node.js. Worked on Full-stack project. 5 years of experience.",Web Developer,5,Senior
3160,"Experienced in CSS, React, JavaScript. Worked on Designed UI. 3 years of experience.",Web Developer,3,Mid
3161,"Experienced in React, Node.js, JavaScript. Worked on Full-stack project. 5 years of experience.",Web Developer,5,Senior
3162,"Experienced in CSS, JavaScript, HTML. Worked on Designed UI. 4 years of experience.",Web Developer,4,Senior
3163,"Experienced in HTML, React, JavaScript. Worked on Created web app. 0 years of experience.",Web Developer,0,Junior
3164,"Experienced in CSS, JavaScript, Node.js. Worked on Full-stack project. 1 years of experience.",Web Developer,1,Junior
3165,"Experienced in CSS, JavaScript, React. Worked on Designed UI. 2 years of experience.",Web Developer,2,Mid
3166,"Experienced in JavaScript, HTML, CSS. Worked on Created web app. 4 years of experience.",Web Developer,4,Senior
3167,"Experienced in React, Node.js, HTML. Worked on Designed UI. 0 years of experience.",Web Developer,0,Junior
3168,"Experienced in React, JavaScript, CSS. Worked on Full-stack project. 1 years of experience.",Web Developer,1,Junior
3169,"Experienced in CSS, Node.js, React. Worked on Created web app. 3 years of experience.",Web Developer,3,Mid
3170,"Experienced in CSS, Node.js, HTML. Worked on Designed UI. 5 years of experience.",Web Developer,5,Senior
3171,"Experienced in React, HTML, Node.js. Worked on Designed UI. 3 years of experience.",Web Developer,3,Mid
3172,"Experienced in JavaScript, React, CSS. Worked on Created web app. 0 years of experience.",Web Developer,0,Junior
3173,"Experienced in HTML, CSS, Node.js. Worked on Created web app. 1 years of experience.",Web Developer,1,Junior
3174,"Experienced in CSS, HTML, Node.js. Worked on Designed UI. 3 years of experience.",Web Developer,3,Mid
3175,"Experienced in Node.js, CSS, JavaScript. Worked on Full-stack project. 0 years of experience.",Web Developer,0,Junior
3176,"Experienced in CSS, JavaScript, React. Worked on Full-stack project. 1 years of experience.",Web Developer,1,Junior
3177,"Experienced in React, JavaScript, CSS. Worked on Created web app. 2 years of experience.",Web Developer,2,Mid
3178,"Experienced in HTML, JavaScript, CSS. Worked on Created web app. 1 years of experience.",Web Developer,1,Junior
3179,"Experienced in Node.js, HTML, CSS. Worked on Full-stack project. 2 years of experience.",Web Developer,2,Mid
3180,"Experienced in React, JavaScript, CSS. Worked on Full-stack project. 0 years of experience.",Web Developer,0,Junior
3181,"Experienced in JavaScript, CSS, HTML. Worked on Created web app. 1 years of experience.",Web Developer,1,Junior
3182,"Experienced in HTML, CSS, JavaScript. Worked on Created web app. 2 years of experience.",Web Developer,2,Mid
3183,"Experienced in React, Node.js, JavaScript. Worked on Created web app. 0 years of experience.",Web Developer,0,Junior
3184,"Experienced in React, CSS, Node.js. Worked on Full-stack project. 0 years of experience.",Web Developer,0,Junior
3185,"Experienced in Node.js, HTML, JavaScript. Worked on Designed UI. 2 years of experience.",Web Developer,2,Mid
3186,"Experienced in HTML, Node.js, CSS. Worked on Created web app. 0 years of experience.",Web Developer,0,Junior
3187,"Experienced in Node.js, React, JavaScript. Worked on Designed UI. 0 years of experience.",Web Developer,0,Junior
3188,"Experienced in HTML, CSS, Node.js. Worked on Created web app. 4 years of experience.",Web Developer,4,Senior
3189,"Experienced in CSS, JavaScript, Node.js. Worked on Designed UI. 0 years of experience.",Web Developer,0,Junior
3190,"Experienced in Node.js, HTML, CSS. Worked on Full-stack project. 4 years of experience.",Web Developer,4,Senior
3191,"Experienced in HTML, Node.js, CSS. Worked on Created web app. 1 years of experience.",Web Developer,1,Junior
3192,"Experienced in CSS, React, Node.js. Worked on Designed UI. 0 years of experience.",Web Developer,0,Junior
3193,"Experienced in React, JavaScript, Node.js. Worked on Full-stack project. 5 years of experience.",Web Developer,5,Senior
3194,"Experienced in CSS, JavaScript, HTML. Worked on Full-stack project. 0 years of experience.",Web Developer,0,Junior
3195,"Experienced in Node.js, React, HTML. Worked on Full-stack project. 2 years of experience.",Web Developer,2,Mid
3196,"Experienced in HTML, Node.js, React. Worked on Created web app. 5 years of experience.",Web Developer,5,Senior
3197,"Experienced in JavaScript, React, HTML. Worked on Created web app. 3 years of experience.",Web Developer,3,Mid
3198,"Experienced in CSS, HTML, React. Worked on Full-stack project. 2 years of experience.",Web Developer,2,Mid
3199,"Experienced in JavaScript, HTML, Node.js. Worked on Full-stack project. 1 years of experience.",Web Developer,1,Junior
3200,"Experienced in React, Node.js, HTML. Worked on Designed UI. 4 years of experience.",Web Developer,4,Senior
3201,"Experienced in Node.js, HTML, React. Worked on Designed UI. 2 years of experience.",Web Developer,2,Mid
3202,"Experienced in React, HTML, Node.js. Worked on Designed UI. 4 years of experience.",Web Developer,4,Senior
3203,"Experienced in HTML, JavaScript, React. Worked on Full-stack project. 4 years of experience.",Web Developer,4,Senior
3204,"Experienced in HTML, React, Node.js. Worked on Full-stack project. 2 years of experience.",Web Developer,2,Mid
3205,"Experienced in JavaScript, Node.js, CSS. Worked on Created web app. 1 years of experience.",Web Developer,1,Junior
3206,"Experienced in React, CSS, JavaScript. Worked on Created web app. 2 years of experience.",Web Developer,2,Mid
3207,"Experienced in JavaScript, Node.js, CSS. Worked on Created web app. 3 years of experience.",Web Developer,3,Mid
3208,"Experienced in Node.js, CSS, JavaScript. Worked on Designed UI. 2 years of experience.",Web Developer,2,Mid
3209,"Experienced in React, CSS, JavaScript. Worked on Designed UI. 5 years of experience.",Web Developer,5,Senior
3210,"Experienced in JavaScript, CSS, Node.js. Worked on Created web app. 5 years of experience.",Web Developer,5,Senior
3211,"Experienced in HTML, React, CSS. Worked on Full-stack project. 1 years of experience.",Web Developer,1,Junior
3212,"Experienced in HTML, Node.js, CSS. Worked on Designed UI. 0 years of experience.",Web Developer,0,Junior
3213,"Experienced in Node.js, CSS, HTML. Worked on Created web app. 3 years of experience.",Web Developer,3,Mid
3214,"Experienced in HTML, React, JavaScript. Worked on Designed UI. 2 years of experience.",Web Developer,2,Mid
3215,"Experienced in React, Node.js, HTML. Worked on Full-stack project. 3 years of experience.",Web Developer,3,Mid
3216,"Experienced in React, HTML, CSS. Worked on Full-stack project. 1 years of experience.",Web Developer,1,Junior
3217,"Experienced in React, Node.js, CSS. Worked on Full-stack project. 4 years of experience.",Web Developer,4,Senior
3218,"Experienced in React, CSS, JavaScript. Worked on Designed UI. 2 years of experience.",Web Developer,2,Mid
3219,"Experienced in React, JavaScript, HTML. Worked on Designed UI. 1 years of experience.",Web Developer,1,Junior
3220,"Experienced in CSS, HTML, Node.js. Worked on Designed UI. 3 years of experience.",Web Developer,3,Mid
3221,"Experienced in JavaScript, HTML, CSS. Worked on Designed UI. 1 years of experience.",Web Developer,1,Junior
3222,"Experienced in JavaScript, Node.js, React. Worked on Designed UI. 2 years of experience.",Web Developer,2,Mid
3223,"Experienced in CSS, HTML, React. Worked on Designed UI. 3 years of experience.",Web Developer,3,Mid
3224,"Experienced in CSS, JavaScript, Node.js. Worked on Designed UI. 5 years of experience.",Web Developer,5,Senior
3225,"Experienced in JavaScript, CSS, HTML. Worked on Designed UI. 0 years of experience.",Web Developer,0,Junior
3226,"Experienced in HTML, CSS, React. Worked on Designed UI. 4 years of experience.",Web Developer,4,Senior
3227,"Experienced in HTML, JavaScript, CSS. Worked on Designed UI. 2 years of experience.",Web Developer,2,Mid
3228,"Experienced in Node.js, JavaScript, CSS. Worked on Designed UI. 3 years of experience.",Web Developer,3,Mid
3229,"Experienced in React, Node.js, JavaScript. Worked on Created web app. 3 years of experience.",Web Developer,3,Mid
3230,"Experienced in CSS, React, JavaScript. Worked on Designed UI. 3 years of experience.",Web Developer,3,Mid
3231,"Experienced in CSS, React, HTML. Worked on Full-stack project. 5 years of experience.",Web Developer,5,Senior
3232,"Experienced in CSS, JavaScript, Node.js. Worked on Designed UI. 3 years of experience.",Web Developer,3,Mid
3233,"Experienced in HTML, CSS, Node.js. Worked on Full-stack project. 5 years of experience.",Web Developer,5,Senior
3234,"Experienced in HTML, JavaScript, CSS. Worked on Designed UI. 1 years of experience.",Web Developer,1,Junior
3235,"Experienced in Node.js, JavaScript, CSS. Worked on Designed UI. 2 years of experience.",Web Developer,2,Mid
3236,"Experienced in JavaScript, React, HTML. Worked on Designed UI. 2 years of experience.",Web Developer,2,Mid
3237,"Experienced in CSS, React, JavaScript. Worked on Full-stack project. 2 years of experience.",Web Developer,2,Mid
3238,"Experienced in HTML, CSS, Node.js. Worked on Designed UI. 3 years of experience.",Web Developer,3,Mid
3239,"Experienced in HTML, JavaScript, Node.js. Worked on Full-stack project. 4 years of experience.",Web Developer,4,Senior
3240,"Experienced in JavaScript, HTML, Node.js. Worked on Created web app. 5 years of experience.",Web Developer,5,Senior
3241,"Experienced in HTML, React, CSS. Worked on Designed UI. 1 years of experience.",Web Developer,1,Junior
3242,"Experienced in Node.js, CSS, React. Worked on Designed UI. 3 years of experience.",Web Developer,3,Mid
3243,"Experienced in Node.js, React, HTML. Worked on Full-stack project. 2 years of experience.",Web Developer,2,Mid
3244,"Experienced in React, HTML, Node.js. Worked on Designed UI. 5 years of experience.",Web Developer,5,Senior
3245,"Experienced in JavaScript, HTML, Node.js. Worked on Full-stack project. 4 years of experience.",Web Developer,4,Senior
3246,"Experienced in React, JavaScript, CSS. Worked on Created web app. 2 years of experience.",Web Developer,2,Mid
3247,"Experienced in React, Node.js, JavaScript. Worked on Created web app. 0 years of experience.",Web Developer,0,Junior
3248,"Experienced in HTML, CSS, React. Worked on Designed UI. 3 years of experience.",Web Developer,3,Mid
3249,"Experienced in Node.js, JavaScript, CSS. Worked on Designed UI. 3 years of experience.",Web Developer,3,Mid
3250,"Experienced in JavaScript, React, HTML. Worked on Full-stack project. 0 years of experience.",Web Developer,0,Junior
3251,"Experienced in JavaScript, React, Node.js. Worked on Created web app. 0 years of experience.",Web Developer,0,Junior
3252,"Experienced in Node.js, JavaScript, React. Worked on Created web app. 0 years of experience.",Web Developer,0,Junior
3253,"Experienced in Node.js, JavaScript, CSS. Worked on Designed UI. 3 years of experience.",Web Developer,3,Mid
3254,"Experienced in Node.js, React, CSS. Worked on Full-stack project. 1 years of experience.",Web Developer,1,Junior
3255,"Experienced in React, JavaScript, HTML. Worked on Designed UI. 0 years of experience.",Web Developer,0,Junior
3256,"Experienced in React, JavaScript, CSS. Worked on Designed UI. 5 years of experience.",Web Developer,5,Senior
3257,"Experienced in JavaScript, HTML, Node.js. Worked on Full-stack project. 1 years of experience.",Web Developer,1,Junior
3258,"Experienced in HTML, React, CSS. Worked on Created web app. 5 years of experience.",Web Developer,5,Senior
3259,"Experienced in JavaScript, HTML, Node.js. Worked on Full-stack project. 4 years of experience.",Web Developer,4,Senior
3260,"Experienced in HTML, JavaScript, Node.js. Worked on Designed UI. 0 years of experience.",Web Developer,0,Junior
3261,"Experienced in HTML, React, Node.js. Worked on Created web app. 0 years of experience.",Web Developer,0,Junior
3262,"Experienced in CSS, Node.js, React. Worked on Full-stack project. 0 years of experience.",Web Developer,0,Junior
3263,"Experienced in HTML, CSS, JavaScript. Worked on Created web app. 4 years of experience.",Web Developer,4,Senior
3264,"Experienced in Node.js, React, CSS. Worked on Created web app. 5 years of experience.",Web Developer,5,Senior
3265,"Experienced in CSS, HTML, JavaScript. Worked on Designed UI. 4 years of experience.",Web Developer,4,Senior
3266,"Experienced in CSS, HTML, React. Worked on Full-stack project. 4 years of experience.",Web Developer,4,Senior
3267,"Experienced in JavaScript, CSS, Node.js. Worked on Created web app. 5 years of experience.",Web Developer,5,Senior
3268,"Experienced in React, HTML, CSS. Worked on Created web app. 3 years of experience.",Web Developer,3,Mid
3269,"Experienced in React, HTML, Node.js. Worked on Full-stack project. 2 years of experience.",Web Developer,2,Mid
3270,"Experienced in React, CSS, JavaScript. Worked on Full-stack project. 2 years of experience.",Web Developer,2,Mid
3271,"Experienced in React, Node.js, CSS. Worked on Designed UI. 1 years of experience.",Web Developer,1,Junior
3272,"Experienced in Node.js, React, HTML. Worked on Full-stack project. 3 years of experience.",Web Developer,3,Mid
3273,"Experienced in JavaScript, CSS, HTML. Worked on Full-stack project. 2 years of experience.",Web Developer,2,Mid
3274,"Experienced in React, JavaScript, HTML. Worked on Created web app. 5 years of experience.",Web Developer,5,Senior
3275,"Experienced in HTML, JavaScript, React. Worked on Full-stack project. 4 years of experience.",Web Developer,4,Senior
3276,"Experienced in JavaScript, React, HTML. Worked on Full-stack project. 0 years of experience.",Web Developer,0,Junior
3277,"Experienced in HTML, Node.js, JavaScript. Worked on Designed UI. 5 years of experience.",Web Developer,5,Senior
3278,"Experienced in CSS, HTML, React. Worked on Designed UI. 3 years of experience.",Web Developer,3,Mid
3279,"Experienced in HTML, Node.js, CSS. Worked on Full-stack project. 2 years of experience.",Web Developer,2,Mid
3280,"Experienced in JavaScript, CSS, Node.js. Worked on Designed UI. 0 years of experience.",Web Developer,0,Junior
3281,"Experienced in HTML, Node.js, JavaScript. Worked on Created web app. 1 years of experience.",Web Developer,1,Junior
3282,"Experienced in Node.js, HTML, JavaScript. Worked on Designed UI. 2 years of experience.",Web Developer,2,Mid
3283,"Experienced in CSS, HTML, JavaScript. Worked on Designed UI. 3 years of experience.",Web Developer,3,Mid
3284,"Experienced in Node.js, JavaScript, CSS. Worked on Created web app. 0 years of experience.",Web Developer,0,Junior
3285,"Experienced in React, Node.js, HTML. Worked on Designed UI. 2 years of experience.",Web Developer,2,Mid
3286,"Experienced in CSS, Node.js, HTML. Worked on Designed UI. 2 years of experience.",Web Developer,2,Mid
3287,"Experienced in JavaScript, CSS, React. Worked on Full-stack project. 1 years of experience.",Web Developer,1,Junior
3288,"Experienced in React, HTML, JavaScript. Worked on Full-stack project. 3 years of experience.",Web Developer,3,Mid
3289,"Experienced in CSS, Node.js, HTML. Worked on Created web app. 3 years of experience.",Web Developer,3,Mid
3290,"Experienced in React, Node.js, JavaScript. Worked on Full-stack project. 1 years of experience.",Web Developer,1,Junior
3291,"Experienced in CSS, React, JavaScript. Worked on Designed UI. 3 years of experience.",Web Developer,3,Mid
3292,"Experienced in HTML, Node.js, React. Worked on Created web app. 3 years of experience.",Web Developer,3,Mid
3293,"Experienced in Node.js, JavaScript, CSS. Worked on Created web app. 5 years of experience.",Web Developer,5,Senior
3294,"Experienced in CSS, JavaScript, Node.js. Worked on Full-stack project. 1 years of experience.",Web Developer,1,Junior
3295,"Experienced in HTML, React, CSS. Worked on Full-stack project. 4 years of experience.",Web Developer,4,Senior
3296,"Experienced in React, HTML, Node.js. Worked on Created web app. 4 years of experience.",Web Developer,4,Senior
3297,"Experienced in CSS, React, Node.js. Worked on Created web app. 2 years of experience.",Web Developer,2,Mid
3298,"Experienced in Node.js, HTML, CSS. Worked on Full-stack project. 1 years of experience.",Web Developer,1,Junior
3299,"Experienced in CSS, Node.js, JavaScript. Worked on Designed UI. 1 years of experience.",Web Developer,1,Junior
3300,"Experienced in Node.js, React, CSS. Worked on Created web app. 0 years of experience.",Web Developer,0,Junior
3301,"Experienced in HTML, CSS, JavaScript. Worked on Full-stack project. 5 years of experience.",Web Developer,5,Senior
3302,"Experienced in Node.js, HTML, CSS. Worked on Created web app. 2 years of experience.",Web Developer,2,Mid
3303,"Experienced in HTML, JavaScript, Node.js. Worked on Designed UI. 3 years of experience.",Web Developer,3,Mid
3304,"Experienced in HTML, Node.js, React. Worked on Full-stack project. 0 years of experience.",Web Developer,0,Junior
3305,"Experienced in React, HTML, JavaScript. Worked on Designed UI. 0 years of experience.",Web Developer,0,Junior
3306,"Experienced in Node.js, JavaScript, React. Worked on Created web app. 0 years of experience.",Web Developer,0,Junior
3307,"Experienced in JavaScript, CSS, React. Worked on Designed UI. 0 years of experience.",Web Developer,0,Junior
3308,"Experienced in CSS, HTML, JavaScript. Worked on Designed UI. 2 years of experience.",Web Developer,2,Mid
3309,"Experienced in React, JavaScript, Node.js. Worked on Designed UI. 2 years of experience.",Web Developer,2,Mid
3310,"Experienced in React, Node.js, JavaScript. Worked on Designed UI. 3 years of experience.",Web Developer,3,Mid
3311,"Experienced in HTML, CSS, Node.js. Worked on Created web app. 5 years of experience.",Web Developer,5,Senior
3312,"Experienced in JavaScript, CSS, React. Worked on Designed UI. 3 years of experience.",Web Developer,3,Mid
3313,"Experienced in React, Node.js, JavaScript. Worked on Designed UI. 3 years of experience.",Web Developer,3,Mid
3314,"Experienced in CSS, Node.js, HTML. Worked on Designed UI. 1 years of experience.",Web Developer,1,Junior
3315,"Experienced in Node.js, HTML, JavaScript. Worked on Created web app. 1 years of experience.",Web Developer,1,Junior
3316,"Experienced in JavaScript, Node.js, CSS. Worked on Designed UI. 0 years of experience.",Web Developer,0,Junior
3317,"Experienced in HTML, JavaScript, CSS. Worked on Full-stack project. 2 years of experience.",Web Developer,2,Mid
3318,"Experienced in React, CSS, Node.js. Worked on Created web app. 3 years of experience.",Web Developer,3,Mid
3319,"Experienced in JavaScript, Node.js, CSS. Worked on Created web app. 2 years of experience.",Web Developer,2,Mid
3320,"Experienced in HTML, React, CSS. Worked on Created web app. 2 years of experience.",Web Developer,2,Mid
3321,"Experienced in React, CSS, Node.js. Worked on Full-stack project. 0 years of experience.",Web Developer,0,Junior
3322,"Experienced in Node.js, JavaScript, CSS. Worked on Created web app. 3 years of experience.",Web Developer,3,Mid
3323,"Experienced in HTML, CSS, React. Worked on Designed UI. 0 years of experience.",Web Developer,0,Junior
3324,"Experienced in HTML, Node.js, React. Worked on Full-stack project. 1 years of experience.",Web Developer,1,Junior
3325,"Experienced in React, Node.js, CSS. Worked on Designed UI. 5 years of experience.",Web Developer,5,Senior
3326,"Experienced in CSS, HTML, Node.js. Worked on Full-stack project. 0 years of experience.",Web Developer,0,Junior
3327,"Experienced in CSS, Node.js, React. Worked on Full-stack project. 0 years of experience.",Web Developer,0,Junior
3328,"Experienced in CSS, HTML, Node.js. Worked on Designed UI. 4 years of experience.",Web Developer,4,Senior
3329,"Experienced in React, Node.js, HTML. Worked on Full-stack project. 2 years of experience.",Web Developer,2,Mid
3330,"Experienced in HTML, CSS, JavaScript. Worked on Full-stack project. 4 years of experience.",Web Developer,4,Senior
3331,"Experienced in HTML, CSS, Node.js. Worked on Designed UI. 1 years of experience.",Web Developer,1,Junior
3332,"Experienced in HTML, Node.js, React. Worked on Created web app. 5 years of experience.",Web Developer,5,Senior
3333,"Experienced in Node.js, HTML, CSS. Worked on Created web app. 1 years of experience.",Web Developer,1,Junior
3334,"Experienced in HTML, JavaScript, React. Worked on Created web app. 2 years of experience.",Web Developer,2,Mid
3335,"Experienced in Node.js, CSS, JavaScript. Worked on Created web app. 5 years of experience.",Web Developer,5,Senior
3336,"Experienced in HTML, Node.js, CSS. Worked on Full-stack project. 3 years of experience.",Web Developer,3,Mid
3337,"Experienced in HTML, React, JavaScript. Worked on Full-stack project. 2 years of experience.",Web Developer,2,Mid
3338,"Experienced in HTML, JavaScript, React. Worked on Designed UI. 5 years of experience.",Web Developer,5,Senior
3339,"Experienced in JavaScript, CSS, HTML. Worked on Designed UI. 2 years of experience.",Web Developer,2,Mid
3340,"Experienced in React, CSS, HTML. Worked on Full-stack project. 0 years of experience.",Web Developer,0,Junior
3341,"Experienced in Node.js, CSS, HTML. Worked on Created web app. 0 years of experience.",Web Developer,0,Junior
3342,"Experienced in CSS, React, JavaScript. Worked on Created web app. 4 years of experience.",Web Developer,4,Senior
3343,"Experienced in HTML, React, JavaScript. Worked on Designed UI. 5 years of experience.",Web Developer,5,Senior
3344,"Experienced in CSS, HTML, JavaScript. Worked on Created web app. 1 years of experience.",Web Developer,1,Junior
3345,"Experienced in CSS, React, Node.js. Worked on Designed UI. 2 years of experience.",Web Developer,2,Mid
3346,"Experienced in HTML, JavaScript, Node.js. Worked on Full-stack project. 1 years of experience.",Web Developer,1,Junior
3347,"Experienced in CSS, React, JavaScript. Worked on Created web app. 0 years of experience.",Web Developer,0,Junior
3348,"Experienced in HTML, CSS, React. Worked on Full-stack project. 5 years of experience.",Web Developer,5,Senior
3349,"Experienced in Node.js, HTML, CSS. Worked on Full-stack project. 0 years of experience.",Web Developer,0,Junior
3350,"Experienced in HTML, React, CSS. Worked on Designed UI. 5 years of experience.",Web Developer,5,Senior
3351,"Experienced in HTML, JavaScript, Node.js. Worked on Designed UI. 3 years of experience.",Web Developer,3,Mid
3352,"Experienced in Node.js, HTML, React. Worked on Created web app. 4 years of experience.",Web Developer,4,Senior
3353,"Experienced in Node.js, JavaScript, HTML. Worked on Created web app. 1 years of experience.",Web Developer,1,Junior
3354,"Experienced in CSS, React, Node.js. Worked on Created web app. 2 years of experience.",Web Developer,2,Mid
3355,"Experienced in Node.js, HTML, React. Worked on Full-stack project. 1 years of experience.",Web Developer,1,Junior
3356,"Experienced in React, Node.js, HTML. Worked on Created web app. 5 years of experience.",Web Developer,5,Senior
3357,"Experienced in React, CSS, Node.js. Worked on Designed UI. 4 years of experience.",Web Developer,4,Senior
3358,"Experienced in HTML, JavaScript, CSS. Worked on Designed UI. 1 years of experience.",Web Developer,1,Junior
3359,"Experienced in React, Node.js, JavaScript. Worked on Designed UI. 4 years of experience.",Web Developer,4,Senior
3360,"Experienced in React, CSS, JavaScript. Worked on Full-stack project. 5 years of experience.",Web Developer,5,Senior
3361,"Experienced in CSS, HTML, Node.js. Worked on Created web app. 0 years of experience.",Web Developer,0,Junior
3362,"Experienced in HTML, React, JavaScript. Worked on Designed UI. 5 years of experience.",Web Developer,5,Senior
3363,"Experienced in React, JavaScript, Node.js. Worked on Designed UI. 5 years of experience.",Web Developer,5,Senior
3364,"Experienced in HTML, Node.js, CSS. Worked on Full-stack project. 0 years of experience.",Web Developer,0,Junior
3365,"Experienced in JavaScript, React, Node.js. Worked on Designed UI. 0 years of experience.",Web Developer,0,Junior
3366,"Experienced in React, JavaScript, Node.js. Worked on Designed UI. 2 years of experience.",Web Developer,2,Mid
3367,"Experienced in React, CSS, JavaScript. Worked on Designed UI. 1 years of experience.",Web Developer,1,Junior
3368,"Experienced in JavaScript, HTML, Node.js. Worked on Full-stack project. 1 years of experience.",Web Developer,1,Junior
3369,"Experienced in React, HTML, Node.js. Worked on Full-stack project. 5 years of experience.",Web Developer,5,Senior
3370,"Experienced in React, HTML, JavaScript. Worked on Created web app. 2 years of experience.",Web Developer,2,Mid
3371,"Experienced in JavaScript, React, Node.js. Worked on Designed UI. 5 years of experience.",Web Developer,5,Senior
3372,"Experienced in Node.js, React, HTML. Worked on Created web app. 4 years of experience.",Web Developer,4,Senior
3373,"Experienced in JavaScript, CSS, React. Worked on Designed UI. 1 years of experience.",Web Developer,1,Junior
3374,"Experienced in Node.js, HTML, React. Worked on Full-stack project. 0 years of experience.",Web Developer,0,Junior
3375,"Experienced in CSS, JavaScript, HTML. Worked on Full-stack project. 4 years of experience.",Web Developer,4,Senior
3376,"Experienced in JavaScript, CSS, Node.js. Worked on Designed UI. 4 years of experience.",Web Developer,4,Senior
3377,"Experienced in CSS, HTML, JavaScript. Worked on Designed UI. 1 years of experience.",Web Developer,1,Junior
3378,"Experienced in JavaScript, Node.js, HTML. Worked on Created web app. 4 years of experience.",Web Developer,4,Senior
3379,"Experienced in CSS, Node.js, HTML. Worked on Full-stack project. 5 years of experience.",Web Developer,5,Senior
3380,"Experienced in React, JavaScript, CSS. Worked on Created web app. 2 years of experience.",Web Developer,2,Mid
3381,"Experienced in React, CSS, HTML. Worked on Designed UI. 1 years of experience.",Web Developer,1,Junior
3382,"Experienced in Node.js, CSS, HTML. Worked on Full-stack project. 0 years of experience.",Web Developer,0,Junior
3383,"Experienced in JavaScript, HTML, React. Worked on Full-stack project. 5 years of experience.",Web Developer,5,Senior
3384,"Experienced in HTML, CSS, Node.js. Worked on Designed UI. 0 years of experience.",Web Developer,0,Junior
3385,"Experienced in HTML, Node.js, React. Worked on Designed UI. 0 years of experience.",Web Developer,0,Junior
3386,"Experienced in React, CSS, Node.js. Worked on Full-stack project. 5 years of experience.",Web Developer,5,Senior
3387,"Experienced in CSS, React, HTML. Worked on Designed UI. 2 years of experience.",Web Developer,2,Mid
3388,"Experienced in Node.js, CSS, HTML. Worked on Created web app. 1 years of experience.",Web Developer,1,Junior
3389,"Experienced in JavaScript, React, CSS. Worked on Full-stack project. 2 years of experience.",Web Developer,2,Mid
3390,"Experienced in JavaScript, CSS, React. Worked on Created web app. 0 years of experience.",Web Developer,0,Junior
3391,"Experienced in JavaScript, HTML, Node.js. Worked on Full-stack project. 0 years of experience.",Web Developer,0,Junior
3392,"Experienced in JavaScript, Node.js, React. Worked on Full-stack project. 1 years of experience.",Web Developer,1,Junior
3393,"Experienced in Node.js, React, HTML. Worked on Full-stack project. 4 years of experience.",Web Developer,4,Senior
3394,"Experienced in CSS, HTML, Node.js. Worked on Full-stack project. 5 years of experience.",Web Developer,5,Senior
3395,"Experienced in Node.js, HTML, React. Worked on Full-stack project. 2 years of experience.",Web Developer,2,Mid
3396,"Experienced in HTML, JavaScript, Node.js. Worked on Created web app. 3 years of experience.",Web Developer,3,Mid
3397,"Experienced in React, Node.js, CSS. Worked on Designed UI. 3 years of experience.",Web Developer,3,Mid
3398,"Experienced in Node.js, CSS, JavaScript. Worked on Designed UI. 5 years of experience.",Web Developer,5,Senior
3399,"Experienced in HTML, CSS, React. Worked on Created web app. 0 years of experience.",Web Developer,0,Junior
3400,"Experienced in CSS, HTML, React. Worked on Full-stack project. 2 years of experience.",Web Developer,2,Mid
3401,"Experienced in JavaScript, CSS, HTML. Worked on Designed UI. 3 years of experience.",Web Developer,3,Mid
3402,"Experienced in JavaScript, React, HTML. Worked on Designed UI. 1 years of experience.",Web Developer,1,Junior
3403,"Experienced in JavaScript, CSS, HTML. Worked on Created web app. 3 years of experience.",Web Developer,3,Mid
3404,"Experienced in CSS, HTML, Node.js. Worked on Designed UI. 1 years of experience.",Web Developer,1,Junior
3405,"Experienced in CSS, JavaScript, Node.js. Worked on Created web app. 4 years of experience.",Web Developer,4,Senior
3406,"Experienced in HTML, Node.js, CSS. Worked on Created web app. 4 years of experience.",Web Developer,4,Senior
3407,"Experienced in React, CSS, JavaScript. Worked on Created web app. 4 years of experience.",Web Developer,4,Senior
3408,"Experienced in React, CSS, JavaScript. Worked on Created web app. 5 years of experience.",Web Developer,5,Senior
3409,"Experienced in HTML, CSS, JavaScript. Worked on Created web app. 2 years of experience.",Web Developer,2,Mid
3410,"Experienced in Node.js, JavaScript, React. Worked on Full-stack project. 1 years of experience.",Web Developer,1,Junior
3411,"Experienced in React, Node.js, HTML. Worked on Created web app. 3 years of experience.",Web Developer,3,Mid
3412,"Experienced in Node.js, JavaScript, CSS. Worked on Designed UI. 4 years of experience.",Web Developer,4,Senior
3413,"Experienced in HTML, React, CSS. Worked on Designed UI. 0 years of experience.",Web Developer,0,Junior
3414,"Experienced in JavaScript, CSS, Node.js. Worked on Created web app. 3 years of experience.",Web Developer,3,Mid
3415,"Experienced in CSS, React, JavaScript. Worked on Created web app. 4 years of experience.",Web Developer,4,Senior
3416,"Experienced in Node.js, HTML, React. Worked on Created web app. 5 years of experience.",Web Developer,5,Senior
3417,"Experienced in React, JavaScript, HTML. Worked on Created web app. 1 years of experience.",Web Developer,1,Junior
3418,"Experienced in React, JavaScript, HTML. Worked on Designed UI. 3 years of experience.",Web Developer,3,Mid
3419,"Experienced in Node.js, JavaScript, HTML. Worked on Full-stack project. 0 years of experience.",Web Developer,0,Junior
3420,"Experienced in React, JavaScript, HTML. Worked on Full-stack project. 4 years of experience.",Web Developer,4,Senior
3421,"Experienced in React, HTML, CSS. Worked on Created web app. 0 years of experience.",Web Developer,0,Junior
3422,"Experienced in React, JavaScript, Node.js. Worked on Designed UI. 5 years of experience.",Web Developer,5,Senior
3423,"Experienced in React, JavaScript, Node.js. Worked on Designed UI. 5 years of experience.",Web Developer,5,Senior
3424,"Experienced in React, HTML, CSS. Worked on Created web app. 3 years of experience.",Web Developer,3,Mid
3425,"Experienced in HTML, Node.js, JavaScript. Worked on Full-stack project. 2 years of experience.",Web Developer,2,Mid
3426,"Experienced in HTML, React, Node.js. Worked on Full-stack project. 1 years of experience.",Web Developer,1,Junior
3427,"Experienced in Node.js, JavaScript, React. Worked on Created web app. 2 years of experience.",Web Developer,2,Mid
3428,"Experienced in JavaScript, HTML, Node.js. Worked on Designed UI. 0 years of experience.",Web Developer,0,Junior
3429,"Experienced in React, JavaScript, HTML. Worked on Created web app. 0 years of experience.",Web Developer,0,Junior
3430,"Experienced in Node.js, React, CSS. Worked on Created web app. 0 years of experience.",Web Developer,0,Junior
3431,"Experienced in React, CSS, HTML. Worked on Full-stack project. 5 years of experience.",Web Developer,5,Senior
3432,"Experienced in Node.js, CSS, JavaScript. Worked on Full-stack project. 0 years of experience.",Web Developer,0,Junior
3433,"Experienced in CSS, React, JavaScript. Worked on Full-stack project. 2 years of experience.",Web Developer,2,Mid
3434,"Experienced in HTML, JavaScript, React. Worked on Designed UI. 2 years of experience.",Web Developer,2,Mid
3435,"Experienced in JavaScript, React, Node.js. Worked on Designed UI. 1 years of experience.",Web Developer,1,Junior
3436,"Experienced in JavaScript, Node.js, React. Worked on Full-stack project. 4 years of experience.",Web Developer,4,Senior
3437,"Experienced in CSS, HTML, React. Worked on Full-stack project. 4 years of experience.",Web Developer,4,Senior
3438,"Experienced in React, Node.js, JavaScript. Worked on Created web app. 3 years of experience.",Web Developer,3,Mid
3439,"Experienced in Node.js, React, HTML. Worked on Designed UI. 5 years of experience.",Web Developer,5,Senior
3440,"Experienced in React, CSS, Node.js. Worked on Designed UI. 0 years of experience.",Web Developer,0,Junior
3441,"Experienced in React, HTML, CSS. Worked on Created web app. 5 years of experience.",Web Developer,5,Senior
3442,"Experienced in CSS, React, JavaScript. Worked on Created web app. 2 years of experience.",Web Developer,2,Mid
3443,"Experienced in CSS, JavaScript, HTML. Worked on Created web app. 4 years of experience.",Web Developer,4,Senior
3444,"Experienced in Node.js, CSS, React. Worked on Designed UI. 0 years of experience.",Web Developer,0,Junior
3445,"Experienced in Node.js, React, JavaScript. Worked on Created web app. 1 years of experience.",Web Developer,1,Junior
3446,"Experienced in CSS, React, Node.js. Worked on Designed UI. 1 years of experience.",Web Developer,1,Junior
3447,"Experienced in CSS, Node.js, React. Worked on Full-stack project. 4 years of experience.",Web Developer,4,Senior
3448,"Experienced in JavaScript, CSS, HTML. Worked on Designed UI. 2 years of experience.",Web Developer,2,Mid
3449,"Experienced in React, CSS, Node.js. Worked on Full-stack project. 3 years of experience.",Web Developer,3,Mid
3450,"Experienced in CSS, HTML, JavaScript. Worked on Created web app. 4 years of experience.",Web Developer,4,Senior
3451,"Experienced in Node.js, CSS, JavaScript. Worked on Created web app. 1 years of experience.",Web Developer,1,Junior
3452,"Experienced in React, CSS, HTML. Worked on Created web app. 3 years of experience.",Web Developer,3,Mid
3453,"Experienced in React, HTML, Node.js. Worked on Designed UI. 4 years of experience.",Web Developer,4,Senior
3454,"Experienced in CSS, JavaScript, Node.js. Worked on Designed UI. 5 years of experience.",Web Developer,5,Senior
3455,"Experienced in React, JavaScript, CSS. Worked on Created web app. 4 years of experience.",Web Developer,4,Senior
3456,"Experienced in CSS, JavaScript, HTML. Worked on Designed UI. 0 years of experience.",Web Developer,0,Junior
3457,"Experienced in JavaScript, Node.js, HTML. Worked on Full-stack project. 4 years of experience.",Web Developer,4,Senior
3458,"Experienced in React, CSS, Node.js. Worked on Created web app. 2 years of experience.",Web Developer,2,Mid
3459,"Experienced in Node.js, React, JavaScript. Worked on Designed UI. 4 years of experience.",Web Developer,4,Senior
3460,"Experienced in React, CSS, JavaScript. Worked on Designed UI. 0 years of experience.",Web Developer,0,Junior
3461,"Experienced in JavaScript, React, HTML. Worked on Created web app. 3 years of experience.",Web Developer,3,Mid
3462,"Experienced in JavaScript, React, Node.js. Worked on Designed UI. 4 years of experience.",Web Developer,4,Senior
3463,"Experienced in HTML, Node.js, React. Worked on Full-stack project. 4 years of experience.",Web Developer,4,Senior
3464,"Experienced in Node.js, JavaScript, CSS. Worked on Created web app. 3 years of experience.",Web Developer,3,Mid
3465,"Experienced in React, JavaScript, CSS. Worked on Created web app. 3 years of experience.",Web Developer,3,Mid
3466,"Experienced in Node.js, HTML, React. Worked on Full-stack project. 0 years of experience.",Web Developer,0,Junior
3467,"Experienced in JavaScript, CSS, Node.js. Worked on Created web app. 2 years of experience.",Web Developer,2,Mid
3468,"Experienced in JavaScript, Node.js, HTML. Worked on Designed UI. 4 years of experience.",Web Developer,4,Senior
3469,"Experienced in CSS, JavaScript, HTML. Worked on Designed UI. 2 years of experience.",Web Developer,2,Mid
3470,"Experienced in React, CSS, Node.js. Worked on Full-stack project. 5 years of experience.",Web Developer,5,Senior
3471,"Experienced in JavaScript, Node.js, HTML. Worked on Created web app. 1 years of experience.",Web Developer,1,Junior
3472,"Experienced in HTML, CSS, React. Worked on Created web app. 3 years of experience.",Web Developer,3,Mid
3473,"Experienced in JavaScript, CSS, Node.js. Worked on Created web app. 4 years of experience.",Web Developer,4,Senior
3474,"Experienced in HTML, Node.js, JavaScript. Worked on Designed UI. 5 years of experience.",Web Developer,5,Senior
3475,"Experienced in HTML, Node.js, React. Worked on Designed UI. 3 years of experience.",Web Developer,3,Mid
3476,"Experienced in Node.js, JavaScript, React. Worked on Full-stack project. 2 years of experience.",Web Developer,2,Mid
3477,"Experienced in Node.js, React, HTML. Worked on Created web app. 4 years of experience.",Web Developer,4,Senior
3478,"Experienced in JavaScript, Node.js, HTML. Worked on Created web app. 2 years of experience.",Web Developer,2,Mid
3479,"Experienced in HTML, React, Node.js. Worked on Designed UI. 5 years of experience.",Web Developer,5,Senior
3480,"Experienced in HTML, CSS, Node.js. Worked on Created web app. 1 years of experience.",Web Developer,1,Junior
3481,"Experienced in HTML, Node.js, React. Worked on Full-stack project. 3 years of experience.",Web Developer,3,Mid
3482,"Experienced in HTML, CSS, Node.js. Worked on Designed UI. 2 years of experience.",Web Developer,2,Mid
3483,"Experienced in Node.js, JavaScript, HTML. Worked on Designed UI. 4 years of experience.",Web Developer,4,Senior
3484,"Experienced in React, JavaScript, HTML. Worked on Created web app. 3 years of experience.",Web Developer,3,Mid
3485,"Experienced in JavaScript, React, HTML. Worked on Created web app. 0 years of experience.",Web Developer,0,Junior
3486,"Experienced in Node.js, HTML, CSS. Worked on Designed UI. 3 years of experience.",Web Developer,3,Mid
3487,"Experienced in Node.js, CSS, React. Worked on Created web app. 0 years of experience.",Web Developer,0,Junior
3488,"Experienced in HTML, CSS, React. Worked on Created web app. 2 years of experience.",Web Developer,2,Mid
3489,"Experienced in HTML, JavaScript, CSS. Worked on Designed UI. 5 years of experience.",Web Developer,5,Senior
3490,"Experienced in Node.js, CSS, JavaScript. Worked on Full-stack project. 5 years of experience.",Web Developer,5,Senior
3491,"Experienced in React, CSS, Node.js. Worked on Designed UI. 4 years of experience.",Web Developer,4,Senior
3492,"Experienced in React, JavaScript, HTML. Worked on Full-stack project. 5 years of experience.",Web Developer,5,Senior
3493,"Experienced in CSS, Node.js, React. Worked on Full-stack project. 3 years of experience.",Web Developer,3,Mid
3494,"Experienced in React, Node.js, HTML. Worked on Designed UI. 2 years of experience.",Web Developer,2,Mid
3495,"Experienced in CSS, JavaScript, HTML. Worked on Full-stack project. 2 years of experience.",Web Developer,2,Mid
3496,"Experienced in React, CSS, JavaScript. Worked on Created web app. 0 years of experience.",Web Developer,0,Junior
3497,"Experienced in CSS, Node.js, HTML. Worked on Created web app. 0 years of experience.",Web Developer,0,Junior
3498,"Experienced in HTML, Node.js, JavaScript. Worked on Designed UI. 3 years of experience.",Web Developer,3,Mid
3499,"Experienced in Node.js, JavaScript, CSS. Worked on Full-stack project. 1 years of experience.",Web Developer,1,Junior
3500,"Experienced in HTML, CSS, React. Worked on Created web app. 4 years of experience.",Web Developer,4,Senior
3501,"Experienced in HTML, React, JavaScript. Worked on Designed UI. 5 years of experience.",Web Developer,5,Senior
3502,"Experienced in JavaScript, HTML, CSS. Worked on Designed UI. 2 years of experience.",Web Developer,2,Mid
3503,"Experienced in Node.js, JavaScript, CSS. Worked on Designed UI. 3 years of experience.",Web Developer,3,Mid
3504,"Experienced in HTML, JavaScript, CSS. Worked on Created web app. 0 years of experience.",Web Developer,0,Junior
3505,"Experienced in React, HTML, CSS. Worked on Created web app. 4 years of experience.",Web Developer,4,Senior
3506,"Experienced in React, HTML, JavaScript. Worked on Full-stack project. 4 years of experience.",Web Developer,4,Senior
3507,"Experienced in CSS, Node.js, HTML. Worked on Full-stack project. 2 years of experience.",Web Developer,2,Mid
3508,"Experienced in React, HTML, Node.js. Worked on Designed UI. 5 years of experience.",Web Developer,5,Senior
3509,"Experienced in HTML, Node.js, JavaScript. Worked on Designed UI. 1 years of experience.",Web Developer,1,Junior
3510,"Experienced in HTML, React, CSS. Worked on Created web app. 2 years of experience.",Web Developer,2,Mid
3511,"Experienced in HTML, React, Node.js. Worked on Designed UI. 5 years of experience.",Web Developer,5,Senior
3512,"Experienced in JavaScript, Node.js, HTML. Worked on Designed UI. 5 years of experience.",Web Developer,5,Senior
3513,"Experienced in React, HTML, JavaScript. Worked on Full-stack project. 3 years of experience.",Web Developer,3,Mid
3514,"Experienced in JavaScript, CSS, Node.js. Worked on Designed UI. 2 years of experience.",Web Developer,2,Mid
3515,"Experienced in JavaScript, CSS, Node.js. Worked on Created web app. 0 years of experience.",Web Developer,0,Junior
3516,"Experienced in React, JavaScript, HTML. Worked on Designed UI. 2 years of experience.",Web Developer,2,Mid
3517,"Experienced in HTML, React, JavaScript. Worked on Full-stack project. 1 years of experience.",Web Developer,1,Junior
3518,"Experienced in JavaScript, HTML, React. Worked on Designed UI. 4 years of experience.",Web Developer,4,Senior
3519,"Experienced in CSS, JavaScript, React. Worked on Created web app. 4 years of experience.",Web Developer,4,Senior
3520,"Experienced in Node.js, JavaScript, React. Worked on Designed UI. 1 years of experience.",Web Developer,1,Junior
3521,"Experienced in HTML, JavaScript, Node.js. Worked on Designed UI. 3 years of experience.",Web Developer,3,Mid
3522,"Experienced in JavaScript, HTML, Node.js. Worked on Full-stack project. 5 years of experience.",Web Developer,5,Senior
3523,"Experienced in JavaScript, Node.js, CSS. Worked on Created web app. 1 years of experience.",Web Developer,1,Junior
3524,"Experienced in CSS, HTML, JavaScript. Worked on Created web app. 2 years of experience.",Web Developer,2,Mid
3525,"Experienced in JavaScript, React, Node.js. Worked on Full-stack project. 3 years of experience.",Web Developer,3,Mid
3526,"Experienced in Node.js, HTML, React. Worked on Full-stack project. 5 years of experience.",Web Developer,5,Senior
3527,"Experienced in JavaScript, Node.js, HTML. Worked on Full-stack project. 0 years of experience.",Web Developer,0,Junior
3528,"Experienced in React, JavaScript, CSS. Worked on Full-stack project. 1 years of experience.",Web Developer,1,Junior
3529,"Experienced in HTML, Node.js, JavaScript. Worked on Designed UI. 4 years of experience.",Web Developer,4,Senior
3530,"Experienced in CSS, JavaScript, React. Worked on Created web app. 4 years of experience.",Web Developer,4,Senior
3531,"Experienced in HTML, Node.js, JavaScript. Worked on Full-stack project. 3 years of experience.",Web Developer,3,Mid
3532,"Experienced in JavaScript, HTML, CSS. Worked on Designed UI. 3 years of experience.",Web Developer,3,Mid
3533,"Experienced in Node.js, JavaScript, CSS. Worked on Designed UI. 5 years of experience.",Web Developer,5,Senior
3534,"Experienced in JavaScript, HTML, React. Worked on Designed UI. 1 years of experience.",Web Developer,1,Junior
3535,"Experienced in JavaScript, CSS, HTML. Worked on Designed UI. 0 years of experience.",Web Developer,0,Junior
3536,"Experienced in CSS, JavaScript, React. Worked on Designed UI. 0 years of experience.",Web Developer,0,Junior
3537,"Experienced in CSS, React, HTML. Worked on Created web app. 3 years of experience.",Web Developer,3,Mid
3538,"Experienced in HTML, JavaScript, Node.js. Worked on Full-stack project. 4 years of experience.",Web Developer,4,Senior
3539,"Experienced in HTML, React, Node.js. Worked on Full-stack project. 1 years of experience.",Web Developer,1,Junior
3540,"Experienced in HTML, CSS, React. Worked on Created web app. 4 years of experience.",Web Developer,4,Senior
3541,"Experienced in HTML, JavaScript, React. Worked on Full-stack project. 5 years of experience.",Web Developer,5,Senior
3542,"Experienced in React, CSS, JavaScript. Worked on Created web app. 4 years of experience.",Web Developer,4,Senior
3543,"Experienced in CSS, JavaScript, Node.js. Worked on Full-stack project. 4 years of experience.",Web Developer,4,Senior
3544,"Experienced in JavaScript, CSS, HTML. Worked on Designed UI. 4 years of experience.",Web Developer,4,Senior
3545,"Experienced in CSS, React, HTML. Worked on Designed UI. 1 years of experience.",Web Developer,1,Junior
3546,"Experienced in Node.js, CSS, React. Worked on Designed UI. 0 years of experience.",Web Developer,0,Junior
3547,"Experienced in CSS, HTML, Node.js. Worked on Full-stack project. 1 years of experience.",Web Developer,1,Junior
3548,"Experienced in React, CSS, Node.js. Worked on Created web app. 5 years of experience.",Web Developer,5,Senior
3549,"Experienced in JavaScript, React, CSS. Worked on Full-stack project. 1 years of experience.",Web Developer,1,Junior
3550,"Experienced in CSS, HTML, JavaScript. Worked on Designed UI. 5 years of experience.",Web Developer,5,Senior
3551,"Experienced in CSS, HTML, Node.js. Worked on Created web app. 1 years of experience.",Web Developer,1,Junior
3552,"Experienced in CSS, JavaScript, HTML. Worked on Created web app. 4 years of experience.",Web Developer,4,Senior
3553,"Experienced in HTML, JavaScript, CSS. Worked on Created web app. 3 years of experience.",Web Developer,3,Mid
3554,"Experienced in CSS, Node.js, HTML. Worked on Created web app. 4 years of experience.",Web Developer,4,Senior
3555,"Experienced in HTML, Node.js, React. Worked on Full-stack project. 5 years of experience.",Web Developer,5,Senior
3556,"Experienced in HTML, Node.js, JavaScript. Worked on Designed UI. 3 years of experience.",Web Developer,3,Mid
3557,"Experienced in JavaScript, HTML, CSS. Worked on Full-stack project. 4 years of experience.",Web Developer,4,Senior
3558,"Experienced in CSS, React, Node.js. Worked on Full-stack project. 1 years of experience.",Web Developer,1,Junior
3559,"Experienced in CSS, Node.js, HTML. Worked on Full-stack project. 2 years of experience.",Web Developer,2,Mid
3560,"Experienced in CSS, Node.js, JavaScript. Worked on Full-stack project. 5 years of experience.",Web Developer,5,Senior
3561,"Experienced in JavaScript, CSS, HTML. Worked on Full-stack project. 5 years of experience.",Web Developer,5,Senior
3562,"Experienced in HTML, Node.js, CSS. Worked on Full-stack project. 5 years of experience.",Web Developer,5,Senior
3563,"Experienced in HTML, React, CSS. Worked on Full-stack project. 3 years of experience.",Web Developer,3,Mid
3564,"Experienced in HTML, React, Node.js. Worked on Created web app. 2 years of experience.",Web Developer,2,Mid
3565,"Experienced in HTML, React, Node.js. Worked on Full-stack project. 3 years of experience.",Web Developer,3,Mid
3566,"Experienced in HTML, CSS, React. Worked on Full-stack project. 2 years of experience.",Web Developer,2,Mid
3567,"Experienced in React, Node.js, HTML. Worked on Created web app. 2 years of experience.",Web Developer,2,Mid
3568,"Experienced in JavaScript, React, CSS. Worked on Designed UI. 2 years of experience.",Web Developer,2,Mid
3569,"Experienced in React, CSS, JavaScript. Worked on Full-stack project. 0 years of experience.",Web Developer,0,Junior
3570,"Experienced in CSS, JavaScript, Node.js. Worked on Full-stack project. 0 years of experience.",Web Developer,0,Junior
3571,"Experienced in Node.js, HTML, JavaScript. Worked on Created web app. 2 years of experience.",Web Developer,2,Mid
3572,"Experienced in React, JavaScript, HTML. Worked on Designed UI. 5 years of experience.",Web Developer,5,Senior
3573,"Experienced in JavaScript, React, CSS. Worked on Full-stack project. 4 years of experience.",Web Developer,4,Senior
3574,"Experienced in React, CSS, Node.js. Worked on Full-stack project. 4 years of experience.",Web Developer,4,Senior
3575,"Experienced in JavaScript, Node.js, CSS. Worked on Designed UI. 4 years of experience.",Web Developer,4,Senior
3576,"Experienced in CSS, JavaScript, HTML. Worked on Created web app. 4 years of experience.",Web Developer,4,Senior
3577,"Experienced in React, CSS, HTML. Worked on Designed UI. 3 years of experience.",Web Developer,3,Mid
3578,"Experienced in React, JavaScript, CSS. Worked on Full-stack project. 2 years of experience.",Web Developer,2,Mid
3579,"Experienced in React, HTML, CSS. Worked on Full-stack project. 4 years of experience.",Web Developer,4,Senior
3580,"Experienced in React, Node.js, JavaScript. Worked on Designed UI. 0 years of experience.",Web Developer,0,Junior
3581,"Experienced in HTML, CSS, React. Worked on Full-stack project. 4 years of experience.",Web Developer,4,Senior
3582,"Experienced in CSS, React, JavaScript. Worked on Full-stack project. 4 years of experience.",Web Developer,4,Senior
3583,"Experienced in Node.js, CSS, JavaScript. Worked on Designed UI. 5 years of experience.",Web Developer,5,Senior
3584,"Experienced in JavaScript, CSS, React. Worked on Full-stack project. 0 years of experience.",Web Developer,0,Junior
3585,"Experienced in Node.js, React, JavaScript. Worked on Designed UI. 4 years of experience.",Web Developer,4,Senior
3586,"Experienced in Node.js, JavaScript, CSS. Worked on Designed UI. 3 years of experience.",Web Developer,3,Mid
3587,"Experienced in JavaScript, CSS, React. Worked on Created web app. 4 years of experience.",Web Developer,4,Senior
3588,"Experienced in Node.js, HTML, CSS. Worked on Full-stack project. 4 years of experience.",Web Developer,4,Senior
3589,"Experienced in HTML, Node.js, React. Worked on Created web app. 3 years of experience.",Web Developer,3,Mid
3590,"Experienced in CSS, HTML, Node.js. Worked on Created web app. 0 years of experience.",Web Developer,0,Junior
3591,"Experienced in CSS, Node.js, HTML. Worked on Designed UI. 2 years of experience.",Web Developer,2,Mid
3592,"Experienced in CSS, Node.js, HTML. Worked on Full-stack project. 3 years of experience.",Web Developer,3,Mid
3593,"Experienced in React, CSS, Node.js. Worked on Designed UI. 3 years of experience.",Web Developer,3,Mid
3594,"Experienced in CSS, HTML, React. Worked on Designed UI. 3 years of experience.",Web Developer,3,Mid
3595,"Experienced in JavaScript, CSS, React. Worked on Full-stack project. 0 years of experience.",Web Developer,0,Junior
3596,"Experienced in JavaScript, HTML, CSS. Worked on Full-stack project. 4 years of experience.",Web Developer,4,Senior
3597,"Experienced in JavaScript, HTML, React. Worked on Created web app. 1 years of experience.",Web Developer,1,Junior
3598,"Experienced in JavaScript, Node.js, HTML. Worked on Created web app. 0 years of experience.",Web Developer,0,Junior
3599,"Experienced in Node.js, JavaScript, HTML. Worked on Designed UI. 1 years of experience.",Web Developer,1,Junior
3600,"Experienced in HTML, CSS, Node.js. Worked on Designed UI. 4 years of experience.",Web Developer,4,Senior
3601,"Experienced in HTML, JavaScript, React. Worked on Created web app. 1 years of experience.",Web Developer,1,Junior
3602,"Experienced in HTML, Node.js, CSS. Worked on Designed UI. 4 years of experience.",Web Developer,4,Senior
3603,"Experienced in HTML, Node.js, React. Worked on Designed UI. 3 years of experience.",Web Developer,3,Mid
3604,"Experienced in CSS, React, Node.js. Worked on Designed UI. 0 years of experience.",Web Developer,0,Junior
3605,"Experienced in HTML, Node.js, JavaScript. Worked on Full-stack project. 3 years of experience.",Web Developer,3,Mid
3606,"Experienced in JavaScript, Node.js, React. Worked on Created web app. 0 years of experience.",Web Developer,0,Junior
3607,"Experienced in HTML, JavaScript, CSS. Worked on Created web app. 0 years of experience.",Web Developer,0,Junior
3608,"Experienced in JavaScript, CSS, HTML. Worked on Designed UI. 2 years of experience.",Web Developer,2,Mid
3609,"Experienced in CSS, React, Node.js. Worked on Created web app. 2 years of experience.",Web Developer,2,Mid
3610,"Experienced in HTML, JavaScript, Node.js. Worked on Designed UI. 4 years of experience.",Web Developer,4,Senior
3611,"Experienced in HTML, JavaScript, CSS. Worked on Designed UI. 5 years of experience.",Web Developer,5,Senior
3612,"Experienced in React, HTML, JavaScript. Worked on Created web app. 2 years of experience.",Web Developer,2,Mid
3613,"Experienced in JavaScript, React, HTML. Worked on Full-stack project. 0 years of experience.",Web Developer,0,Junior
3614,"Experienced in Node.js, JavaScript, HTML. Worked on Created web app. 4 years of experience.",Web Developer,4,Senior
3615,"Experienced in JavaScript, Node.js, HTML. Worked on Designed UI. 1 years of experience.",Web Developer,1,Junior
3616,"Experienced in HTML, Node.js, CSS. Worked on Full-stack project. 1 years of experience.",Web Developer,1,Junior
3617,"Experienced in Node.js, React, CSS. Worked on Full-stack project. 3 years of experience.",Web Developer,3,Mid
3618,"Experienced in CSS, React, HTML. Worked on Designed UI. 0 years of experience.",Web Developer,0,Junior
3619,"Experienced in JavaScript, Node.js, CSS. Worked on Created web app. 5 years of experience.",Web Developer,5,Senior
3620,"Experienced in JavaScript, CSS, HTML. Worked on Created web app. 0 years of experience.",Web Developer,0,Junior
3621,"Experienced in CSS, JavaScript, React. Worked on Designed UI. 5 years of experience.",Web Developer,5,Senior
3622,"Experienced in HTML, React, JavaScript. Worked on Designed UI. 1 years of experience.",Web Developer,1,Junior
3623,"Experienced in CSS, React, JavaScript. Worked on Designed UI. 2 years of experience.",Web Developer,2,Mid
3624,"Experienced in CSS, React, JavaScript. Worked on Designed UI. 1 years of experience.",Web Developer,1,Junior
3625,"Experienced in HTML, CSS, JavaScript. Worked on Designed UI. 2 years of experience.",Web Developer,2,Mid
3626,"Experienced in HTML, JavaScript, Node.js. Worked on Created web app. 1 years of experience.",Web Developer,1,Junior
3627,"Experienced in HTML, React, CSS. Worked on Full-stack project. 3 years of experience.",Web Developer,3,Mid
3628,"Experienced in CSS, HTML, React. Worked on Created web app. 1 years of experience.",Web Developer,1,Junior
3629,"Experienced in CSS, HTML, React. Worked on Full-stack project. 5 years of experience.",Web Developer,5,Senior
3630,"Experienced in Node.js, CSS, HTML. Worked on Designed UI. 3 years of experience.",Web Developer,3,Mid
3631,"Experienced in Node.js, JavaScript, CSS. Worked on Full-stack project. 2 years of experience.",Web Developer,2,Mid
3632,"Experienced in CSS, React, Node.js. Worked on Designed UI. 3 years of experience.",Web Developer,3,Mid
3633,"Experienced in CSS, HTML, React. Worked on Designed UI. 3 years of experience.",Web Developer,3,Mid
3634,"Experienced in CSS, HTML, JavaScript. Worked on Designed UI. 2 years of experience.",Web Developer,2,Mid
3635,"Experienced in Node.js, CSS, React. Worked on Created web app. 1 years of experience.",Web Developer,1,Junior
3636,"Experienced in HTML, Node.js, CSS. Worked on Full-stack project. 2 years of experience.",Web Developer,2,Mid
3637,"Experienced in CSS, HTML, JavaScript. Worked on Full-stack project. 0 years of experience.",Web Developer,0,Junior
3638,"Experienced in CSS, React, HTML. Worked on Full-stack project. 0 years of experience.",Web Developer,0,Junior
3639,"Experienced in CSS, React, Node.js. Worked on Created web app. 5 years of experience.",Web Developer,5,Senior
3640,"Experienced in JavaScript, CSS, Node.js. Worked on Full-stack project. 0 years of experience.",Web Developer,0,Junior
3641,"Experienced in Node.js, HTML, CSS. Worked on Designed UI. 1 years of experience.",Web Developer,1,Junior
3642,"Experienced in React, JavaScript, Node.js. Worked on Designed UI. 2 years of experience.",Web Developer,2,Mid
3643,"Experienced in HTML, CSS, JavaScript. Worked on Full-stack project. 0 years of experience.",Web Developer,0,Junior
3644,"Experienced in CSS, Node.js, JavaScript. Worked on Designed UI. 5 years of experience.",Web Developer,5,Senior
3645,"Experienced in Node.js, JavaScript, React. Worked on Created web app. 4 years of experience.",Web Developer,4,Senior
3646,"Experienced in Node.js, JavaScript, React. Worked on Full-stack project. 0 years of experience.",Web Developer,0,Junior
3647,"Experienced in JavaScript, CSS, React. Worked on Designed UI. 1 years of experience.",Web Developer,1,Junior
3648,"Experienced in JavaScript, CSS, Node.js. Worked on Created web app. 5 years of experience.",Web Developer,5,Senior
3649,"Experienced in Node.js, React, CSS. Worked on Designed UI. 4 years of experience.",Web Developer,4,Senior
3650,"Experienced in CSS, React, HTML. Worked on Created web app. 4 years of experience.",Web Developer,4,Senior
3651,"Experienced in HTML, CSS, Node.js. Worked on Designed UI. 4 years of experience.",Web Developer,4,Senior
3652,"Experienced in HTML, CSS, Node.js. Worked on Created web app. 0 years of experience.",Web Developer,0,Junior
3653,"Experienced in CSS, Node.js, React. Worked on Full-stack project. 3 years of experience.",Web Developer,3,Mid
3654,"Experienced in React, HTML, Node.js. Worked on Full-stack project. 3 years of experience.",Web Developer,3,Mid
3655,"Experienced in Node.js, React, HTML. Worked on Designed UI. 1 years of experience.",Web Developer,1,Junior
3656,"Experienced in React, HTML, JavaScript. Worked on Full-stack project. 2 years of experience.",Web Developer,2,Mid
3657,"Experienced in CSS, React, JavaScript. Worked on Designed UI. 3 years of experience.",Web Developer,3,Mid
3658,"Experienced in CSS, HTML, Node.js. Worked on Designed UI. 0 years of experience.",Web Developer,0,Junior
3659,"Experienced in CSS, React, Node.js. Worked on Designed UI. 1 years of experience.",Web Developer,1,Junior
3660,"Experienced in CSS, JavaScript, HTML. Worked on Full-stack project. 2 years of experience.",Web Developer,2,Mid
3661,"Experienced in JavaScript, React, Node.js. Worked on Designed UI. 2 years of experience.",Web Developer,2,Mid
3662,"Experienced in HTML, JavaScript, CSS. Worked on Created web app. 3 years of experience.",Web Developer,3,Mid
3663,"Experienced in Node.js, CSS, React. Worked on Designed UI. 4 years of experience.",Web Developer,4,Senior
3664,"Experienced in React, Node.js, CSS. Worked on Full-stack project. 4 years of experience.",Web Developer,4,Senior
3665,"Experienced in Node.js, HTML, JavaScript. Worked on Created web app. 5 years of experience.",Web Developer,5,Senior
3666,"Experienced in CSS, JavaScript, Node.js. Worked on Designed UI. 5 years of experience.",Web Developer,5,Senior
3667,"Experienced in React, Node.js, JavaScript. Worked on Full-stack project. 1 years of experience.",Web Developer,1,Junior
3668,"Experienced in CSS, JavaScript, Node.js. Worked on Full-stack project. 4 years of experience.",Web Developer,4,Senior
3669,"Experienced in React, HTML, CSS. Worked on Full-stack project. 1 years of experience.",Web Developer,1,Junior
3670,"Experienced in CSS, React, Node.js. Worked on Full-stack project. 1 years of experience.",Web Developer,1,Junior
3671,"Experienced in CSS, React, Node.js. Worked on Designed UI. 4 years of experience.",Web Developer,4,Senior
3672,"Experienced in React, JavaScript, CSS. Worked on Designed UI. 1 years of experience.",Web Developer,1,Junior
3673,"Experienced in JavaScript, React, HTML. Worked on Created web app. 5 years of experience.",Web Developer,5,Senior
3674,"Experienced in Node.js, HTML, CSS. Worked on Designed UI. 5 years of experience.",Web Developer,5,Senior
3675,"Experienced in Node.js, JavaScript, React. Worked on Designed UI. 0 years of experience.",Web Developer,0,Junior
3676,"Experienced in JavaScript, React, CSS. Worked on Full-stack project. 1 years of experience.",Web Developer,1,Junior
3677,"Experienced in CSS, JavaScript, HTML. Worked on Created web app. 0 years of experience.",Web Developer,0,Junior
3678,"Experienced in CSS, JavaScript, React. Worked on Designed UI. 2 years of experience.",Web Developer,2,Mid
3679,"Experienced in JavaScript, React, HTML. Worked on Created web app. 3 years of experience.",Web Developer,3,Mid
3680,"Experienced in JavaScript, Node.js, HTML. Worked on Created web app. 3 years of experience.",Web Developer,3,Mid
3681,"Experienced in JavaScript, Node.js, React. Worked on Designed UI. 5 years of experience.",Web Developer,5,Senior
3682,"Experienced in JavaScript, CSS, React. Worked on Created web app. 4 years of experience.",Web Developer,4,Senior
3683,"Experienced in React, CSS, JavaScript. Worked on Created web app. 3 years of experience.",Web Developer,3,Mid
3684,"Experienced in CSS, React, HTML. Worked on Created web app. 5 years of experience.",Web Developer,5,Senior
3685,"Experienced in CSS, Node.js, React. Worked on Created web app. 1 years of experience.",Web Developer,1,Junior
3686,"Experienced in Node.js, HTML, JavaScript. Worked on Full-stack project. 2 years of experience.",Web Developer,2,Mid
3687,"Experienced in CSS, React, HTML. Worked on Created web app. 3 years of experience.",Web Developer,3,Mid
3688,"Experienced in Node.js, CSS, HTML. Worked on Full-stack project. 1 years of experience.",Web Developer,1,Junior
3689,"Experienced in React, Node.js, CSS. Worked on Designed UI. 1 years of experience.",Web Developer,1,Junior
3690,"Experienced in HTML, Node.js, JavaScript. Worked on Designed UI. 5 years of experience.",Web Developer,5,Senior
3691,"Experienced in Node.js, React, HTML. Worked on Created web app. 1 years of experience.",Web Developer,1,Junior
3692,"Experienced in CSS, JavaScript, Node.js. Worked on Designed UI. 4 years of experience.",Web Developer,4,Senior
3693,"Experienced in JavaScript, HTML, React. Worked on Created web app. 4 years of experience.",Web Developer,4,Senior
3694,"Experienced in Node.js, CSS, HTML. Worked on Full-stack project. 5 years of experience.",Web Developer,5,Senior
3695,"Experienced in CSS, Node.js, React. Worked on Created web app. 4 years of experience.",Web Developer,4,Senior
3696,"Experienced in CSS, React, Node.js. Worked on Created web app. 2 years of experience.",Web Developer,2,Mid
3697,"Experienced in HTML, React, Node.js. Worked on Created web app. 3 years of experience.",Web Developer,3,Mid
3698,"Experienced in React, HTML, JavaScript. Worked on Full-stack project. 3 years of experience.",Web Developer,3,Mid
3699,"Experienced in HTML, Node.js, CSS. Worked on Created web app. 1 years of experience.",Web Developer,1,Junior
3700,"Experienced in JavaScript, HTML, CSS. Worked on Created web app. 4 years of experience.",Web Developer,4,Senior
3701,"Experienced in JavaScript, React, CSS. Worked on Created web app. 4 years of experience.",Web Developer,4,Senior
3702,"Experienced in CSS, React, Node.js. Worked on Full-stack project. 1 years of experience.",Web Developer,1,Junior
3703,"Experienced in React, JavaScript, Node.js. Worked on Full-stack project. 0 years of experience.",Web Developer,0,Junior
3704,"Experienced in JavaScript, React, Node.js. Worked on Created web app. 2 years of experience.",Web Developer,2,Mid
3705,"Experienced in JavaScript, HTML, Node.js. Worked on Created web app. 2 years of experience.",Web Developer,2,Mid
3706,"Experienced in React, CSS, HTML. Worked on Full-stack project. 5 years of experience.",Web Developer,5,Senior
3707,"Experienced in HTML, JavaScript, React. Worked on Full-stack project. 1 years of experience.",Web Developer,1,Junior
3708,"Experienced in HTML, React, CSS. Worked on Full-stack project. 1 years of experience.",Web Developer,1,Junior
3709,"Experienced in JavaScript, CSS, Node.js. Worked on Created web app. 1 years of experience.",Web Developer,1,Junior
3710,"Experienced in React, HTML, CSS. Worked on Full-stack project. 3 years of experience.",Web Developer,3,Mid
3711,"Experienced in React, HTML, JavaScript. Worked on Full-stack project. 5 years of experience.",Web Developer,5,Senior
3712,"Experienced in HTML, React, Node.js. Worked on Full-stack project. 0 years of experience.",Web Developer,0,Junior
3713,"Experienced in React, CSS, HTML. Worked on Designed UI. 4 years of experience.",Web Developer,4,Senior
3714,"Experienced in JavaScript, HTML, CSS. Worked on Designed UI. 3 years of experience.",Web Developer,3,Mid
3715,"Experienced in React, CSS, Node.js. Worked on Created web app. 3 years of experience.",Web Developer,3,Mid
3716,"Experienced in Node.js, React, CSS. Worked on Full-stack project. 4 years of experience.",Web Developer,4,Senior
3717,"Experienced in React, HTML, Node.js. Worked on Created web app. 2 years of experience.",Web Developer,2,Mid
3718,"Experienced in CSS, HTML, JavaScript. Worked on Designed UI. 4 years of experience.",Web Developer,4,Senior
3719,"Experienced in Node.js, JavaScript, React. Worked on Created web app. 0 years of experience.",Web Developer,0,Junior
3720,"Experienced in HTML, JavaScript, Node.js. Worked on Created web app. 1 years of experience.",Web Developer,1,Junior
3721,"Experienced in CSS, JavaScript, HTML. Worked on Created web app. 1 years of experience.",Web Developer,1,Junior
3722,"Experienced in JavaScript, CSS, HTML. Worked on Designed UI. 1 years of experience.",Web Developer,1,Junior
3723,"Experienced in CSS, Node.js, HTML. Worked on Designed UI. 5 years of experience.",Web Developer,5,Senior
3724,"Experienced in CSS, JavaScript, Node.js. Worked on Created web app. 0 years of experience.",Web Developer,0,Junior
3725,"Experienced in HTML, React, CSS. Worked on Designed UI. 0 years of experience.",Web Developer,0,Junior
3726,"Experienced in JavaScript, CSS, React. Worked on Designed UI. 5 years of experience.",Web Developer,5,Senior
3727,"Experienced in Node.js, JavaScript, React. Worked on Created web app. 4 years of experience.",Web Developer,4,Senior
3728,"Experienced in React, Node.js, CSS. Worked on Designed UI. 0 years of experience.",Web Developer,0,Junior
3729,"Experienced in JavaScript, React, CSS. Worked on Full-stack project. 2 years of experience.",Web Developer,2,Mid
3730,"Experienced in HTML, JavaScript, Node.js. Worked on Full-stack project. 4 years of experience.",Web Developer,4,Senior
3731,"Experienced in React, JavaScript, Node.js. Worked on Full-stack project. 1 years of experience.",Web Developer,1,Junior
3732,"Experienced in JavaScript, HTML, Node.js. Worked on Full-stack project. 1 years of experience.",Web Developer,1,Junior
3733,"Experienced in CSS, React, Node.js. Worked on Created web app. 4 years of experience.",Web Developer,4,Senior
3734,"Experienced in React, HTML, JavaScript. Worked on Full-stack project. 3 years of experience.",Web Developer,3,Mid
3735,"Experienced in React, HTML, CSS. Worked on Designed UI. 4 years of experience.",Web Developer,4,Senior
3736,"Experienced in Node.js, HTML, React. Worked on Created web app. 1 years of experience.",Web Developer,1,Junior
3737,"Experienced in CSS, HTML, Node.js. Worked on Designed UI. 5 years of experience.",Web Developer,5,Senior
3738,"Experienced in HTML, JavaScript, Node.js. Worked on Designed UI. 4 years of experience.",Web Developer,4,Senior
3739,"Experienced in JavaScript, Node.js, HTML. Worked on Created web app. 4 years of experience.",Web Developer,4,Senior
3740,"Experienced in JavaScript, CSS, HTML. Worked on Created web app. 0 years of experience.",Web Developer,0,Junior
3741,"Experienced in React, CSS, Node.js. Worked on Created web app. 0 years of experience.",Web Developer,0,Junior
3742,"Experienced in CSS, Node.js, React. Worked on Designed UI. 5 years of experience.",Web Developer,5,Senior
3743,"Experienced in Node.js, JavaScript, CSS. Worked on Full-stack project. 0 years of experience.",Web Developer,0,Junior
3744,"Experienced in Node.js, HTML, CSS. Worked on Designed UI. 5 years of experience.",Web Developer,5,Senior
3745,"Experienced in React, CSS, HTML. Worked on Created web app. 2 years of experience.",Web Developer,2,Mid
3746,"Experienced in CSS, React, JavaScript. Worked on Designed UI. 1 years of experience.",Web Developer,1,Junior
3747,"Experienced in HTML, Node.js, JavaScript. Worked on Designed UI. 4 years of experience.",Web Developer,4,Senior
3748,"Experienced in HTML, React, Node.js. Worked on Full-stack project. 4 years of experience.",Web Developer,4,Senior
3749,"Experienced in HTML, JavaScript, CSS. Worked on Designed UI. 1 years of experience.",Web Developer,1,Junior
3750,"Experienced in HTML, Node.js, React. Worked on Designed UI. 1 years of experience.",Web Developer,1,Junior
3751,"Experienced in JavaScript, CSS, React. Worked on Designed UI. 1 years of experience.",Web Developer,1,Junior
3752,"Experienced in JavaScript, Node.js, React. Worked on Full-stack project. 3 years of experience.",Web Developer,3,Mid
3753,"Experienced in React, CSS, Node.js. Worked on Designed UI. 4 years of experience.",Web Developer,4,Senior
3754,"Experienced in React, CSS, JavaScript. Worked on Full-stack project. 3 years of experience.",Web Developer,3,Mid
3755,"Experienced in Node.js, HTML, React. Worked on Designed UI. 5 years of experience.",Web Developer,5,Senior
3756,"Experienced in HTML, Node.js, JavaScript. Worked on Created web app. 2 years of experience.",Web Developer,2,Mid
3757,"Experienced in HTML, Node.js, JavaScript. Worked on Designed UI. 4 years of experience.",Web Developer,4,Senior
3758,"Experienced in CSS, React, JavaScript. Worked on Full-stack project. 5 years of experience.",Web Developer,5,Senior
3759,"Experienced in CSS, JavaScript, React. Worked on Created web app. 2 years of experience.",Web Developer,2,Mid
3760,"Experienced in HTML, JavaScript, Node.js. Worked on Created web app. 3 years of experience.",Web Developer,3,Mid
3761,"Experienced in Node.js, HTML, CSS. Worked on Designed UI. 1 years of experience.",Web Developer,1,Junior
3762,"Experienced in JavaScript, React, HTML. Worked on Full-stack project. 1 years of experience.",Web Developer,1,Junior
3763,"Experienced in React, Node.js, CSS. Worked on Created web app. 2 years of experience.",Web Developer,2,Mid
3764,"Experienced in React, HTML, JavaScript. Worked on Created web app. 0 years of experience.",Web Developer,0,Junior
3765,"Experienced in HTML, JavaScript, Node.js. Worked on Designed UI. 3 years of experience.",Web Developer,3,Mid
3766,"Experienced in HTML, React, JavaScript. Worked on Created web app. 1 years of experience.",Web Developer,1,Junior
3767,"Experienced in Node.js, React, HTML. Worked on Created web app. 4 years of experience.",Web Developer,4,Senior
3768,"Experienced in React, HTML, JavaScript. Worked on Designed UI. 0 years of experience.",Web Developer,0,Junior
3769,"Experienced in HTML, React, CSS. Worked on Full-stack project. 0 years of experience.",Web Developer,0,Junior
3770,"Experienced in React, Node.js, HTML. Worked on Full-stack project. 0 years of experience.",Web Developer,0,Junior
3771,"Experienced in CSS, Node.js, React. Worked on Created web app. 1 years of experience.",Web Developer,1,Junior
3772,"Experienced in React, CSS, Node.js. Worked on Full-stack project. 0 years of experience.",Web Developer,0,Junior
3773,"Experienced in HTML, JavaScript, CSS. Worked on Created web app. 3 years of experience.",Web Developer,3,Mid
3774,"Experienced in Node.js, React, JavaScript. Worked on Created web app. 1 years of experience.",Web Developer,1,Junior
3775,"Experienced in Node.js, CSS, React. Worked on Designed UI. 2 years of experience.",Web Developer,2,Mid
3776,"Experienced in React, Node.js, HTML. Worked on Full-stack project. 5 years of experience.",Web Developer,5,Senior
3777,"Experienced in Node.js, HTML, JavaScript. Worked on Created web app. 4 years of experience.",Web Developer,4,Senior
3778,"Experienced in Node.js, React, JavaScript. Worked on Full-stack project. 5 years of experience.",Web Developer,5,Senior
3779,"Experienced in React, JavaScript, Node.js. Worked on Designed UI. 1 years of experience.",Web Developer,1,Junior
3780,"Experienced in React, CSS, JavaScript. Worked on Created web app. 4 years of experience.",Web Developer,4,Senior
3781,"Experienced in JavaScript, Node.js, React. Worked on Designed UI. 5 years of experience.",Web Developer,5,Senior
3782,"Experienced in React, JavaScript, HTML. Worked on Created web app. 0 years of experience.",Web Developer,0,Junior
3783,"Experienced in Node.js, JavaScript, CSS. Worked on Designed UI. 3 years of experience.",Web Developer,3,Mid
3784,"Experienced in CSS, Node.js, React. Worked on Designed UI. 2 years of experience.",Web Developer,2,Mid
3785,"Experienced in CSS, React, JavaScript. Worked on Full-stack project. 5 years of experience.",Web Developer,5,Senior
3786,"Experienced in React, CSS, HTML. Worked on Full-stack project. 1 years of experience.",Web Developer,1,Junior
3787,"Experienced in JavaScript, CSS, React. Worked on Created web app. 5 years of experience.",Web Developer,5,Senior
3788,"Experienced in Node.js, React, HTML. Worked on Created web app. 2 years of experience.",Web Developer,2,Mid
3789,"Experienced in CSS, Node.js, HTML. Worked on Full-stack project. 2 years of experience.",Web Developer,2,Mid
3790,"Experienced in Node.js, React, CSS. Worked on Designed UI. 4 years of experience.",Web Developer,4,Senior
3791,"Experienced in Node.js, CSS, JavaScript. Worked on Created web app. 3 years of experience.",Web Developer,3,Mid
3792,"Experienced in HTML, React, JavaScript. Worked on Designed UI. 5 years of experience.",Web Developer,5,Senior
3793,"Experienced in React, CSS, Node.js. Worked on Full-stack project. 1 years of experience.",Web Developer,1,Junior
3794,"Experienced in HTML, CSS, React. Worked on Full-stack project. 1 years of experience.",Web Developer,1,Junior
3795,"Experienced in HTML, CSS, React. Worked on Full-stack project. 4 years of experience.",Web Developer,4,Senior
3796,"Experienced in Node.js, React, CSS. Worked on Created web app. 1 years of experience.",Web Developer,1,Junior
3797,"Experienced in React, HTML, CSS. Worked on Created web app. 2 years of experience.",Web Developer,2,Mid
3798,"Experienced in React, Node.js, CSS. Worked on Full-stack project. 3 years of experience.",Web Developer,3,Mid
3799,"Experienced in HTML, JavaScript, React. Worked on Created web app. 0 years of experience.",Web Developer,0,Junior
3800,"Experienced in React, CSS, Node.js. Worked on Created web app. 1 years of experience.",Web Developer,1,Junior
3801,"Experienced in JavaScript, Node.js, HTML. Worked on Full-stack project. 2 years of experience.",Web Developer,2,Mid
3802,"Experienced in Node.js, HTML, JavaScript. Worked on Full-stack project. 0 years of experience.",Web Developer,0,Junior
3803,"Experienced in React, HTML, JavaScript. Worked on Created web app. 0 years of experience.",Web Developer,0,Junior
3804,"Experienced in CSS, JavaScript, HTML. Worked on Designed UI. 0 years of experience.",Web Developer,0,Junior
3805,"Experienced in HTML, CSS, React. Worked on Designed UI. 2 years of experience.",Web Developer,2,Mid
3806,"Experienced in JavaScript, React, CSS. Worked on Created web app. 0 years of experience.",Web Developer,0,Junior
3807,"Experienced in JavaScript, CSS, Node.js. Worked on Designed UI. 2 years of experience.",Web Developer,2,Mid
3808,"Experienced in CSS, HTML, React. Worked on Created web app. 1 years of experience.",Web Developer,1,Junior
3809,"Experienced in Node.js, React, CSS. Worked on Full-stack project. 1 years of experience.",Web Developer,1,Junior
3810,"Experienced in Node.js, CSS, JavaScript. Worked on Full-stack project. 5 years of experience.",Web Developer,5,Senior
3811,"Experienced in HTML, JavaScript, CSS. Worked on Full-stack project. 4 years of experience.",Web Developer,4,Senior
3812,"Experienced in React, Node.js, JavaScript. Worked on Full-stack project. 2 years of experience.",Web Developer,2,Mid
3813,"Experienced in Node.js, React, JavaScript. Worked on Full-stack project. 1 years of experience.",Web Developer,1,Junior
3814,"Experienced in Node.js, React, CSS. Worked on Full-stack project. 2 years of experience.",Web Developer,2,Mid
3815,"Experienced in React, Node.js, HTML. Worked on Full-stack project. 2 years of experience.",Web Developer,2,Mid
3816,"Experienced in HTML, JavaScript, CSS. Worked on Designed UI. 2 years of experience.",Web Developer,2,Mid
3817,"Experienced in React, JavaScript, Node.js. Worked on Created web app. 3 years of experience.",Web Developer,3,Mid
3818,"Experienced in HTML, CSS, React. Worked on Created web app. 4 years of experience.",Web Developer,4,Senior
3819,"Experienced in React, HTML, JavaScript. Worked on Full-stack project. 0 years of experience.",Web Developer,0,Junior
3820,"Experienced in React, Node.js, CSS. Worked on Created web app. 1 years of experience.",Web Developer,1,Junior
3821,"Experienced in Node.js, CSS, React. Worked on Full-stack project. 0 years of experience.",Web Developer,0,Junior
3822,"Experienced in HTML, JavaScript, Node.js. Worked on Full-stack project. 5 years of experience.",Web Developer,5,Senior
3823,"Experienced in CSS, JavaScript, Node.js. Worked on Created web app. 5 years of experience.",Web Developer,5,Senior
3824,"Experienced in Node.js, HTML, React. Worked on Full-stack project. 1 years of experience.",Web Developer,1,Junior
3825,"Experienced in Node.js, React, HTML. Worked on Full-stack project. 3 years of experience.",Web Developer,3,Mid
3826,"Experienced in HTML, Node.js, JavaScript. Worked on Full-stack project. 3 years of experience.",Web Developer,3,Mid
3827,"Experienced in HTML, React, CSS. Worked on Created web app. 0 years of experience.",Web Developer,0,Junior
3828,"Experienced in JavaScript, React, HTML. Worked on Created web app. 5 years of experience.",Web Developer,5,Senior
3829,"Experienced in JavaScript, React, HTML. Worked on Designed UI. 4 years of experience.",Web Developer,4,Senior
3830,"Experienced in JavaScript, Node.js, React. Worked on Designed UI. 2 years of experience.",Web Developer,2,Mid
3831,"Experienced in CSS, Node.js, React. Worked on Created web app. 5 years of experience.",Web Developer,5,Senior
3832,"Experienced in React, JavaScript, CSS. Worked on Full-stack project. 3 years of experience.",Web Developer,3,Mid
3833,"Experienced in Node.js, JavaScript, HTML. Worked on Created web app. 3 years of experience.",Web Developer,3,Mid
3834,"Experienced in JavaScript, React, CSS. Worked on Full-stack project. 2 years of experience.",Web Developer,2,Mid
3835,"Experienced in React, CSS, JavaScript. Worked on Created web app. 3 years of experience.",Web Developer,3,Mid
3836,"Experienced in Node.js, React, JavaScript. Worked on Designed UI. 5 years of experience.",Web Developer,5,Senior
3837,"Experienced in JavaScript, React, HTML. Worked on Created web app. 1 years of experience.",Web Developer,1,Junior
3838,"Experienced in HTML, Node.js, React. Worked on Created web app. 3 years of experience.",Web Developer,3,Mid
3839,"Experienced in React, CSS, JavaScript. Worked on Designed UI. 0 years of experience.",Web Developer,0,Junior
3840,"Experienced in Node.js, JavaScript, React. Worked on Created web app. 1 years of experience.",Web Developer,1,Junior
3841,"Experienced in React, CSS, JavaScript. Worked on Designed UI. 2 years of experience.",Web Developer,2,Mid
3842,"Experienced in JavaScript, React, CSS. Worked on Created web app. 4 years of experience.",Web Developer,4,Senior
3843,"Experienced in CSS, HTML, JavaScript. Worked on Designed UI. 1 years of experience.",Web Developer,1,Junior
3844,"Experienced in HTML, React, CSS. Worked on Created web app. 4 years of experience.",Web Developer,4,Senior
3845,"Experienced in CSS, HTML, Node.js. Worked on Created web app. 0 years of experience.",Web Developer,0,Junior
3846,"Experienced in HTML, JavaScript, React. Worked on Full-stack project. 4 years of experience.",Web Developer,4,Senior
3847,"Experienced in CSS, Node.js, JavaScript. Worked on Created web app. 0 years of experience.",Web Developer,0,Junior
3848,"Experienced in React, CSS, HTML. Worked on Full-stack project. 4 years of experience.",Web Developer,4,Senior
3849,"Experienced in React, HTML, JavaScript. Worked on Full-stack project. 1 years of experience.",Web Developer,1,Junior
3850,"Experienced in CSS, React, Node.js. Worked on Created web app. 5 years of experience.",Web Developer,5,Senior
3851,"Experienced in Node.js, JavaScript, CSS. Worked on Designed UI. 5 years of experience.",Web Developer,5,Senior
3852,"Experienced in CSS, HTML, JavaScript. Worked on Designed UI. 0 years of experience.",Web Developer,0,Junior
3853,"Experienced in JavaScript, CSS, HTML. Worked on Designed UI. 2 years of experience.",Web Developer,2,Mid
3854,"Experienced in React, CSS, Node.js. Worked on Designed UI. 0 years of experience.",Web Developer,0,Junior
3855,"Experienced in Node.js, React, HTML. Worked on Full-stack project. 3 years of experience.",Web Developer,3,Mid
3856,"Experienced in JavaScript, CSS, React. Worked on Full-stack project. 4 years of experience.",Web Developer,4,Senior
3857,"Experienced in HTML, CSS, JavaScript. Worked on Created web app. 2 years of experience.",Web Developer,2,Mid
3858,"Experienced in Node.js, CSS, JavaScript. Worked on Full-stack project. 0 years of experience.",Web Developer,0,Junior
3859,"Experienced in HTML, JavaScript, CSS. Worked on Full-stack project. 0 years of experience.",Web Developer,0,Junior
3860,"Experienced in CSS, Node.js, HTML. Worked on Full-stack project. 5 years of experience.",Web Developer,5,Senior
3861,"Experienced in HTML, JavaScript, React. Worked on Full-stack project. 5 years of experience.",Web Developer,5,Senior
3862,"Experienced in HTML, Node.js, JavaScript. Worked on Full-stack project. 5 years of experience.",Web Developer,5,Senior
3863,"Experienced in Node.js, JavaScript, React. Worked on Created web app. 1 years of experience.",Web Developer,1,Junior
3864,"Experienced in Node.js, JavaScript, React. Worked on Created web app. 4 years of experience.",Web Developer,4,Senior
3865,"Experienced in HTML, Node.js, React. Worked on Full-stack project. 5 years of experience.",Web Developer,5,Senior
3866,"Experienced in Node.js, React, CSS. Worked on Full-stack project. 5 years of experience.",Web Developer,5,Senior
3867,"Experienced in Node.js, CSS, JavaScript. Worked on Designed UI. 5 years of experience.",Web Developer,5,Senior
3868,"Experienced in Node.js, JavaScript, React. Worked on Created web app. 0 years of experience.",Web Developer,0,Junior
3869,"Experienced in HTML, CSS, React. Worked on Full-stack project. 4 years of experience.",Web Developer,4,Senior
3870,"Experienced in CSS, React, HTML. Worked on Created web app. 5 years of experience.",Web Developer,5,Senior
3871,"Experienced in HTML, Node.js, CSS. Worked on Designed UI. 3 years of experience.",Web Developer,3,Mid
3872,"Experienced in HTML, JavaScript, Node.js. Worked on Designed UI. 1 years of experience.",Web Developer,1,Junior
3873,"Experienced in Node.js, JavaScript, HTML. Worked on Full-stack project. 5 years of experience.",Web Developer,5,Senior
3874,"Experienced in HTML, Node.js, CSS. Worked on Full-stack project. 5 years of experience.",Web Developer,5,Senior
3875,"Experienced in React, Node.js, JavaScript. Worked on Created web app. 2 years of experience.",Web Developer,2,Mid
3876,"Experienced in CSS, JavaScript, Node.js. Worked on Created web app. 3 years of experience.",Web Developer,3,Mid
3877,"Experienced in Node.js, React, CSS. Worked on Full-stack project. 1 years of experience.",Web Developer,1,Junior
3878,"Experienced in HTML, Node.js, CSS. Worked on Created web app. 1 years of experience.",Web Developer,1,Junior
3879,"Experienced in Node.js, CSS, HTML. Worked on Created web app. 4 years of experience.",Web Developer,4,Senior
3880,"Experienced in JavaScript, CSS, Node.js. Worked on Designed UI. 5 years of experience.",Web Developer,5,Senior
3881,"Experienced in HTML, Node.js, JavaScript. Worked on Designed UI. 1 years of experience.",Web Developer,1,Junior
3882,"Experienced in HTML, CSS, Node.js. Worked on Designed UI. 5 years of experience.",Web Developer,5,Senior
3883,"Experienced in CSS, React, HTML. Worked on Designed UI. 4 years of experience.",Web Developer,4,Senior
3884,"Experienced in Node.js, React, CSS. Worked on Designed UI. 3 years of experience.",Web Developer,3,Mid
3885,"Experienced in React, CSS, HTML. Worked on Created web app. 1 years of experience.",Web Developer,1,Junior
3886,"Experienced in JavaScript, HTML, CSS. Worked on Designed UI. 2 years of experience.",Web Developer,2,Mid
3887,"Experienced in CSS, JavaScript, Node.js. Worked on Full-stack project. 1 years of experience.",Web Developer,1,Junior
3888,"Experienced in CSS, Node.js, HTML. Worked on Created web app. 2 years of experience.",Web Developer,2,Mid
3889,"Experienced in CSS, React, Node.js. Worked on Designed UI. 5 years of experience.",Web Developer,5,Senior
3890,"Experienced in React, HTML, JavaScript. Worked on Designed UI. 4 years of experience.",Web Developer,4,Senior
3891,"Experienced in CSS, JavaScript, HTML. Worked on Designed UI. 1 years of experience.",Web Developer,1,Junior
3892,"Experienced in Node.js, JavaScript, React. Worked on Designed UI. 1 years of experience.",Web Developer,1,Junior
3893,"Experienced in CSS, JavaScript, React. Worked on Designed UI. 1 years of experience.",Web Developer,1,Junior
3894,"Experienced in HTML, CSS, Node.js. Worked on Created web app. 1 years of experience.",Web Developer,1,Junior
3895,"Experienced in HTML, React, Node.js. Worked on Created web app. 1 years of experience.",Web Developer,1,Junior
3896,"Experienced in Node.js, React, HTML. Worked on Full-stack project. 0 years of experience.",Web Developer,0,Junior
3897,"Experienced in JavaScript, HTML, React. Worked on Full-stack project. 0 years of experience.",Web Developer,0,Junior
3898,"Experienced in React, JavaScript, CSS. Worked on Created web app. 5 years of experience.",Web Developer,5,Senior
3899,"Experienced in CSS, JavaScript, React. Worked on Designed UI. 1 years of experience.",Web Developer,1,Junior
3900,"Experienced in React, HTML, Node.js. Worked on Full-stack project. 2 years of experience.",Web Developer,2,Mid
3901,"Experienced in JavaScript, Node.js, HTML. Worked on Full-stack project. 2 years of experience.",Web Developer,2,Mid
3902,"Experienced in HTML, JavaScript, Node.js. Worked on Designed UI. 1 years of experience.",Web Developer,1,Junior
3903,"Experienced in React, JavaScript, HTML. Worked on Full-stack project. 0 years of experience.",Web Developer,0,Junior
3904,"Experienced in JavaScript, CSS, React. Worked on Designed UI. 1 years of experience.",Web Developer,1,Junior
3905,"Experienced in HTML, CSS, Node.js. Worked on Created web app. 3 years of experience.",Web Developer,3,Mid
3906,"Experienced in JavaScript, Node.js, HTML. Worked on Created web app. 2 years of experience.",Web Developer,2,Mid
3907,"Experienced in HTML, Node.js, CSS. Worked on Designed UI. 1 years of experience.",Web Developer,1,Junior
3908,"Experienced in JavaScript, HTML, React. Worked on Designed UI. 1 years of experience.",Web Developer,1,Junior
3909,"Experienced in Node.js, HTML, JavaScript. Worked on Created web app. 4 years of experience.",Web Developer,4,Senior
3910,"Experienced in JavaScript, CSS, React. Worked on Full-stack project. 2 years of experience.",Web Developer,2,Mid
3911,"Experienced in React, CSS, Node.js. Worked on Created web app. 1 years of experience.",Web Developer,1,Junior
3912,"Experienced in CSS, HTML, Node.js. Worked on Full-stack project. 2 years of experience.",Web Developer,2,Mid
3913,"Experienced in JavaScript, CSS, HTML. Worked on Designed UI. 4 years of experience.",Web Developer,4,Senior
3914,"Experienced in CSS, HTML, JavaScript. Worked on Designed UI. 3 years of experience.",Web Developer,3,Mid
3915,"Experienced in React, Node.js, HTML. Worked on Full-stack project. 2 years of experience.",Web Developer,2,Mid
3916,"Experienced in Node.js, JavaScript, HTML. Worked on Designed UI. 5 years of experience.",Web Developer,5,Senior
3917,"Experienced in Node.js, HTML, CSS. Worked on Designed UI. 3 years of experience.",Web Developer,3,Mid
3918,"Experienced in JavaScript, Node.js, HTML. Worked on Designed UI. 0 years of experience.",Web Developer,0,Junior
3919,"Experienced in Node.js, JavaScript, CSS. Worked on Created web app. 3 years of experience.",Web Developer,3,Mid
3920,"Experienced in HTML, React, JavaScript. Worked on Created web app. 3 years of experience.",Web Developer,3,Mid
3921,"Experienced in CSS, Node.js, JavaScript. Worked on Full-stack project. 5 years of experience.",Web Developer,5,Senior
3922,"Experienced in React, HTML, Node.js. Worked on Designed UI. 3 years of experience.",Web Developer,3,Mid
3923,"Experienced in HTML, CSS, Node.js. Worked on Created web app. 5 years of experience.",Web Developer,5,Senior
3924,"Experienced in HTML, Node.js, JavaScript. Worked on Created web app. 2 years of experience.",Web Developer,2,Mid
3925,"Experienced in Node.js, CSS, HTML. Worked on Designed UI. 4 years of experience.",Web Developer,4,Senior
3926,"Experienced in React, CSS, JavaScript. Worked on Designed UI. 3 years of experience.",Web Developer,3,Mid
3927,"Experienced in CSS, JavaScript, Node.js. Worked on Full-stack project. 1 years of experience.",Web Developer,1,Junior
3928,"Experienced in React, JavaScript, CSS. Worked on Designed UI. 4 years of experience.",Web Developer,4,Senior
3929,"Experienced in Node.js, CSS, HTML. Worked on Designed UI. 0 years of experience.",Web Developer,0,Junior
3930,"Experienced in Node.js, React, CSS. Worked on Created web app. 1 years of experience.",Web Developer,1,Junior
3931,"Experienced in React, Node.js, HTML. Worked on Full-stack project. 0 years of experience.",Web Developer,0,Junior
3932,"Experienced in CSS, Node.js, HTML. Worked on Full-stack project. 0 years of experience.",Web Developer,0,Junior
3933,"Experienced in JavaScript, CSS, Node.js. Worked on Full-stack project. 5 years of experience.",Web Developer,5,Senior
3934,"Experienced in Node.js, CSS, HTML. Worked on Created web app. 5 years of experience.",Web Developer,5,Senior
3935,"Experienced in CSS, Node.js, HTML. Worked on Full-stack project. 3 years of experience.",Web Developer,3,Mid
3936,"Experienced in CSS, Node.js, JavaScript. Worked on Full-stack project. 2 years of experience.",Web Developer,2,Mid
3937,"Experienced in CSS, Node.js, React. Worked on Designed UI. 2 years of experience.",Web Developer,2,Mid
3938,"Experienced in React, HTML, Node.js. Worked on Full-stack project. 5 years of experience.",Web Developer,5,Senior
3939,"Experienced in CSS, HTML, Node.js. Worked on Created web app. 5 years of experience.",Web Developer,5,Senior
3940,"Experienced in React, JavaScript, Node.js. Worked on Created web app. 0 years of experience.",Web Developer,0,Junior
3941,"Experienced in HTML, CSS, Node.js. Worked on Designed UI. 1 years of experience.",Web Developer,1,Junior
3942,"Experienced in Node.js, CSS, React. Worked on Created web app. 1 years of experience.",Web Developer,1,Junior
3943,"Experienced in React, HTML, JavaScript. Worked on Full-stack project. 1 years of experience.",Web Developer,1,Junior
3944,"Experienced in React, HTML, Node.js. Worked on Created web app. 2 years of experience.",Web Developer,2,Mid
3945,"Experienced in HTML, JavaScript, React. Worked on Created web app. 0 years of experience.",Web Developer,0,Junior
3946,"Experienced in React, JavaScript, Node.js. Worked on Full-stack project. 5 years of experience.",Web Developer,5,Senior
3947,"Experienced in HTML, JavaScript, React. Worked on Full-stack project. 1 years of experience.",Web Developer,1,Junior
3948,"Experienced in HTML, Node.js, JavaScript. Worked on Designed UI. 1 years of experience.",Web Developer,1,Junior
3949,"Experienced in HTML, Node.js, JavaScript. Worked on Designed UI. 4 years of experience.",Web Developer,4,Senior
3950,"Experienced in HTML, React, Node.js. Worked on Full-stack project. 0 years of experience.",Web Developer,0,Junior
3951,"Experienced in Node.js, React, HTML. Worked on Designed UI. 4 years of experience.",Web Developer,4,Senior
3952,"Experienced in Node.js, React, CSS. Worked on Full-stack project. 4 years of experience.",Web Developer,4,Senior
3953,"Experienced in HTML, React, JavaScript. Worked on Full-stack project. 0 years of experience.",Web Developer,0,Junior
3954,"Experienced in React, Node.js, JavaScript. Worked on Created web app. 0 years of experience.",Web Developer,0,Junior
3955,"Experienced in CSS, JavaScript, React. Worked on Full-stack project. 5 years of experience.",Web Developer,5,Senior
3956,"Experienced in JavaScript, React, HTML. Worked on Full-stack project. 2 years of experience.",Web Developer,2,Mid
3957,"Experienced in JavaScript, React, Node.js. Worked on Designed UI. 0 years of experience.",Web Developer,0,Junior
3958,"Experienced in Node.js, CSS, HTML. Worked on Created web app. 1 years of experience.",Web Developer,1,Junior
3959,"Experienced in JavaScript, CSS, React. Worked on Designed UI. 4 years of experience.",Web Developer,4,Senior
3960,"Experienced in React, CSS, HTML. Worked on Full-stack project. 1 years of experience.",Web Developer,1,Junior
3961,"Experienced in JavaScript, Node.js, CSS. Worked on Full-stack project. 0 years of experience.",Web Developer,0,Junior
3962,"Experienced in Node.js, CSS, React. Worked on Designed UI. 1 years of experience.",Web Developer,1,Junior
3963,"Experienced in React, HTML, JavaScript. Worked on Full-stack project. 4 years of experience.",Web Developer,4,Senior
3964,"Experienced in React, JavaScript, Node.js. Worked on Designed UI. 1 years of experience.",Web Developer,1,Junior
3965,"Experienced in CSS, JavaScript, Node.js. Worked on Created web app. 4 years of experience.",Web Developer,4,Senior
3966,"Experienced in React, Node.js, JavaScript. Worked on Designed UI. 2 years of experience.",Web Developer,2,Mid
3967,"Experienced in CSS, React, Node.js. Worked on Full-stack project. 2 years of experience.",Web Developer,2,Mid
3968,"Experienced in CSS, JavaScript, HTML. Worked on Created web app. 0 years of experience.",Web Developer,0,Junior
3969,"Experienced in HTML, React, JavaScript. Worked on Designed UI. 5 years of experience.",Web Developer,5,Senior
3970,"Experienced in React, CSS, Node.js. Worked on Designed UI. 2 years of experience.",Web Developer,2,Mid
3971,"Experienced in JavaScript, React, CSS. Worked on Designed UI. 3 years of experience.",Web Developer,3,Mid
3972,"Experienced in Node.js, React, HTML. Worked on Created web app. 4 years of experience.",Web Developer,4,Senior
3973,"Experienced in CSS, HTML, React. Worked on Full-stack project. 5 years of experience.",Web Developer,5,Senior
3974,"Experienced in JavaScript, HTML, React. Worked on Designed UI. 4 years of experience.",Web Developer,4,Senior
3975,"Experienced in HTML, Node.js, CSS. Worked on Full-stack project. 2 years of experience.",Web Developer,2,Mid
3976,"Experienced in Node.js, JavaScript, React. Worked on Created web app. 1 years of experience.",Web Developer,1,Junior
3977,"Experienced in Node.js, React, HTML. Worked on Full-stack project. 4 years of experience.",Web Developer,4,Senior
3978,"Experienced in React, JavaScript, CSS. Worked on Created web app. 3 years of experience.",Web Developer,3,Mid
3979,"Experienced in React, JavaScript, Node.js. Worked on Designed UI. 0 years of experience.",Web Developer,0,Junior
3980,"Experienced in HTML, React, CSS. Worked on Full-stack project. 0 years of experience.",Web Developer,0,Junior
3981,"Experienced in Node.js, React, HTML. Worked on Full-stack project. 5 years of experience.",Web Developer,5,Senior
3982,"Experienced in CSS, HTML, JavaScript. Worked on Designed UI. 1 years of experience.",Web Developer,1,Junior
3983,"Experienced in React, Node.js, CSS. Worked on Full-stack project. 3 years of experience.",Web Developer,3,Mid
3984,"Experienced in JavaScript, HTML, React. Worked on Designed UI. 4 years of experience.",Web Developer,4,Senior
3985,"Experienced in CSS, React, HTML. Worked on Created web app. 0 years of experience.",Web Developer,0,Junior
3986,"Experienced in HTML, CSS, JavaScript. Worked on Designed UI. 2 years of experience.",Web Developer,2,Mid
3987,"Experienced in CSS, JavaScript, HTML. Worked on Full-stack project. 5 years of experience.",Web Developer,5,Senior
3988,"Experienced in React, JavaScript, HTML. Worked on Designed UI. 2 years of experience.",Web Developer,2,Mid
3989,"Experienced in React, HTML, Node.js. Worked on Created web app. 1 years of experience.",Web Developer,1,Junior
3990,"Experienced in React, Node.js, JavaScript. Worked on Created web app. 3 years of experience.",Web Developer,3,Mid
3991,"Experienced in Node.js, JavaScript, HTML. Worked on Designed UI. 1 years of experience.",Web Developer,1,Junior
3992,"Experienced in CSS, Node.js, React. Worked on Designed UI. 3 years of experience.",Web Developer,3,Mid
3993,"Experienced in Node.js, JavaScript, React. Worked on Designed UI. 5 years of experience.",Web Developer,5,Senior
3994,"Experienced in React, Node.js, CSS. Worked on Designed UI. 1 years of experience.",Web Developer,1,Junior
3995,"Experienced in CSS, JavaScript, Node.js. Worked on Designed UI. 5 years of experience.",Web Developer,5,Senior
3996,"Experienced in React, JavaScript, CSS. Worked on Designed UI. 5 years of experience.",Web Developer,5,Senior
3997,"Experienced in React, Node.js, CSS. Worked on Created web app. 5 years of experience.",Web Developer,5,Senior
3998,"Experienced in JavaScript, CSS, React. Worked on Designed UI. 5 years of experience.",Web Developer,5,Senior
3999,"Experienced in HTML, JavaScript, CSS. Worked on Created web app. 5 years of experience.",Web Developer,5,Senior
4000,"Experienced in HTML, React, CSS. Worked on Full-stack project. 5 years of experience.",Web Developer,5,Senior
4001,"Experienced in React, Node.js, HTML. Worked on Created web app. 2 years of experience.",Web Developer,2,Mid
4002,"Experienced in JavaScript, HTML, CSS. Worked on Created web app. 0 years of experience.",Web Developer,0,Junior
4003,"Experienced in CSS, JavaScript, HTML. Worked on Created web app. 3 years of experience.",Web Developer,3,Mid
4004,"Experienced in JavaScript, CSS, Node.js. Worked on Created web app. 4 years of experience.",Web Developer,4,Senior
4005,"Experienced in HTML, React, CSS. Worked on Designed UI. 5 years of experience.",Web Developer,5,Senior
4006,"Experienced in React, CSS, HTML. Worked on Full-stack project. 0 years of experience.",Web Developer,0,Junior
4007,"Experienced in JavaScript, React, CSS. Worked on Created web app. 4 years of experience.",Web Developer,4,Senior
4008,"Experienced in Node.js, JavaScript, React. Worked on Full-stack project. 4 years of experience.",Web Developer,4,Senior
4009,"Experienced in HTML, JavaScript, CSS. Worked on Designed UI. 5 years of experience.",Web Developer,5,Senior
4010,"Experienced in JavaScript, Node.js, React. Worked on Designed UI. 5 years of experience.",Web Developer,5,Senior
4011,"Experienced in Node.js, CSS, React. Worked on Created web app. 2 years of experience.",Web Developer,2,Mid
4012,"Experienced in Node.js, JavaScript, HTML. Worked on Full-stack project. 1 years of experience.",Web Developer,1,Junior
4013,"Experienced in HTML, React, CSS. Worked on Full-stack project. 3 years of experience.",Web Developer,3,Mid
4014,"Experienced in Node.js, CSS, HTML. Worked on Created web app. 3 years of experience.",Web Developer,3,Mid
4015,"Experienced in React, JavaScript, CSS. Worked on Designed UI. 5 years of experience.",Web Developer,5,Senior
4016,"Experienced in CSS, JavaScript, Node.js. Worked on Full-stack project. 4 years of experience.",Web Developer,4,Senior
4017,"Experienced in CSS, React, Node.js. Worked on Created web app. 0 years of experience.",Web Developer,0,Junior
4018,"Experienced in React, CSS, JavaScript. Worked on Created web app. 3 years of experience.",Web Developer,3,Mid
4019,"Experienced in CSS, Node.js, JavaScript. Worked on Created web app. 0 years of experience.",Web Developer,0,Junior
4020,"Experienced in React, JavaScript, CSS. Worked on Created web app. 0 years of experience.",Web Developer,0,Junior
4021,"Experienced in HTML, React, Node.js. Worked on Full-stack project. 2 years of experience.",Web Developer,2,Mid
4022,"Experienced in JavaScript, React, Node.js. Worked on Created web app. 5 years of experience.",Web Developer,5,Senior
4023,"Experienced in JavaScript, HTML, React. Worked on Designed UI. 0 years of experience.",Web Developer,0,Junior
4024,"Experienced in JavaScript, Node.js, React. Worked on Full-stack project. 0 years of experience.",Web Developer,0,Junior
4025,"Experienced in CSS, React, Node.js. Worked on Full-stack project. 5 years of experience.",Web Developer,5,Senior
4026,"Experienced in HTML, JavaScript, CSS. Worked on Designed UI. 5 years of experience.",Web Developer,5,Senior
4027,"Experienced in Node.js, HTML, React. Worked on Created web app. 1 years of experience.",Web Developer,1,Junior
4028,"Experienced in CSS, JavaScript, React. Worked on Created web app. 5 years of experience.",Web Developer,5,Senior
4029,"Experienced in CSS, JavaScript, Node.js. Worked on Full-stack project. 5 years of experience.",Web Developer,5,Senior
4030,"Experienced in Node.js, React, HTML. Worked on Full-stack project. 5 years of experience.",Web Developer,5,Senior
4031,"Experienced in Node.js, CSS, HTML. Worked on Full-stack project. 0 years of experience.",Web Developer,0,Junior
4032,"Experienced in React, CSS, HTML. Worked on Designed UI. 4 years of experience.",Web Developer,4,Senior
4033,"Experienced in Node.js, HTML, JavaScript. Worked on Created web app. 1 years of experience.",Web Developer,1,Junior
4034,"Experienced in JavaScript, HTML, CSS. Worked on Full-stack project. 0 years of experience.",Web Developer,0,Junior
4035,"Experienced in CSS, Node.js, JavaScript. Worked on Full-stack project. 1 years of experience.",Web Developer,1,Junior
4036,"Experienced in Node.js, HTML, CSS. Worked on Designed UI. 4 years of experience.",Web Developer,4,Senior
4037,"Experienced in Node.js, CSS, React. Worked on Full-stack project. 4 years of experience.",Web Developer,4,Senior
4038,"Experienced in JavaScript, React, Node.js. Worked on Designed UI. 2 years of experience.",Web Developer,2,Mid
4039,"Experienced in React, HTML, JavaScript. Worked on Created web app. 5 years of experience.",Web Developer,5,Senior
4040,"Experienced in JavaScript, React, CSS. Worked on Created web app. 1 years of experience.",Web Developer,1,Junior
4041,"Experienced in React, JavaScript, Node.js. Worked on Full-stack project. 0 years of experience.",Web Developer,0,Junior
4042,"Experienced in CSS, JavaScript, Node.js. Worked on Created web app. 1 years of experience.",Web Developer,1,Junior
4043,"Experienced in Node.js, CSS, JavaScript. Worked on Designed UI. 1 years of experience.",Web Developer,1,Junior
4044,"Experienced in JavaScript, HTML, CSS. Worked on Designed UI. 2 years of experience.",Web Developer,2,Mid
4045,"Experienced in JavaScript, HTML, Node.js. Worked on Full-stack project. 4 years of experience.",Web Developer,4,Senior
4046,"Experienced in React, HTML, Node.js. Worked on Designed UI. 1 years of experience.",Web Developer,1,Junior
4047,"Experienced in JavaScript, React, Node.js. Worked on Created web app. 1 years of experience.",Web Developer,1,Junior
4048,"Experienced in HTML, React, Node.js. Worked on Full-stack project. 3 years of experience.",Web Developer,3,Mid
4049,"Experienced in CSS, JavaScript, Node.js. Worked on Designed UI. 1 years of experience.",Web Developer,1,Junior
4050,"Experienced in HTML, CSS, React. Worked on Created web app. 3 years of experience.",Web Developer,3,Mid
4051,"Experienced in CSS, React, JavaScript. Worked on Designed UI. 0 years of experience.",Web Developer,0,Junior
4052,"Experienced in Node.js, CSS, HTML. Worked on Full-stack project. 1 years of experience.",Web Developer,1,Junior
4053,"Experienced in React, JavaScript, CSS. Worked on Created web app. 0 years of experience.",Web Developer,0,Junior
4054,"Experienced in JavaScript, HTML, React. Worked on Created web app. 3 years of experience.",Web Developer,3,Mid
4055,"Experienced in Node.js, CSS, React. Worked on Designed UI. 0 years of experience.",Web Developer,0,Junior
4056,"Experienced in React, HTML, JavaScript. Worked on Created web app. 2 years of experience.",Web Developer,2,Mid
4057,"Experienced in Node.js, JavaScript, HTML. Worked on Created web app. 4 years of experience.",Web Developer,4,Senior
4058,"Experienced in React, Node.js, CSS. Worked on Full-stack project. 0 years of experience.",Web Developer,0,Junior
4059,"Experienced in Node.js, HTML, JavaScript. Worked on Full-stack project. 0 years of experience.",Web Developer,0,Junior
4060,"Experienced in JavaScript, Node.js, React. Worked on Created web app. 3 years of experience.",Web Developer,3,Mid
4061,"Experienced in React, Node.js, CSS. Worked on Designed UI. 5 years of experience.",Web Developer,5,Senior
4062,"Experienced in React, JavaScript, HTML. Worked on Created web app. 1 years of experience.",Web Developer,1,Junior
4063,"Experienced in React, JavaScript, Node.js. Worked on Full-stack project. 3 years of experience.",Web Developer,3,Mid
4064,"Experienced in CSS, Node.js, React. Worked on Created web app. 3 years of experience.",Web Developer,3,Mid
4065,"Experienced in JavaScript, React, HTML. Worked on Created web app. 2 years of experience.",Web Developer,2,Mid
4066,"Experienced in Node.js, JavaScript, HTML. Worked on Full-stack project. 3 years of experience.",Web Developer,3,Mid
4067,"Experienced in Node.js, React, JavaScript. Worked on Created web app. 3 years of experience.",Web Developer,3,Mid
4068,"Experienced in JavaScript, Node.js, HTML. Worked on Full-stack project. 3 years of experience.",Web Developer,3,Mid
4069,"Experienced in CSS, Node.js, JavaScript. Worked on Created web app. 4 years of experience.",Web Developer,4,Senior
4070,"Experienced in Node.js, JavaScript, HTML. Worked on Designed UI. 4 years of experience.",Web Developer,4,Senior
4071,"Experienced in CSS, HTML, Node.js. Worked on Created web app. 5 years of experience.",Web Developer,5,Senior
4072,"Experienced in HTML, CSS, React. Worked on Full-stack project. 4 years of experience.",Web Developer,4,Senior
4073,"Experienced in HTML, JavaScript, CSS. Worked on Designed UI. 1 years of experience.",Web Developer,1,Junior
4074,"Experienced in JavaScript, CSS, React. Worked on Full-stack project. 0 years of experience.",Web Developer,0,Junior
4075,"Experienced in HTML, CSS, React. Worked on Designed UI. 1 years of experience.",Web Developer,1,Junior
4076,"Experienced in CSS, JavaScript, Node.js. Worked on Full-stack project. 1 years of experience.",Web Developer,1,Junior
4077,"Experienced in JavaScript, HTML, CSS. Worked on Full-stack project. 0 years of experience.",Web Developer,0,Junior
4078,"Experienced in React, CSS, JavaScript. Worked on Full-stack project. 1 years of experience.",Web Developer,1,Junior
4079,"Experienced in CSS, HTML, React. Worked on Full-stack project. 3 years of experience.",Web Developer,3,Mid
4080,"Experienced in HTML, CSS, React. Worked on Designed UI. 3 years of experience.",Web Developer,3,Mid
4081,"Experienced in Node.js, HTML, React. Worked on Created web app. 4 years of experience.",Web Developer,4,Senior
4082,"Experienced in CSS, JavaScript, Node.js. Worked on Full-stack project. 3 years of experience.",Web Developer,3,Mid
4083,"Experienced in JavaScript, CSS, HTML. Worked on Designed UI. 3 years of experience.",Web Developer,3,Mid
4084,"Experienced in React, CSS, JavaScript. Worked on Created web app. 5 years of experience.",Web Developer,5,Senior
4085,"Experienced in HTML, Node.js, JavaScript. Worked on Created web app. 5 years of experience.",Web Developer,5,Senior
4086,"Experienced in HTML, CSS, JavaScript. Worked on Designed UI. 2 years of experience.",Web Developer,2,Mid
4087,"Experienced in JavaScript, React, Node.js. Worked on Full-stack project. 4 years of experience.",Web Developer,4,Senior
4088,"Experienced in CSS, JavaScript, React. Worked on Full-stack project. 5 years of experience.",Web Developer,5,Senior
4089,"Experienced in JavaScript, CSS, HTML. Worked on Designed UI. 4 years of experience.",Web Developer,4,Senior
4090,"Experienced in JavaScript, React, HTML. Worked on Full-stack project. 0 years of experience.",Web Developer,0,Junior
4091,"Experienced in JavaScript, React, Node.js. Worked on Designed UI. 2 years of experience.",Web Developer,2,Mid
4092,"Experienced in JavaScript, CSS, Node.js. Worked on Designed UI. 0 years of experience.",Web Developer,0,Junior
4093,"Experienced in HTML, CSS, React. Worked on Designed UI. 1 years of experience.",Web Developer,1,Junior
4094,"Experienced in React, Node.js, CSS. Worked on Created web app. 3 years of experience.",Web Developer,3,Mid
4095,"Experienced in JavaScript, React, HTML. Worked on Created web app. 5 years of experience.",Web Developer,5,Senior
4096,"Experienced in HTML, Node.js, React. Worked on Full-stack project. 2 years of experience.",Web Developer,2,Mid
4097,"Experienced in CSS, React, HTML. Worked on Full-stack project. 0 years of experience.",Web Developer,0,Junior
4098,"Experienced in Node.js, React, CSS. Worked on Full-stack project. 0 years of experience.",Web Developer,0,Junior
4099,"Experienced in JavaScript, HTML, Node.js. Worked on Full-stack project. 5 years of experience.",Web Developer,5,Senior
4100,"Experienced in React, CSS, HTML. Worked on Created web app. 4 years of experience.",Web Developer,4,Senior
4101,"Experienced in HTML, Node.js, JavaScript. Worked on Full-stack project. 5 years of experience.",Web Developer,5,Senior
4102,"Experienced in React, HTML, CSS. Worked on Designed UI. 1 years of experience.",Web Developer,1,Junior
4103,"Experienced in JavaScript, HTML, CSS. Worked on Designed UI. 1 years of experience.",Web Developer,1,Junior
4104,"Experienced in CSS, React, JavaScript. Worked on Full-stack project. 2 years of experience.",Web Developer,2,Mid
4105,"Experienced in React, JavaScript, Node.js. Worked on Full-stack project. 1 years of experience.",Web Developer,1,Junior
4106,"Experienced in CSS, Node.js, React. Worked on Created web app. 0 years of experience.",Web Developer,0,Junior
4107,"Experienced in CSS, React, Node.js. Worked on Designed UI. 5 years of experience.",Web Developer,5,Senior
4108,"Experienced in JavaScript, CSS, HTML. Worked on Created web app. 4 years of experience.",Web Developer,4,Senior
4109,"Experienced in Node.js, CSS, HTML. Worked on Designed UI. 4 years of experience.",Web Developer,4,Senior
4110,"Experienced in CSS, HTML, Node.js. Worked on Full-stack project. 0 years of experience.",Web Developer,0,Junior
4111,"Experienced in HTML, JavaScript, React. Worked on Created web app. 1 years of experience.",Web Developer,1,Junior
4112,"Experienced in Node.js, React, HTML. Worked on Created web app. 1 years of experience.",Web Developer,1,Junior
4113,"Experienced in HTML, CSS, React. Worked on Created web app. 3 years of experience.",Web Developer,3,Mid
4114,"Experienced in JavaScript, CSS, Node.js. Worked on Full-stack project. 1 years of experience.",Web Developer,1,Junior
4115,"Experienced in Node.js, JavaScript, HTML. Worked on Full-stack project. 1 years of experience.",Web Developer,1,Junior
4116,"Experienced in CSS, React, JavaScript. Worked on Created web app. 5 years of experience.",Web Developer,5,Senior
4117,"Experienced in React, CSS, Node.js. Worked on Full-stack project. 5 years of experience.",Web Developer,5,Senior
4118,"Experienced in Node.js, React, JavaScript. Worked on Designed UI. 0 years of experience.",Web Developer,0,Junior
4119,"Experienced in React, CSS, JavaScript. Worked on Designed UI. 0 years of experience.",Web Developer,0,Junior
4120,"Experienced in React, Node.js, HTML. Worked on Created web app. 3 years of experience.",Web Developer,3,Mid
4121,"Experienced in Node.js, JavaScript, React. Worked on Designed UI. 5 years of experience.",Web Developer,5,Senior
4122,"Experienced in JavaScript, Node.js, CSS. Worked on Full-stack project. 0 years of experience.",Web Developer,0,Junior
4123,"Experienced in JavaScript, CSS, Node.js. Worked on Full-stack project. 0 years of experience.",Web Developer,0,Junior
4124,"Experienced in Node.js, JavaScript, CSS. Worked on Designed UI. 3 years of experience.",Web Developer,3,Mid
4125,"Experienced in JavaScript, React, CSS. Worked on Created web app. 3 years of experience.",Web Developer,3,Mid
4126,"Experienced in Node.js, React, CSS. Worked on Full-stack project. 1 years of experience.",Web Developer,1,Junior
4127,"Experienced in CSS, HTML, JavaScript. Worked on Full-stack project. 1 years of experience.",Web Developer,1,Junior
4128,"Experienced in CSS, HTML, JavaScript. Worked on Full-stack project. 0 years of experience.",Web Developer,0,Junior
4129,"Experienced in Node.js, React, JavaScript. Worked on Created web app. 2 years of experience.",Web Developer,2,Mid
4130,"Experienced in HTML, JavaScript, Node.js. Worked on Designed UI. 1 years of experience.",Web Developer,1,Junior
4131,"Experienced in React, JavaScript, CSS. Worked on Full-stack project. 2 years of experience.",Web Developer,2,Mid
4132,"Experienced in CSS, JavaScript, Node.js. Worked on Full-stack project. 5 years of experience.",Web Developer,5,Senior
4133,"Experienced in Node.js, CSS, React. Worked on Full-stack project. 4 years of experience.",Web Developer,4,Senior
4134,"Experienced in JavaScript, HTML, React. Worked on Full-stack project. 2 years of experience.",Web Developer,2,Mid
4135,"Experienced in React, Node.js, JavaScript. Worked on Created web app. 1 years of experience.",Web Developer,1,Junior
4136,"Experienced in Node.js, CSS, JavaScript. Worked on Designed UI. 3 years of experience.",Web Developer,3,Mid
4137,"Experienced in CSS, JavaScript, HTML. Worked on Designed UI. 5 years of experience.",Web Developer,5,Senior
4138,"Experienced in JavaScript, CSS, Node.js. Worked on Designed UI. 2 years of experience.",Web Developer,2,Mid
4139,"Experienced in JavaScript, Node.js, HTML. Worked on Created web app. 5 years of experience.",Web Developer,5,Senior
4140,"Experienced in Node.js, CSS, JavaScript. Worked on Full-stack project. 3 years of experience.",Web Developer,3,Mid
4141,"Experienced in React, HTML, Node.js. Worked on Full-stack project. 4 years of experience.",Web Developer,4,Senior
4142,"Experienced in CSS, Node.js, HTML. Worked on Full-stack project. 5 years of experience.",Web Developer,5,Senior
4143,"Experienced in JavaScript, HTML, CSS. Worked on Designed UI. 4 years of experience.",Web Developer,4,Senior
4144,"Experienced in JavaScript, HTML, React. Worked on Full-stack project. 1 years of experience.",Web Developer,1,Junior
4145,"Experienced in HTML, CSS, Node.js. Worked on Full-stack project. 5 years of experience.",Web Developer,5,Senior
4146,"Experienced in CSS, HTML, JavaScript. Worked on Created web app. 5 years of experience.",Web Developer,5,Senior
4147,"Experienced in CSS, JavaScript, Node.js. Worked on Created web app. 5 years of experience.",Web Developer,5,Senior
4148,"Experienced in HTML, CSS, Node.js. Worked on Designed UI. 0 years of experience.",Web Developer,0,Junior
4149,"Experienced in React, JavaScript, CSS. Worked on Designed UI. 3 years of experience.",Web Developer,3,Mid
4150,"Experienced in CSS, Node.js, JavaScript. Worked on Full-stack project. 5 years of experience.",Web Developer,5,Senior
4151,"Experienced in React, HTML, JavaScript. Worked on Created web app. 2 years of experience.",Web Developer,2,Mid
4152,"Experienced in Node.js, HTML, CSS. Worked on Designed UI. 5 years of experience.",Web Developer,5,Senior
4153,"Experienced in JavaScript, HTML, Node.js. Worked on Designed UI. 5 years of experience.",Web Developer,5,Senior
4154,"Experienced in CSS, HTML, React. Worked on Created web app. 3 years of experience.",Web Developer,3,Mid
4155,"Experienced in HTML, Node.js, CSS. Worked on Full-stack project. 0 years of experience.",Web Developer,0,Junior
4156,"Experienced in CSS, HTML, JavaScript. Worked on Full-stack project. 3 years of experience.",Web Developer,3,Mid
4157,"Experienced in Node.js, CSS, HTML. Worked on Created web app. 1 years of experience.",Web Developer,1,Junior
4158,"Experienced in React, Node.js, HTML. Worked on Full-stack project. 0 years of experience.",Web Developer,0,Junior
4159,"Experienced in Node.js, CSS, JavaScript. Worked on Designed UI. 3 years of experience.",Web Developer,3,Mid
4160,"Experienced in JavaScript, HTML, React. Worked on Full-stack project. 1 years of experience.",Web Developer,1,Junior
4161,"Experienced in Node.js, HTML, CSS. Worked on Designed UI. 1 years of experience.",Web Developer,1,Junior
4162,"Experienced in CSS, Node.js, JavaScript. Worked on Created web app. 5 years of experience.",Web Developer,5,Senior
4163,"Experienced in HTML, CSS, JavaScript. Worked on Full-stack project. 2 years of experience.",Web Developer,2,Mid
4164,"Experienced in HTML, JavaScript, Node.js. Worked on Designed UI. 5 years of experience.",Web Developer,5,Senior
4165,"Experienced in CSS, React, Node.js. Worked on Full-stack project. 2 years of experience.",Web Developer,2,Mid
4166,"Experienced in JavaScript, CSS, Node.js. Worked on Designed UI. 5 years of experience.",Web Developer,5,Senior
4167,"Experienced in CSS, React, JavaScript. Worked on Created web app. 1 years of experience.",Web Developer,1,Junior
4168,"Experienced in CSS, React, HTML. Worked on Full-stack project. 5 years of experience.",Web Developer,5,Senior
4169,"Experienced in React, HTML, Node.js. Worked on Full-stack project. 2 years of experience.",Web Developer,2,Mid
4170,"Experienced in HTML, React, JavaScript. Worked on Full-stack project. 5 years of experience.",Web Developer,5,Senior
4171,"Experienced in Node.js, JavaScript, HTML. Worked on Designed UI. 5 years of experience.",Web Developer,5,Senior
4172,"Experienced in Node.js, CSS, JavaScript. Worked on Designed UI. 4 years of experience.",Web Developer,4,Senior
4173,"Experienced in Node.js, HTML, JavaScript. Worked on Full-stack project. 5 years of experience.",Web Developer,5,Senior
4174,"Experienced in CSS, HTML, React. Worked on Designed UI. 1 years of experience.",Web Developer,1,Junior
4175,"Experienced in React, CSS, JavaScript. Worked on Created web app. 0 years of experience.",Web Developer,0,Junior
4176,"Experienced in HTML, React, CSS. Worked on Full-stack project. 2 years of experience.",Web Developer,2,Mid
4177,"Experienced in Node.js, React, CSS. Worked on Full-stack project. 4 years of experience.",Web Developer,4,Senior
4178,"Experienced in JavaScript, React, HTML. Worked on Full-stack project. 3 years of experience.",Web Developer,3,Mid
4179,"Experienced in React, HTML, CSS. Worked on Full-stack project. 1 years of experience.",Web Developer,1,Junior
4180,"Experienced in React, JavaScript, Node.js. Worked on Full-stack project. 0 years of experience.",Web Developer,0,Junior
4181,"Experienced in HTML, CSS, JavaScript. Worked on Designed UI. 5 years of experience.",Web Developer,5,Senior
4182,"Experienced in CSS, React, HTML. Worked on Designed UI. 5 years of experience.",Web Developer,5,Senior
4183,"Experienced in JavaScript, Node.js, React. Worked on Full-stack project. 3 years of experience.",Web Developer,3,Mid
4184,"Experienced in HTML, CSS, Node.js. Worked on Created web app. 5 years of experience.",Web Developer,5,Senior
4185,"Experienced in React, JavaScript, HTML. Worked on Created web app. 5 years of experience.",Web Developer,5,Senior
4186,"Experienced in Node.js, CSS, React. Worked on Created web app. 2 years of experience.",Web Developer,2,Mid
4187,"Experienced in Node.js, HTML, CSS. Worked on Full-stack project. 4 years of experience.",Web Developer,4,Senior
4188,"Experienced in CSS, Node.js, React. Worked on Created web app. 5 years of experience.",Web Developer,5,Senior
4189,"Experienced in HTML, React, JavaScript. Worked on Designed UI. 1 years of experience.",Web Developer,1,Junior
4190,"Experienced in CSS, React, HTML. Worked on Created web app. 3 years of experience.",Web Developer,3,Mid
4191,"Experienced in React, JavaScript, Node.js. Worked on Full-stack project. 3 years of experience.",Web Developer,3,Mid
4192,"Experienced in CSS, React, JavaScript. Worked on Full-stack project. 1 years of experience.",Web Developer,1,Junior
4193,"Experienced in React, HTML, JavaScript. Worked on Created web app. 5 years of experience.",Web Developer,5,Senior
4194,"Experienced in CSS, HTML, Node.js. Worked on Full-stack project. 3 years of experience.",Web Developer,3,Mid
4195,"Experienced in HTML, JavaScript, React. Worked on Created web app. 3 years of experience.",Web Developer,3,Mid
4196,"Experienced in CSS, JavaScript, Node.js. Worked on Designed UI. 5 years of experience.",Web Developer,5,Senior
4197,"Experienced in JavaScript, CSS, HTML. Worked on Full-stack project. 2 years of experience.",Web Developer,2,Mid
4198,"Experienced in JavaScript, HTML, CSS. Worked on Full-stack project. 1 years of experience.",Web Developer,1,Junior
4199,"Experienced in HTML, JavaScript, Node.js. Worked on Full-stack project. 2 years of experience.",Web Developer,2,Mid
4200,"Experienced in React, HTML, CSS. Worked on Full-stack project. 3 years of experience.",Web Developer,3,Mid
4201,"Experienced in React, CSS, Node.js. Worked on Full-stack project. 3 years of experience.",Web Developer,3,Mid
4202,"Experienced in HTML, React, JavaScript. Worked on Designed UI. 3 years of experience.",Web Developer,3,Mid
4203,"Experienced in CSS, HTML, React. Worked on Designed UI. 5 years of experience.",Web Developer,5,Senior
4204,"Experienced in React, JavaScript, Node.js. Worked on Full-stack project. 4 years of experience.",Web Developer,4,Senior
4205,"Experienced in Node.js, React, JavaScript. Worked on Designed UI. 2 years of experience.",Web Developer,2,Mid
4206,"Experienced in CSS, React, JavaScript. Worked on Created web app. 0 years of experience.",Web Developer,0,Junior
4207,"Experienced in HTML, Node.js, React. Worked on Designed UI. 1 years of experience.",Web Developer,1,Junior
4208,"Experienced in React, HTML, Node.js. Worked on Full-stack project. 5 years of experience.",Web Developer,5,Senior
4209,"Experienced in React, JavaScript, Node.js. Worked on Created web app. 4 years of experience.",Web Developer,4,Senior
4210,"Experienced in React, Node.js, CSS. Worked on Designed UI. 0 years of experience.",Web Developer,0,Junior
4211,"Experienced in React, CSS, Node.js. Worked on Designed UI. 2 years of experience.",Web Developer,2,Mid
4212,"Experienced in JavaScript, React, CSS. Worked on Created web app. 0 years of experience.",Web Developer,0,Junior
4213,"Experienced in Node.js, JavaScript, CSS. Worked on Full-stack project. 3 years of experience.",Web Developer,3,Mid
4214,"Experienced in CSS, Node.js, JavaScript. Worked on Full-stack project. 2 years of experience.",Web Developer,2,Mid
4215,"Experienced in Node.js, React, HTML. Worked on Full-stack project. 3 years of experience.",Web Developer,3,Mid
4216,"Experienced in JavaScript, React, CSS. Worked on Full-stack project. 5 years of experience.",Web Developer,5,Senior
4217,"Experienced in JavaScript, HTML, Node.js. Worked on Created web app. 0 years of experience.",Web Developer,0,Junior
4218,"Experienced in CSS, React, HTML. Worked on Full-stack project. 4 years of experience.",Web Developer,4,Senior
4219,"Experienced in CSS, Node.js, HTML. Worked on Full-stack project. 2 years of experience.",Web Developer,2,Mid
4220,"Experienced in CSS, HTML, Node.js. Worked on Created web app. 3 years of experience.",Web Developer,3,Mid
4221,"Experienced in Node.js, CSS, JavaScript. Worked on Designed UI. 1 years of experience.",Web Developer,1,Junior
4222,"Experienced in HTML, CSS, JavaScript. Worked on Designed UI. 5 years of experience.",Web Developer,5,Senior
4223,"Experienced in CSS, JavaScript, React. Worked on Created web app. 2 years of experience.",Web Developer,2,Mid
4224,"Experienced in HTML, CSS, React. Worked on Created web app. 2 years of experience.",Web Developer,2,Mid
4225,"Experienced in HTML, Node.js, CSS. Worked on Designed UI. 3 years of experience.",Web Developer,3,Mid
4226,"Experienced in JavaScript, Node.js, CSS. Worked on Designed UI. 3 years of experience.",Web Developer,3,Mid
4227,"Experienced in Node.js, CSS, JavaScript. Worked on Designed UI. 0 years of experience.",Web Developer,0,Junior
4228,"Experienced in HTML, JavaScript, React. Worked on Full-stack project. 5 years of experience.",Web Developer,5,Senior
4229,"Experienced in Node.js, HTML, React. Worked on Created web app. 0 years of experience.",Web Developer,0,Junior
4230,"Experienced in React, Node.js, HTML. Worked on Designed UI. 5 years of experience.",Web Developer,5,Senior
4231,"Experienced in Node.js, CSS, JavaScript. Worked on Designed UI. 4 years of experience.",Web Developer,4,Senior
4232,"Experienced in HTML, React, JavaScript. Worked on Designed UI. 1 years of experience.",Web Developer,1,Junior
4233,"Experienced in React, Node.js, JavaScript. Worked on Created web app. 0 years of experience.",Web Developer,0,Junior
4234,"Experienced in JavaScript, HTML, CSS. Worked on Created web app. 1 years of experience.",Web Developer,1,Junior
4235,"Experienced in React, JavaScript, HTML. Worked on Full-stack project. 5 years of experience.",Web Developer,5,Senior
4236,"Experienced in JavaScript, HTML, CSS. Worked on Full-stack project. 2 years of experience.",Web Developer,2,Mid
4237,"Experienced in HTML, JavaScript, React. Worked on Full-stack project. 0 years of experience.",Web Developer,0,Junior
4238,"Experienced in CSS, React, JavaScript. Worked on Full-stack project. 5 years of experience.",Web Developer,5,Senior
4239,"Experienced in CSS, JavaScript, React. Worked on Created web app. 5 years of experience.",Web Developer,5,Senior
4240,"Experienced in Node.js, HTML, CSS. Worked on Designed UI. 5 years of experience.",Web Developer,5,Senior
4241,"Experienced in HTML, CSS, JavaScript. Worked on Designed UI. 0 years of experience.",Web Developer,0,Junior
4242,"Experienced in HTML, Node.js, React. Worked on Full-stack project. 3 years of experience.",Web Developer,3,Mid
4243,"Experienced in CSS, JavaScript, React. Worked on Designed UI. 4 years of experience.",Web Developer,4,Senior
4244,"Experienced in JavaScript, Node.js, HTML. Worked on Full-stack project. 5 years of experience.",Web Developer,5,Senior
4245,"Experienced in HTML, React, JavaScript. Worked on Designed UI. 2 years of experience.",Web Developer,2,Mid
4246,"Experienced in React, JavaScript, HTML. Worked on Full-stack project. 1 years of experience.",Web Developer,1,Junior
4247,"Experienced in Node.js, React, HTML. Worked on Designed UI. 5 years of experience.",Web Developer,5,Senior
4248,"Experienced in HTML, Node.js, JavaScript. Worked on Full-stack project. 4 years of experience.",Web Developer,4,Senior
4249,"Experienced in Node.js, CSS, React. Worked on Full-stack project. 1 years of experience.",Web Developer,1,Junior
4250,"Experienced in CSS, JavaScript, HTML. Worked on Designed UI. 5 years of experience.",Web Developer,5,Senior
4251,"Experienced in Node.js, JavaScript, HTML. Worked on Full-stack project. 3 years of experience.",Web Developer,3,Mid
4252,"Experienced in React, Node.js, CSS. Worked on Designed UI. 2 years of experience.",Web Developer,2,Mid
4253,"Experienced in JavaScript, Node.js, React. Worked on Full-stack project. 0 years of experience.",Web Developer,0,Junior
4254,"Experienced in HTML, JavaScript, CSS. Worked on Created web app. 3 years of experience.",Web Developer,3,Mid
4255,"Experienced in HTML, CSS, JavaScript. Worked on Created web app. 0 years of experience.",Web Developer,0,Junior
4256,"Experienced in JavaScript, CSS, HTML. Worked on Full-stack project. 4 years of experience.",Web Developer,4,Senior
4257,"Experienced in JavaScript, HTML, CSS. Worked on Full-stack project. 1 years of experience.",Web Developer,1,Junior
4258,"Experienced in CSS, HTML, JavaScript. Worked on Full-stack project. 4 years of experience.",Web Developer,4,Senior
4259,"Experienced in Node.js, CSS, HTML. Worked on Created web app. 1 years of experience.",Web Developer,1,Junior
4260,"Experienced in HTML, JavaScript, Node.js. Worked on Created web app. 5 years of experience.",Web Developer,5,Senior
4261,"Experienced in JavaScript, Node.js, CSS. Worked on Designed UI. 0 years of experience.",Web Developer,0,Junior
4262,"Experienced in CSS, Node.js, JavaScript. Worked on Full-stack project. 5 years of experience.",Web Developer,5,Senior
4263,"Experienced in Node.js, CSS, HTML. Worked on Created web app. 5 years of experience.",Web Developer,5,Senior
4264,"Experienced in Node.js, React, HTML. Worked on Designed UI. 2 years of experience.",Web Developer,2,Mid
4265,"Experienced in Node.js, HTML, React. Worked on Created web app. 2 years of experience.",Web Developer,2,Mid
4266,"Experienced in HTML, CSS, Node.js. Worked on Designed UI. 2 years of experience.",Web Developer,2,Mid
4267,"Experienced in React, HTML, CSS. Worked on Designed UI. 0 years of experience.",Web Developer,0,Junior
4268,"Experienced in Node.js, JavaScript, React. Worked on Full-stack project. 5 years of experience.",Web Developer,5,Senior
4269,"Experienced in HTML, Node.js, JavaScript. Worked on Full-stack project. 5 years of experience.",Web Developer,5,Senior
4270,"Experienced in CSS, JavaScript, React. Worked on Designed UI. 5 years of experience.",Web Developer,5,Senior
4271,"Experienced in React, HTML, CSS. Worked on Created web app. 2 years of experience.",Web Developer,2,Mid
4272,"Experienced in HTML, React, Node.js. Worked on Designed UI. 2 years of experience.",Web Developer,2,Mid
4273,"Experienced in HTML, JavaScript, React. Worked on Created web app. 1 years of experience.",Web Developer,1,Junior
4274,"Experienced in React, CSS, HTML. Worked on Designed UI. 2 years of experience.",Web Developer,2,Mid
4275,"Experienced in Node.js, CSS, React. Worked on Created web app. 2 years of experience.",Web Developer,2,Mid
4276,"Experienced in React, HTML, CSS. Worked on Full-stack project. 3 years of experience.",Web Developer,3,Mid
4277,"Experienced in React, JavaScript, CSS. Worked on Designed UI. 4 years of experience.",Web Developer,4,Senior
4278,"Experienced in CSS, Node.js, HTML. Worked on Created web app. 2 years of experience.",Web Developer,2,Mid
4279,"Experienced in HTML, JavaScript, React. Worked on Created web app. 1 years of experience.",Web Developer,1,Junior
4280,"Experienced in Node.js, CSS, React. Worked on Full-stack project. 2 years of experience.",Web Developer,2,Mid
4281,"Experienced in JavaScript, React, HTML. Worked on Full-stack project. 0 years of experience.",Web Developer,0,Junior
4282,"Experienced in HTML, Node.js, CSS. Worked on Created web app. 5 years of experience.",Web Developer,5,Senior
4283,"Experienced in Node.js, React, CSS. Worked on Designed UI. 4 years of experience.",Web Developer,4,Senior
4284,"Experienced in HTML, React, JavaScript. Worked on Full-stack project. 1 years of experience.",Web Developer,1,Junior
4285,"Experienced in Node.js, React, CSS. Worked on Full-stack project. 5 years of experience.",Web Developer,5,Senior
4286,"Experienced in HTML, CSS, React. Worked on Created web app. 1 years of experience.",Web Developer,1,Junior
4287,"Experienced in JavaScript, Node.js, React. Worked on Full-stack project. 3 years of experience.",Web Developer,3,Mid
4288,"Experienced in JavaScript, React, HTML. Worked on Created web app. 4 years of experience.",Web Developer,4,Senior
4289,"Experienced in React, CSS, JavaScript. Worked on Designed UI. 0 years of experience.",Web Developer,0,Junior
4290,"Experienced in JavaScript, React, HTML. Worked on Full-stack project. 5 years of experience.",Web Developer,5,Senior
4291,"Experienced in CSS, Node.js, HTML. Worked on Created web app. 3 years of experience.",Web Developer,3,Mid
4292,"Experienced in JavaScript, HTML, CSS. Worked on Designed UI. 1 years of experience.",Web Developer,1,Junior
4293,"Experienced in CSS, React, JavaScript. Worked on Full-stack project. 4 years of experience.",Web Developer,4,Senior
4294,"Experienced in JavaScript, CSS, HTML. Worked on Full-stack project. 5 years of experience.",Web Developer,5,Senior
4295,"Experienced in React, JavaScript, CSS. Worked on Full-stack project. 3 years of experience.",Web Developer,3,Mid
4296,"Experienced in Node.js, React, CSS. Worked on Designed UI. 0 years of experience.",Web Developer,0,Junior
4297,"Experienced in Node.js, JavaScript, HTML. Worked on Full-stack project. 4 years of experience.",Web Developer,4,Senior
4298,"Experienced in HTML, CSS, React. Worked on Designed UI. 1 years of experience.",Web Developer,1,Junior
4299,"Experienced in CSS, HTML, JavaScript. Worked on Created web app. 3 years of experience.",Web Developer,3,Mid
4300,"Experienced in CSS, JavaScript, Node.js. Worked on Full-stack project. 5 years of experience.",Web Developer,5,Senior
4301,"Experienced in HTML, React, CSS. Worked on Created web app. 0 years of experience.",Web Developer,0,Junior
4302,"Experienced in React, HTML, Node.js. Worked on Created web app. 1 years of experience.",Web Developer,1,Junior
4303,"Experienced in Node.js, React, CSS. Worked on Designed UI. 5 years of experience.",Web Developer,5,Senior
4304,"Experienced in React, CSS, Node.js. Worked on Created web app. 2 years of experience.",Web Developer,2,Mid
4305,"Experienced in CSS, Node.js, HTML. Worked on Designed UI. 4 years of experience.",Web Developer,4,Senior
4306,"Experienced in React, CSS, HTML. Worked on Full-stack project. 5 years of experience.",Web Developer,5,Senior
4307,"Experienced in CSS, React, JavaScript. Worked on Created web app. 2 years of experience.",Web Developer,2,Mid
4308,"Experienced in HTML, CSS, JavaScript. Worked on Full-stack project. 4 years of experience.",Web Developer,4,Senior
4309,"Experienced in React, HTML, JavaScript. Worked on Full-stack project. 1 years of experience.",Web Developer,1,Junior
4310,"Experienced in JavaScript, React, HTML. Worked on Full-stack project. 5 years of experience.",Web Developer,5,Senior
4311,"Experienced in CSS, Node.js, React. Worked on Created web app. 4 years of experience.",Web Developer,4,Senior
4312,"Experienced in Node.js, CSS, HTML. Worked on Full-stack project. 4 years of experience.",Web Developer,4,Senior
4313,"Experienced in React, HTML, JavaScript. Worked on Designed UI. 0 years of experience.",Web Developer,0,Junior
4314,"Experienced in HTML, Node.js, CSS. Worked on Full-stack project. 1 years of experience.",Web Developer,1,Junior
4315,"Experienced in CSS, React, Node.js. Worked on Created web app. 5 years of experience.",Web Developer,5,Senior
4316,"Experienced in CSS, React, HTML. Worked on Created web app. 2 years of experience.",Web Developer,2,Mid
4317,"Experienced in Node.js, JavaScript, HTML. Worked on Created web app. 0 years of experience.",Web Developer,0,Junior
4318,"Experienced in JavaScript, React, CSS. Worked on Designed UI. 4 years of experience.",Web Developer,4,Senior
4319,"Experienced in JavaScript, HTML, CSS. Worked on Designed UI. 1 years of experience.",Web Developer,1,Junior
4320,"Experienced in CSS, Node.js, JavaScript. Worked on Created web app. 1 years of experience.",Web Developer,1,Junior
4321,"Experienced in Node.js, React, CSS. Worked on Designed UI. 0 years of experience.",Web Developer,0,Junior
4322,"Experienced in HTML, JavaScript, React. Worked on Full-stack project. 4 years of experience.",Web Developer,4,Senior
4323,"Experienced in JavaScript, Node.js, CSS. Worked on Created web app. 1 years of experience.",Web Developer,1,Junior
4324,"Experienced in Node.js, React, JavaScript. Worked on Designed UI. 3 years of experience.",Web Developer,3,Mid
4325,"Experienced in JavaScript, CSS, React. Worked on Full-stack project. 1 years of experience.",Web Developer,1,Junior
4326,"Experienced in Node.js, JavaScript, HTML. Worked on Created web app. 4 years of experience.",Web Developer,4,Senior
4327,"Experienced in JavaScript, React, CSS. Worked on Full-stack project. 3 years of experience.",Web Developer,3,Mid
4328,"Experienced in Node.js, React, JavaScript. Worked on Designed UI. 3 years of experience.",Web Developer,3,Mid
4329,"Experienced in CSS, Node.js, React. Worked on Designed UI. 2 years of experience.",Web Developer,2,Mid
4330,"Experienced in Node.js, JavaScript, React. Worked on Created web app. 2 years of experience.",Web Developer,2,Mid
4331,"Experienced in HTML, JavaScript, CSS. Worked on Designed UI. 0 years of experience.",Web Developer,0,Junior
4332,"Experienced in JavaScript, HTML, React. Worked on Full-stack project. 3 years of experience.",Web Developer,3,Mid
4333,"Experienced in HTML, React, CSS. Worked on Designed UI. 3 years of experience.",Web Developer,3,Mid
4334,"Experienced in CSS, React, JavaScript. Worked on Created web app. 4 years of experience.",Web Developer,4,Senior
4335,"Experienced in JavaScript, Node.js, React. Worked on Designed UI. 0 years of experience.",Web Developer,0,Junior
4336,"Experienced in CSS, JavaScript, React. Worked on Full-stack project. 1 years of experience.",Web Developer,1,Junior
4337,"Experienced in Node.js, CSS, React. Worked on Designed UI. 3 years of experience.",Web Developer,3,Mid
4338,"Experienced in React, HTML, CSS. Worked on Full-stack project. 2 years of experience.",Web Developer,2,Mid
4339,"Experienced in Node.js, CSS, React. Worked on Designed UI. 4 years of experience.",Web Developer,4,Senior
4340,"Experienced in JavaScript, Node.js, React. Worked on Designed UI. 3 years of experience.",Web Developer,3,Mid
4341,"Experienced in HTML, Node.js, JavaScript. Worked on Full-stack project. 5 years of experience.",Web Developer,5,Senior
4342,"Experienced in Node.js, JavaScript, HTML. Worked on Full-stack project. 1 years of experience.",Web Developer,1,Junior
4343,"Experienced in HTML, Node.js, React. Worked on Full-stack project. 3 years of experience.",Web Developer,3,Mid
4344,"Experienced in JavaScript, React, Node.js. Worked on Created web app. 4 years of experience.",Web Developer,4,Senior
4345,"Experienced in Node.js, CSS, React. Worked on Designed UI. 4 years of experience.",Web Developer,4,Senior
4346,"Experienced in React, HTML, Node.js. Worked on Created web app. 4 years of experience.",Web Developer,4,Senior
4347,"Experienced in CSS, JavaScript, Node.js. Worked on Created web app. 1 years of experience.",Web Developer,1,Junior
4348,"Experienced in JavaScript, CSS, HTML. Worked on Full-stack project. 3 years of experience.",Web Developer,3,Mid
4349,"Experienced in Node.js, CSS, JavaScript. Worked on Created web app. 1 years of experience.",Web Developer,1,Junior
4350,"Experienced in HTML, CSS, Node.js. Worked on Designed UI. 0 years of experience.",Web Developer,0,Junior
4351,"Experienced in CSS, HTML, Node.js. Worked on Created web app. 3 years of experience.",Web Developer,3,Mid
4352,"Experienced in HTML, JavaScript, CSS. Worked on Designed UI. 0 years of experience.",Web Developer,0,Junior
4353,"Experienced in CSS, HTML, React. Worked on Full-stack project. 1 years of experience.",Web Developer,1,Junior
4354,"Experienced in HTML, React, Node.js. Worked on Designed UI. 2 years of experience.",Web Developer,2,Mid
4355,"Experienced in JavaScript, Node.js, React. Worked on Full-stack project. 0 years of experience.",Web Developer,0,Junior
4356,"Experienced in Node.js, HTML, CSS. Worked on Created web app. 3 years of experience.",Web Developer,3,Mid
4357,"Experienced in Node.js, HTML, CSS. Worked on Designed UI. 2 years of experience.",Web Developer,2,Mid
4358,"Experienced in React, Node.js, JavaScript. Worked on Full-stack project. 0 years of experience.",Web Developer,0,Junior
4359,"Experienced in Node.js, CSS, HTML. Worked on Full-stack project. 5 years of experience.",Web Developer,5,Senior
4360,"Experienced in Node.js, React, HTML. Worked on Created web app. 2 years of experience.",Web Developer,2,Mid
4361,"Experienced in HTML, React, Node.js. Worked on Created web app. 3 years of experience.",Web Developer,3,Mid
4362,"Experienced in Node.js, HTML, CSS. Worked on Full-stack project. 5 years of experience.",Web Developer,5,Senior
4363,"Experienced in HTML, Node.js, JavaScript. Worked on Created web app. 3 years of experience.",Web Developer,3,Mid
4364,"Experienced in JavaScript, CSS, Node.js. Worked on Full-stack project. 4 years of experience.",Web Developer,4,Senior
4365,"Experienced in React, Node.js, JavaScript. Worked on Full-stack project. 2 years of experience.",Web Developer,2,Mid
4366,"Experienced in Node.js, HTML, CSS. Worked on Created web app. 0 years of experience.",Web Developer,0,Junior
4367,"Experienced in JavaScript, HTML, CSS. Worked on Created web app. 4 years of experience.",Web Developer,4,Senior
4368,"Experienced in Node.js, HTML, JavaScript. Worked on Created web app. 4 years of experience.",Web Developer,4,Senior
4369,"Experienced in CSS, JavaScript, Node.js. Worked on Full-stack project. 4 years of experience.",Web Developer,4,Senior
4370,"Experienced in Node.js, React, CSS. Worked on Designed UI. 0 years of experience.",Web Developer,0,Junior
4371,"Experienced in HTML, JavaScript, CSS. Worked on Full-stack project. 5 years of experience.",Web Developer,5,Senior
4372,"Experienced in Node.js, React, JavaScript. Worked on Created web app. 2 years of experience.",Web Developer,2,Mid
4373,"Experienced in Node.js, CSS, JavaScript. Worked on Created web app. 3 years of experience.",Web Developer,3,Mid
4374,"Experienced in CSS, HTML, Node.js. Worked on Designed UI. 4 years of experience.",Web Developer,4,Senior
4375,"Experienced in CSS, HTML, Node.js. Worked on Designed UI. 3 years of experience.",Web Developer,3,Mid
4376,"Experienced in React, HTML, CSS. Worked on Created web app. 5 years of experience.",Web Developer,5,Senior
4377,"Experienced in React, JavaScript, Node.js. Worked on Designed UI. 4 years of experience.",Web Developer,4,Senior
4378,"Experienced in React, CSS, JavaScript. Worked on Designed UI. 2 years of experience.",Web Developer,2,Mid
4379,"Experienced in CSS, Node.js, React. Worked on Designed UI. 5 years of experience.",Web Developer,5,Senior
4380,"Experienced in CSS, HTML, JavaScript. Worked on Created web app. 3 years of experience.",Web Developer,3,Mid
4381,"Experienced in JavaScript, CSS, HTML. Worked on Created web app. 3 years of experience.",Web Developer,3,Mid
4382,"Experienced in CSS, Node.js, JavaScript. Worked on Full-stack project. 3 years of experience.",Web Developer,3,Mid
4383,"Experienced in CSS, Node.js, React. Worked on Created web app. 5 years of experience.",Web Developer,5,Senior
4384,"Experienced in Node.js, React, CSS. Worked on Full-stack project. 0 years of experience.",Web Developer,0,Junior
4385,"Experienced in React, JavaScript, HTML. Worked on Full-stack project. 4 years of experience.",Web Developer,4,Senior
4386,"Experienced in React, CSS, HTML. Worked on Full-stack project. 0 years of experience.",Web Developer,0,Junior
4387,"Experienced in React, CSS, HTML. Worked on Designed UI. 1 years of experience.",Web Developer,1,Junior
4388,"Experienced in React, Node.js, HTML. Worked on Designed UI. 3 years of experience.",Web Developer,3,Mid
4389,"Experienced in Node.js, HTML, JavaScript. Worked on Full-stack project. 5 years of experience.",Web Developer,5,Senior
4390,"Experienced in CSS, Node.js, React. Worked on Full-stack project. 0 years of experience.",Web Developer,0,Junior
4391,"Experienced in HTML, JavaScript, React. Worked on Created web app. 5 years of experience.",Web Developer,5,Senior
4392,"Experienced in HTML, JavaScript, Node.js. Worked on Designed UI. 5 years of experience.",Web Developer,5,Senior
4393,"Experienced in React, JavaScript, HTML. Worked on Created web app. 5 years of experience.",Web Developer,5,Senior
4394,"Experienced in JavaScript, HTML, CSS. Worked on Full-stack project. 0 years of experience.",Web Developer,0,Junior
4395,"Experienced in HTML, React, Node.js. Worked on Full-stack project. 2 years of experience.",Web Developer,2,Mid
4396,"Experienced in JavaScript, Node.js, React. Worked on Full-stack project. 5 years of experience.",Web Developer,5,Senior
4397,"Experienced in React, Node.js, HTML. Worked on Full-stack project. 3 years of experience.",Web Developer,3,Mid
4398,"Experienced in JavaScript, React, Node.js. Worked on Full-stack project. 2 years of experience.",Web Developer,2,Mid
4399,"Experienced in HTML, JavaScript, Node.js. Worked on Full-stack project. 3 years of experience.",Web Developer,3,Mid
4400,"Experienced in HTML, JavaScript, CSS. Worked on Designed UI. 1 years of experience.",Web Developer,1,Junior
4401,"Experienced in CSS, JavaScript, React. Worked on Created web app. 3 years of experience.",Web Developer,3,Mid
4402,"Experienced in Node.js, JavaScript, React. Worked on Full-stack project. 3 years of experience.",Web Developer,3,Mid
4403,"Experienced in JavaScript, HTML, CSS. Worked on Full-stack project. 2 years of experience.",Web Developer,2,Mid
4404,"Experienced in React, HTML, Node.js. Worked on Full-stack project. 1 years of experience.",Web Developer,1,Junior
4405,"Experienced in React, JavaScript, CSS. Worked on Designed UI. 3 years of experience.",Web Developer,3,Mid
4406,"Experienced in CSS, Node.js, HTML. Worked on Full-stack project. 4 years of experience.",Web Developer,4,Senior
4407,"Experienced in React, CSS, Node.js. Worked on Full-stack project. 0 years of experience.",Web Developer,0,Junior
4408,"Experienced in JavaScript, Node.js, React. Worked on Designed UI. 2 years of experience.",Web Developer,2,Mid
4409,"Experienced in Node.js, JavaScript, HTML. Worked on Designed UI. 3 years of experience.",Web Developer,3,Mid
4410,"Experienced in HTML, React, JavaScript. Worked on Created web app. 0 years of experience.",Web Developer,0,Junior
4411,"Experienced in Node.js, HTML, React. Worked on Created web app. 3 years of experience.",Web Developer,3,Mid
4412,"Experienced in HTML, CSS, Node.js. Worked on Designed UI. 3 years of experience.",Web Developer,3,Mid
4413,"Experienced in CSS, HTML, JavaScript. Worked on Designed UI. 3 years of experience.",Web Developer,3,Mid
4414,"Experienced in HTML, React, Node.js. Worked on Full-stack project. 1 years of experience.",Web Developer,1,Junior
4415,"Experienced in CSS, HTML, JavaScript. Worked on Designed UI. 0 years of experience.",Web Developer,0,Junior
4416,"Experienced in React, HTML, Node.js. Worked on Full-stack project. 5 years of experience.",Web Developer,5,Senior
4417,"Experienced in CSS, JavaScript, Node.js. Worked on Full-stack project. 3 years of experience.",Web Developer,3,Mid
4418,"Experienced in HTML, React, CSS. Worked on Full-stack project. 5 years of experience.",Web Developer,5,Senior
4419,"Experienced in CSS, HTML, Node.js. Worked on Full-stack project. 2 years of experience.",Web Developer,2,Mid
4420,"Experienced in JavaScript, CSS, Node.js. Worked on Designed UI. 0 years of experience.",Web Developer,0,Junior
4421,"Experienced in CSS, JavaScript, HTML. Worked on Created web app. 5 years of experience.",Web Developer,5,Senior
4422,"Experienced in React, Node.js, JavaScript. Worked on Created web app. 5 years of experience.",Web Developer,5,Senior
4423,"Experienced in Node.js, React, CSS. Worked on Designed UI. 1 years of experience.",Web Developer,1,Junior
4424,"Experienced in React, HTML, Node.js. Worked on Created web app. 0 years of experience.",Web Developer,0,Junior
4425,"Experienced in Node.js, HTML, React. Worked on Designed UI. 2 years of experience.",Web Developer,2,Mid
4426,"Experienced in JavaScript, React, HTML. Worked on Created web app. 3 years of experience.",Web Developer,3,Mid
4427,"Experienced in CSS, JavaScript, React. Worked on Designed UI. 3 years of experience.",Web Developer,3,Mid
4428,"Experienced in JavaScript, HTML, CSS. Worked on Designed UI. 2 years of experience.",Web Developer,2,Mid
4429,"Experienced in React, Node.js, HTML. Worked on Created web app. 1 years of experience.",Web Developer,1,Junior
4430,"Experienced in React, JavaScript, Node.js. Worked on Created web app. 4 years of experience.",Web Developer,4,Senior
4431,"Experienced in JavaScript, HTML, CSS. Worked on Designed UI. 5 years of experience.",Web Developer,5,Senior
4432,"Experienced in JavaScript, Node.js, CSS. Worked on Created web app. 4 years of experience.",Web Developer,4,Senior
4433,"Experienced in CSS, JavaScript, React. Worked on Designed UI. 5 years of experience.",Web Developer,5,Senior
4434,"Experienced in CSS, JavaScript, HTML. Worked on Full-stack project. 5 years of experience.",Web Developer,5,Senior
4435,"Experienced in JavaScript, HTML, CSS. Worked on Created web app. 5 years of experience.",Web Developer,5,Senior
4436,"Experienced in HTML, JavaScript, CSS. Worked on Full-stack project. 4 years of experience.",Web Developer,4,Senior
4437,"Experienced in HTML, JavaScript, CSS. Worked on Full-stack project. 0 years of experience.",Web Developer,0,Junior
4438,"Experienced in Node.js, CSS, JavaScript. Worked on Created web app. 5 years of experience.",Web Developer,5,Senior
4439,"Experienced in React, Node.js, JavaScript. Worked on Created web app. 4 years of experience.",Web Developer,4,Senior
4440,"Experienced in React, HTML, CSS. Worked on Designed UI. 5 years of experience.",Web Developer,5,Senior
4441,"Experienced in JavaScript, CSS, Node.js. Worked on Full-stack project. 4 years of experience.",Web Developer,4,Senior
4442,"Experienced in HTML, JavaScript, CSS. Worked on Created web app. 1 years of experience.",Web Developer,1,Junior
4443,"Experienced in JavaScript, HTML, React. Worked on Created web app. 2 years of experience.",Web Developer,2,Mid
4444,"Experienced in JavaScript, CSS, React. Worked on Full-stack project. 2 years of experience.",Web Developer,2,Mid
4445,"Experienced in CSS, Node.js, JavaScript. Worked on Created web app. 2 years of experience.",Web Developer,2,Mid
4446,"Experienced in Node.js, CSS, JavaScript. Worked on Full-stack project. 0 years of experience.",Web Developer,0,Junior
4447,"Experienced in HTML, JavaScript, React. Worked on Designed UI. 2 years of experience.",Web Developer,2,Mid
4448,"Experienced in JavaScript, React, HTML. Worked on Full-stack project. 1 years of experience.",Web Developer,1,Junior
4449,"Experienced in HTML, Node.js, React. Worked on Designed UI. 2 years of experience.",Web Developer,2,Mid
4450,"Experienced in JavaScript, CSS, HTML. Worked on Created web app. 0 years of experience.",Web Developer,0,Junior
4451,"Experienced in HTML, JavaScript, CSS. Worked on Full-stack project. 2 years of experience.",Web Developer,2,Mid
4452,"Experienced in React, JavaScript, HTML. Worked on Designed UI. 2 years of experience.",Web Developer,2,Mid
4453,"Experienced in React, HTML, JavaScript. Worked on Created web app. 5 years of experience.",Web Developer,5,Senior
4454,"Experienced in HTML, Node.js, JavaScript. Worked on Full-stack project. 2 years of experience.",Web Developer,2,Mid
4455,"Experienced in React, HTML, JavaScript. Worked on Full-stack project. 0 years of experience.",Web Developer,0,Junior
4456,"Experienced in React, Node.js, HTML. Worked on Created web app. 1 years of experience.",Web Developer,1,Junior
4457,"Experienced in CSS, React, Node.js. Worked on Full-stack project. 2 years of experience.",Web Developer,2,Mid
4458,"Experienced in JavaScript, HTML, React. Worked on Created web app. 2 years of experience.",Web Developer,2,Mid
4459,"Experienced in JavaScript, React, CSS. Worked on Designed UI. 0 years of experience.",Web Developer,0,Junior
4460,"Experienced in HTML, JavaScript, Node.js. Worked on Full-stack project. 2 years of experience.",Web Developer,2,Mid
4461,"Experienced in HTML, JavaScript, Node.js. Worked on Created web app. 5 years of experience.",Web Developer,5,Senior
4462,"Experienced in CSS, React, JavaScript. Worked on Created web app. 1 years of experience.",Web Developer,1,Junior
4463,"Experienced in React, Node.js, CSS. Worked on Designed UI. 1 years of experience.",Web Developer,1,Junior
4464,"Experienced in Node.js, CSS, JavaScript. Worked on Full-stack project. 2 years of experience.",Web Developer,2,Mid
4465,"Experienced in JavaScript, CSS, HTML. Worked on Created web app. 4 years of experience.",Web Developer,4,Senior
4466,"Experienced in HTML, React, CSS. Worked on Full-stack project. 2 years of experience.",Web Developer,2,Mid
4467,"Experienced in CSS, JavaScript, React. Worked on Created web app. 3 years of experience.",Web Developer,3,Mid
4468,"Experienced in Node.js, React, HTML. Worked on Full-stack project. 5 years of experience.",Web Developer,5,Senior
4469,"Experienced in React, HTML, Node.js. Worked on Created web app. 4 years of experience.",Web Developer,4,Senior
4470,"Experienced in HTML, Node.js, CSS. Worked on Designed UI. 4 years of experience.",Web Developer,4,Senior
4471,"Experienced in CSS, HTML, JavaScript. Worked on Created web app. 0 years of experience.",Web Developer,0,Junior
4472,"Experienced in HTML, CSS, React. Worked on Created web app. 5 years of experience.",Web Developer,5,Senior
4473,"Experienced in CSS, HTML, JavaScript. Worked on Created web app. 5 years of experience.",Web Developer,5,Senior
4474,"Experienced in HTML, CSS, React. Worked on Designed UI. 3 years of experience.",Web Developer,3,Mid
4475,"Experienced in HTML, React, Node.js. Worked on Designed UI. 0 years of experience.",Web Developer,0,Junior
4476,"Experienced in HTML, Node.js, React. Worked on Created web app. 3 years of experience.",Web Developer,3,Mid
4477,"Experienced in Node.js, CSS, HTML. Worked on Full-stack project. 2 years of experience.",Web Developer,2,Mid
4478,"Experienced in CSS, HTML, Node.js. Worked on Designed UI. 3 years of experience.",Web Developer,3,Mid
4479,"Experienced in Node.js, JavaScript, CSS. Worked on Full-stack project. 5 years of experience.",Web Developer,5,Senior
4480,"Experienced in HTML, JavaScript, React. Worked on Full-stack project. 1 years of experience.",Web Developer,1,Junior
4481,"Experienced in JavaScript, CSS, Node.js. Worked on Designed UI. 4 years of experience.",Web Developer,4,Senior
4482,"Experienced in CSS, React, Node.js. Worked on Designed UI. 3 years of experience.",Web Developer,3,Mid
4483,"Experienced in HTML, Node.js, JavaScript. Worked on Created web app. 3 years of experience.",Web Developer,3,Mid
4484,"Experienced in React, CSS, HTML. Worked on Created web app. 5 years of experience.",Web Developer,5,Senior
4485,"Experienced in HTML, JavaScript, Node.js. Worked on Full-stack project. 0 years of experience.",Web Developer,0,Junior
4486,"Experienced in JavaScript, Node.js, React. Worked on Full-stack project. 4 years of experience.",Web Developer,4,Senior
4487,"Experienced in Node.js, CSS, React. Worked on Designed UI. 3 years of experience.",Web Developer,3,Mid
4488,"Experienced in CSS, HTML, JavaScript. Worked on Full-stack project. 3 years of experience.",Web Developer,3,Mid
4489,"Experienced in HTML, React, CSS. Worked on Designed UI. 1 years of experience.",Web Developer,1,Junior
4490,"Experienced in CSS, JavaScript, Node.js. Worked on Designed UI. 1 years of experience.",Web Developer,1,Junior
4491,"Experienced in Node.js, HTML, CSS. Worked on Created web app. 4 years of experience.",Web Developer,4,Senior
4492,"Experienced in JavaScript, React, Node.js. Worked on Full-stack project. 2 years of experience.",Web Developer,2,Mid
4493,"Experienced in CSS, JavaScript, React. Worked on Designed UI. 4 years of experience.",Web Developer,4,Senior
4494,"Experienced in JavaScript, React, Node.js. Worked on Full-stack project. 2 years of experience.",Web Developer,2,Mid
4495,"Experienced in Node.js, CSS, React. Worked on Full-stack project. 0 years of experience.",Web Developer,0,Junior
4496,"Experienced in Node.js, JavaScript, HTML. Worked on Full-stack project. 4 years of experience.",Web Developer,4,Senior
4497,"Experienced in HTML, CSS, React. Worked on Full-stack project. 2 years of experience.",Web Developer,2,Mid
4498,"Experienced in HTML, JavaScript, CSS. Worked on Created web app. 1 years of experience.",Web Developer,1,Junior
4499,"Experienced in JavaScript, CSS, Node.js. Worked on Full-stack project. 1 years of experience.",Web Developer,1,Junior
4500,"Experienced in HTML, CSS, Node.js. Worked on Designed UI. 1 years of experience.",Web Developer,1,Junior
4501,"Experienced in CI/CD, Linux, AWS. Worked on CI/CD pipeline. 3 years of experience.",DevOps Engineer,3,Mid
4502,"Experienced in Kubernetes, CI/CD, Linux. Worked on CI/CD pipeline. 4 years of experience.",DevOps Engineer,4,Senior
4503,"Experienced in Kubernetes, AWS, Linux. Worked on CI/CD pipeline. 4 years of experience.",DevOps Engineer,4,Senior
4504,"Experienced in CI/CD, Kubernetes, Linux. Worked on CI/CD pipeline. 2 years of experience.",DevOps Engineer,2,Mid
4505,"Experienced in AWS, CI/CD, Docker. Worked on Cloud deployment. 0 years of experience.",DevOps Engineer,0,Junior
4506,"Experienced in Linux, CI/CD, Kubernetes. Worked on Cloud deployment. 0 years of experience.",DevOps Engineer,0,Junior
4507,"Experienced in Kubernetes, Docker, AWS. Worked on Cloud deployment. 5 years of experience.",DevOps Engineer,5,Senior
4508,"Experienced in AWS, Docker, Kubernetes. Worked on Cloud deployment. 0 years of experience.",DevOps Engineer,0,Junior
4509,"Experienced in CI/CD, Kubernetes, Linux. Worked on Cloud deployment. 4 years of experience.",DevOps Engineer,4,Senior
4510,"Experienced in CI/CD, Linux, Kubernetes. Worked on Containerized app. 5 years of experience.",DevOps Engineer,5,Senior
4511,"Experienced in Docker, CI/CD, Linux. Worked on Containerized app. 4 years of experience.",DevOps Engineer,4,Senior
4512,"Experienced in CI/CD, Kubernetes, Linux. Worked on CI/CD pipeline. 3 years of experience.",DevOps Engineer,3,Mid
4513,"Experienced in Kubernetes, CI/CD, Docker. Worked on Cloud deployment. 3 years of experience.",DevOps Engineer,3,Mid
4514,"Experienced in CI/CD, Linux, Docker. Worked on Cloud deployment. 5 years of experience.",DevOps Engineer,5,Senior
4515,"Experienced in CI/CD, Linux, Kubernetes. Worked on CI/CD pipeline. 3 years of experience.",DevOps Engineer,3,Mid
4516,"Experienced in Kubernetes, CI/CD, Docker. Worked on CI/CD pipeline. 0 years of experience.",DevOps Engineer,0,Junior
4517,"Experienced in Linux, Docker, Kubernetes. Worked on Containerized app. 5 years of experience.",DevOps Engineer,5,Senior
4518,"Experienced in CI/CD, Kubernetes, Linux. Worked on CI/CD pipeline. 1 years of experience.",DevOps Engineer,1,Junior
4519,"Experienced in AWS, Linux, CI/CD. Worked on Cloud deployment. 0 years of experience.",DevOps Engineer,0,Junior
4520,"Experienced in Kubernetes, Docker, Linux. Worked on Cloud deployment. 1 years of experience.",DevOps Engineer,1,Junior
4521,"Experienced in Docker, Kubernetes, AWS. Worked on Containerized app. 1 years of experience.",DevOps Engineer,1,Junior
4522,"Experienced in CI/CD, Docker, AWS. Worked on Containerized app. 3 years of experience.",DevOps Engineer,3,Mid
4523,"Experienced in Kubernetes, Linux, AWS. Worked on Containerized app. 2 years of experience.",DevOps Engineer,2,Mid
4524,"Experienced in Linux, AWS, CI/CD. Worked on Cloud deployment. 3 years of experience.",DevOps Engineer,3,Mid
4525,"Experienced in AWS, Linux, Kubernetes. Worked on Containerized app. 2 years of experience.",DevOps Engineer,2,Mid
4526,"Experienced in Docker, CI/CD, AWS. Worked on CI/CD pipeline. 4 years of experience.",DevOps Engineer,4,Senior
4527,"Experienced in Docker, Linux, AWS. Worked on CI/CD pipeline. 5 years of experience.",DevOps Engineer,5,Senior
4528,"Experienced in AWS, CI/CD, Kubernetes. Worked on Cloud deployment. 5 years of experience.",DevOps Engineer,5,Senior
4529,"Experienced in AWS, Kubernetes, CI/CD. Worked on CI/CD pipeline. 3 years of experience.",DevOps Engineer,3,Mid
4530,"Experienced in Docker, Kubernetes, CI/CD. Worked on CI/CD pipeline. 2 years of experience.",DevOps Engineer,2,Mid
4531,"Experienced in CI/CD, Kubernetes, Linux. Worked on CI/CD pipeline. 5 years of experience.",DevOps Engineer,5,Senior
4532,"Experienced in CI/CD, Kubernetes, Docker. Worked on Containerized app. 4 years of experience.",DevOps Engineer,4,Senior
4533,"Experienced in Docker, Linux, CI/CD. Worked on Cloud deployment. 4 years of experience.",DevOps Engineer,4,Senior
4534,"Experienced in Docker, CI/CD, AWS. Worked on CI/CD pipeline. 1 years of experience.",DevOps Engineer,1,Junior
4535,"Experienced in AWS, CI/CD, Docker. Worked on Cloud deployment. 0 years of experience.",DevOps Engineer,0,Junior
4536,"Experienced in Docker, Kubernetes, AWS. Worked on CI/CD pipeline. 0 years of experience.",DevOps Engineer,0,Junior
4537,"Experienced in Docker, CI/CD, AWS. Worked on CI/CD pipeline. 2 years of experience.",DevOps Engineer,2,Mid
4538,"Experienced in Kubernetes, Docker, CI/CD. Worked on CI/CD pipeline. 4 years of experience.",DevOps Engineer,4,Senior
4539,"Experienced in AWS, Linux, CI/CD. Worked on Cloud deployment. 4 years of experience.",DevOps Engineer,4,Senior
4540,"Experienced in CI/CD, Docker, AWS. Worked on CI/CD pipeline. 0 years of experience.",DevOps Engineer,0,Junior
4541,"Experienced in CI/CD, AWS, Docker. Worked on CI/CD pipeline. 5 years of experience.",DevOps Engineer,5,Senior
4542,"Experienced in CI/CD, Kubernetes, Docker. Worked on Cloud deployment. 2 years of experience.",DevOps Engineer,2,Mid
4543,"Experienced in Kubernetes, AWS, Linux. Worked on CI/CD pipeline. 2 years of experience.",DevOps Engineer,2,Mid
4544,"Experienced in Docker, CI/CD, AWS. Worked on CI/CD pipeline. 4 years of experience.",DevOps Engineer,4,Senior
4545,"Experienced in Docker, Linux, CI/CD. Worked on Cloud deployment. 2 years of experience.",DevOps Engineer,2,Mid
4546,"Experienced in Kubernetes, AWS, Docker. Worked on CI/CD pipeline. 1 years of experience.",DevOps Engineer,1,Junior
4547,"Experienced in AWS, CI/CD, Docker. Worked on Cloud deployment. 0 years of experience.",DevOps Engineer,0,Junior
4548,"Experienced in CI/CD, Kubernetes, Docker. Worked on Cloud deployment. 1 years of experience.",DevOps Engineer,1,Junior
4549,"Experienced in Linux, CI/CD, Kubernetes. Worked on CI/CD pipeline. 4 years of experience.",DevOps Engineer,4,Senior
4550,"Experienced in Kubernetes, AWS, CI/CD. Worked on CI/CD pipeline. 4 years of experience.",DevOps Engineer,4,Senior
4551,"Experienced in Kubernetes, CI/CD, Docker. Worked on Cloud deployment. 0 years of experience.",DevOps Engineer,0,Junior
4552,"Experienced in Linux, Docker, CI/CD. Worked on Cloud deployment. 0 years of experience.",DevOps Engineer,0,Junior
4553,"Experienced in Docker, Kubernetes, AWS. Worked on Containerized app. 4 years of experience.",DevOps Engineer,4,Senior
4554,"Experienced in CI/CD, Kubernetes, Docker. Worked on Cloud deployment. 2 years of experience.",DevOps Engineer,2,Mid
4555,"Experienced in CI/CD, Kubernetes, Linux. Worked on Cloud deployment. 5 years of experience.",DevOps Engineer,5,Senior
4556,"Experienced in AWS, Kubernetes, Linux. Worked on CI/CD pipeline. 0 years of experience.",DevOps Engineer,0,Junior
4557,"Experienced in AWS, Linux, Docker. Worked on Containerized app. 3 years of experience.",DevOps Engineer,3,Mid
4558,"Experienced in Docker, CI/CD, AWS. Worked on Containerized app. 3 years of experience.",DevOps Engineer,3,Mid
4559,"Experienced in Linux, Kubernetes, CI/CD. Worked on CI/CD pipeline. 3 years of experience.",DevOps Engineer,3,Mid
4560,"Experienced in Kubernetes, CI/CD, Docker. Worked on CI/CD pipeline. 1 years of experience.",DevOps Engineer,1,Junior
4561,"Experienced in Linux, CI/CD, Docker. Worked on CI/CD pipeline. 3 years of experience.",DevOps Engineer,3,Mid
4562,"Experienced in AWS, Docker, CI/CD. Worked on Cloud deployment. 2 years of experience.",DevOps Engineer,2,Mid
4563,"Experienced in Docker, AWS, Linux. Worked on Containerized app. 3 years of experience.",DevOps Engineer,3,Mid
4564,"Experienced in Docker, Kubernetes, CI/CD. Worked on CI/CD pipeline. 1 years of experience.",DevOps Engineer,1,Junior
4565,"Experienced in AWS, Docker, Kubernetes. Worked on Containerized app. 5 years of experience.",DevOps Engineer,5,Senior
4566,"Experienced in Linux, Kubernetes, CI/CD. Worked on CI/CD pipeline. 2 years of experience.",DevOps Engineer,2,Mid
4567,"Experienced in CI/CD, AWS, Kubernetes. Worked on Cloud deployment. 0 years of experience.",DevOps Engineer,0,Junior
4568,"Experienced in Kubernetes, AWS, Linux. Worked on CI/CD pipeline. 5 years of experience.",DevOps Engineer,5,Senior
4569,"Experienced in Kubernetes, AWS, CI/CD. Worked on Cloud deployment. 1 years of experience.",DevOps Engineer,1,Junior
4570,"Experienced in Docker, Linux, CI/CD. Worked on Cloud deployment. 1 years of experience.",DevOps Engineer,1,Junior
4571,"Experienced in Kubernetes, Linux, Docker. Worked on CI/CD pipeline. 0 years of experience.",DevOps Engineer,0,Junior
4572,"Experienced in Linux, AWS, Docker. Worked on Containerized app. 2 years of experience.",DevOps Engineer,2,Mid
4573,"Experienced in AWS, Kubernetes, CI/CD. Worked on Containerized app. 1 years of experience.",DevOps Engineer,1,Junior
4574,"Experienced in Kubernetes, AWS, Linux. Worked on CI/CD pipeline. 1 years of experience.",DevOps Engineer,1,Junior
4575,"Experienced in Docker, Kubernetes, CI/CD. Worked on Cloud deployment. 2 years of experience.",DevOps Engineer,2,Mid
4576,"Experienced in Linux, Docker, CI/CD. Worked on Cloud deployment. 1 years of experience.",DevOps Engineer,1,Junior
4577,"Experienced in CI/CD, Docker, Linux. Worked on Containerized app. 4 years of experience.",DevOps Engineer,4,Senior
4578,"Experienced in Docker, AWS, Kubernetes. Worked on Containerized app. 4 years of experience.",DevOps Engineer,4,Senior
4579,"Experienced in AWS, Kubernetes, Linux. Worked on CI/CD pipeline. 4 years of experience.",DevOps Engineer,4,Senior
4580,"Experienced in CI/CD, Linux, Kubernetes. Worked on CI/CD pipeline. 0 years of experience.",DevOps Engineer,0,Junior
4581,"Experienced in Linux, AWS, CI/CD. Worked on Cloud deployment. 1 years of experience.",DevOps Engineer,1,Junior
4582,"Experienced in AWS, CI/CD, Docker. Worked on CI/CD pipeline. 4 years of experience.",DevOps Engineer,4,Senior
4583,"Experienced in Kubernetes, Docker, Linux. Worked on Cloud deployment. 0 years of experience.",DevOps Engineer,0,Junior
4584,"Experienced in AWS, Docker, Linux. Worked on Containerized app. 2 years of experience.",DevOps Engineer,2,Mid
4585,"Experienced in CI/CD, Docker, Linux. Worked on CI/CD pipeline. 5 years of experience.",DevOps Engineer,5,Senior
4586,"Experienced in AWS, Kubernetes, Linux. Worked on CI/CD pipeline. 4 years of experience.",DevOps Engineer,4,Senior
4587,"Experienced in CI/CD, Docker, AWS. Worked on CI/CD pipeline. 0 years of experience.",DevOps Engineer,0,Junior
4588,"Experienced in CI/CD, Kubernetes, AWS. Worked on Containerized app. 0 years of experience.",DevOps Engineer,0,Junior
4589,"Experienced in CI/CD, Kubernetes, Docker. Worked on CI/CD pipeline. 2 years of experience.",DevOps Engineer,2,Mid
4590,"Experienced in AWS, Linux, Kubernetes. Worked on CI/CD pipeline. 0 years of experience.",DevOps Engineer,0,Junior
4591,"Experienced in CI/CD, AWS, Docker. Worked on Cloud deployment. 2 years of experience.",DevOps Engineer,2,Mid
4592,"Experienced in Kubernetes, CI/CD, Linux. Worked on Cloud deployment. 4 years of experience.",DevOps Engineer,4,Senior
4593,"Experienced in Linux, Docker, AWS. Worked on Containerized app. 4 years of experience.",DevOps Engineer,4,Senior
4594,"Experienced in Linux, Kubernetes, AWS. Worked on CI/CD pipeline. 1 years of experience.",DevOps Engineer,1,Junior
4595,"Experienced in Kubernetes, Docker, Linux. Worked on CI/CD pipeline. 0 years of experience.",DevOps Engineer,0,Junior
4596,"Experienced in Docker, AWS, CI/CD. Worked on Containerized app. 0 years of experience.",DevOps Engineer,0,Junior
4597,"Experienced in Kubernetes, CI/CD, Docker. Worked on Containerized app. 2 years of experience.",DevOps Engineer,2,Mid
4598,"Experienced in Docker, AWS, Linux. Worked on Cloud deployment. 5 years of experience.",DevOps Engineer,5,Senior
4599,"Experienced in Linux, Docker, Kubernetes. Worked on CI/CD pipeline. 4 years of experience.",DevOps Engineer,4,Senior
4600,"Experienced in Docker, Linux, Kubernetes. Worked on Containerized app. 4 years of experience.",DevOps Engineer,4,Senior
4601,"Experienced in Linux, CI/CD, Kubernetes. Worked on CI/CD pipeline. 2 years of experience.",DevOps Engineer,2,Mid
4602,"Experienced in CI/CD, Docker, Kubernetes. Worked on CI/CD pipeline. 3 years of experience.",DevOps Engineer,3,Mid
4603,"Experienced in Docker, Kubernetes, AWS. Worked on Cloud deployment. 2 years of experience.",DevOps Engineer,2,Mid
4604,"Experienced in AWS, CI/CD, Docker. Worked on Containerized app. 3 years of experience.",DevOps Engineer,3,Mid
4605,"Experienced in Docker, CI/CD, Linux. Worked on CI/CD pipeline. 1 years of experience.",DevOps Engineer,1,Junior
4606,"Experienced in Kubernetes, CI/CD, Linux. Worked on Containerized app. 0 years of experience.",DevOps Engineer,0,Junior
4607,"Experienced in CI/CD, AWS, Kubernetes. Worked on Containerized app. 5 years of experience.",DevOps Engineer,5,Senior
4608,"Experienced in Docker, Kubernetes, AWS. Worked on Cloud deployment. 2 years of experience.",DevOps Engineer,2,Mid
4609,"Experienced in AWS, CI/CD, Linux. Worked on Containerized app. 3 years of experience.",DevOps Engineer,3,Mid
4610,"Experienced in Linux, Docker, Kubernetes. Worked on Cloud deployment. 5 years of experience.",DevOps Engineer,5,Senior
4611,"Experienced in AWS, Linux, Kubernetes. Worked on CI/CD pipeline. 4 years of experience.",DevOps Engineer,4,Senior
4612,"Experienced in AWS, CI/CD, Kubernetes. Worked on Cloud deployment. 5 years of experience.",DevOps Engineer,5,Senior
4613,"Experienced in CI/CD, Linux, AWS. Worked on Containerized app. 5 years of experience.",DevOps Engineer,5,Senior
4614,"Experienced in Linux, AWS, Docker. Worked on Cloud deployment. 2 years of experience.",DevOps Engineer,2,Mid
4615,"Experienced in Linux, AWS, Kubernetes. Worked on CI/CD pipeline. 3 years of experience.",DevOps Engineer,3,Mid
4616,"Experienced in Linux, Docker, Kubernetes. Worked on Containerized app. 2 years of experience.",DevOps Engineer,2,Mid
4617,"Experienced in Kubernetes, Linux, CI/CD. Worked on Containerized app. 3 years of experience.",DevOps Engineer,3,Mid
4618,"Experienced in Kubernetes, Docker, CI/CD. Worked on Cloud deployment. 3 years of experience.",DevOps Engineer,3,Mid
4619,"Experienced in Linux, CI/CD, Kubernetes. Worked on Containerized app. 5 years of experience.",DevOps Engineer,5,Senior
4620,"Experienced in Docker, AWS, Linux. Worked on Cloud deployment. 3 years of experience.",DevOps Engineer,3,Mid
4621,"Experienced in CI/CD, Linux, Kubernetes. Worked on Containerized app. 1 years of experience.",DevOps Engineer,1,Junior
4622,"Experienced in Linux, Kubernetes, CI/CD. Worked on CI/CD pipeline. 1 years of experience.",DevOps Engineer,1,Junior
4623,"Experienced in AWS, Kubernetes, Docker. Worked on Containerized app. 0 years of experience.",DevOps Engineer,0,Junior
4624,"Experienced in CI/CD, Linux, Kubernetes. Worked on CI/CD pipeline. 0 years of experience.",DevOps Engineer,0,Junior
4625,"Experienced in Docker, Linux, CI/CD. Worked on Containerized app. 2 years of experience.",DevOps Engineer,2,Mid
4626,"Experienced in Kubernetes, Docker, AWS. Worked on Containerized app. 0 years of experience.",DevOps Engineer,0,Junior
4627,"Experienced in AWS, Docker, Linux. Worked on Cloud deployment. 4 years of experience.",DevOps Engineer,4,Senior
4628,"Experienced in Linux, Kubernetes, CI/CD. Worked on Cloud deployment. 3 years of experience.",DevOps Engineer,3,Mid
4629,"Experienced in Kubernetes, Linux, CI/CD. Worked on CI/CD pipeline. 2 years of experience.",DevOps Engineer,2,Mid
4630,"Experienced in Linux, CI/CD, Kubernetes. Worked on Containerized app. 5 years of experience.",DevOps Engineer,5,Senior
4631,"Experienced in AWS, Docker, Linux. Worked on Cloud deployment. 2 years of experience.",DevOps Engineer,2,Mid
4632,"Experienced in CI/CD, Linux, Docker. Worked on Cloud deployment. 1 years of experience.",DevOps Engineer,1,Junior
4633,"Experienced in Docker, CI/CD, AWS. Worked on CI/CD pipeline. 2 years of experience.",DevOps Engineer,2,Mid
4634,"Experienced in AWS, CI/CD, Linux. Worked on Cloud deployment. 3 years of experience.",DevOps Engineer,3,Mid
4635,"Experienced in AWS, Kubernetes, Linux. Worked on CI/CD pipeline. 0 years of experience.",DevOps Engineer,0,Junior
4636,"Experienced in Docker, Linux, Kubernetes. Worked on Containerized app. 4 years of experience.",DevOps Engineer,4,Senior
4637,"Experienced in CI/CD, AWS, Kubernetes. Worked on Containerized app. 1 years of experience.",DevOps Engineer,1,Junior
4638,"Experienced in AWS, Kubernetes, CI/CD. Worked on Cloud deployment. 4 years of experience.",DevOps Engineer,4,Senior
4639,"Experienced in Kubernetes, AWS, Linux. Worked on Containerized app. 0 years of experience.",DevOps Engineer,0,Junior
4640,"Experienced in Docker, Linux, Kubernetes. Worked on Cloud deployment. 5 years of experience.",DevOps Engineer,5,Senior
4641,"Experienced in Docker, Kubernetes, CI/CD. Worked on Containerized app. 1 years of experience.",DevOps Engineer,1,Junior
4642,"Experienced in Kubernetes, Linux, CI/CD. Worked on Cloud deployment. 0 years of experience.",DevOps Engineer,0,Junior
4643,"Experienced in Linux, AWS, Docker. Worked on Containerized app. 4 years of experience.",DevOps Engineer,4,Senior
4644,"Experienced in Kubernetes, Docker, Linux. Worked on Containerized app. 3 years of experience.",DevOps Engineer,3,Mid
4645,"Experienced in CI/CD, Linux, Kubernetes. Worked on CI/CD pipeline. 3 years of experience.",DevOps Engineer,3,Mid
4646,"Experienced in Linux, Kubernetes, Docker. Worked on Cloud deployment. 1 years of experience.",DevOps Engineer,1,Junior
4647,"Experienced in Linux, Kubernetes, CI/CD. Worked on Containerized app. 4 years of experience.",DevOps Engineer,4,Senior
4648,"Experienced in Linux, CI/CD, Kubernetes. Worked on CI/CD pipeline. 3 years of experience.",DevOps Engineer,3,Mid
4649,"Experienced in Docker, CI/CD, Linux. Worked on CI/CD pipeline. 5 years of experience.",DevOps Engineer,5,Senior
4650,"Experienced in AWS, Linux, Kubernetes. Worked on Containerized app. 2 years of experience.",DevOps Engineer,2,Mid
4651,"Experienced in Linux, Kubernetes, AWS. Worked on Cloud deployment. 0 years of experience.",DevOps Engineer,0,Junior
4652,"Experienced in CI/CD, Docker, AWS. Worked on Cloud deployment. 3 years of experience.",DevOps Engineer,3,Mid
4653,"Experienced in Docker, Linux, Kubernetes. Worked on Cloud deployment. 3 years of experience.",DevOps Engineer,3,Mid
4654,"Experienced in Kubernetes, CI/CD, Docker. Worked on Cloud deployment. 0 years of experience.",DevOps Engineer,0,Junior
4655,"Experienced in Docker, Linux, Kubernetes. Worked on Containerized app. 2 years of experience.",DevOps Engineer,2,Mid
4656,"Experienced in Docker, AWS, CI/CD. Worked on CI/CD pipeline. 5 years of experience.",DevOps Engineer,5,Senior
4657,"Experienced in Linux, Kubernetes, AWS. Worked on Cloud deployment. 3 years of experience.",DevOps Engineer,3,Mid
4658,"Experienced in Docker, Kubernetes, Linux. Worked on Cloud deployment. 5 years of experience.",DevOps Engineer,5,Senior
4659,"Experienced in Docker, Linux, AWS. Worked on Containerized app. 5 years of experience.",DevOps Engineer,5,Senior
4660,"Experienced in Linux, AWS, CI/CD. Worked on Cloud deployment. 0 years of experience.",DevOps Engineer,0,Junior
4661,"Experienced in Docker, Kubernetes, CI/CD. Worked on Containerized app. 5 years of experience.",DevOps Engineer,5,Senior
4662,"Experienced in Kubernetes, CI/CD, Docker. Worked on Containerized app. 4 years of experience.",DevOps Engineer,4,Senior
4663,"Experienced in CI/CD, Docker, Linux. Worked on Containerized app. 5 years of experience.",DevOps Engineer,5,Senior
4664,"Experienced in Kubernetes, CI/CD, Docker. Worked on Cloud deployment. 0 years of experience.",DevOps Engineer,0,Junior
4665,"Experienced in Linux, Kubernetes, AWS. Worked on Cloud deployment. 0 years of experience.",DevOps Engineer,0,Junior
4666,"Experienced in Docker, Kubernetes, Linux. Worked on CI/CD pipeline. 1 years of experience.",DevOps Engineer,1,Junior
4667,"Experienced in CI/CD, AWS, Linux. Worked on CI/CD pipeline. 4 years of experience.",DevOps Engineer,4,Senior
4668,"Experienced in Docker, Linux, Kubernetes. Worked on Cloud deployment. 5 years of experience.",DevOps Engineer,5,Senior
4669,"Experienced in Docker, Linux, Kubernetes. Worked on Cloud deployment. 2 years of experience.",DevOps Engineer,2,Mid
4670,"Experienced in AWS, Kubernetes, Docker. Worked on Containerized app. 5 years of experience.",DevOps Engineer,5,Senior
4671,"Experienced in Kubernetes, CI/CD, Docker. Worked on CI/CD pipeline. 2 years of experience.",DevOps Engineer,2,Mid
4672,"Experienced in Kubernetes, Docker, Linux. Worked on Cloud deployment. 2 years of experience.",DevOps Engineer,2,Mid
4673,"Experienced in AWS, Linux, Docker. Worked on Cloud deployment. 5 years of experience.",DevOps Engineer,5,Senior
4674,"Experienced in AWS, CI/CD, Kubernetes. Worked on CI/CD pipeline. 3 years of experience.",DevOps Engineer,3,Mid
4675,"Experienced in Kubernetes, Docker, CI/CD. Worked on Cloud deployment. 0 years of experience.",DevOps Engineer,0,Junior
4676,"Experienced in Kubernetes, AWS, CI/CD. Worked on Containerized app. 2 years of experience.",DevOps Engineer,2,Mid
4677,"Experienced in AWS, Docker, Kubernetes. Worked on Cloud deployment. 5 years of experience.",DevOps Engineer,5,Senior
4678,"Experienced in CI/CD, Linux, AWS. Worked on CI/CD pipeline. 3 years of experience.",DevOps Engineer,3,Mid
4679,"Experienced in Docker, Kubernetes, Linux. Worked on CI/CD pipeline. 4 years of experience.",DevOps Engineer,4,Senior
4680,"Experienced in AWS, Docker, Linux. Worked on CI/CD pipeline. 5 years of experience.",DevOps Engineer,5,Senior
4681,"Experienced in Docker, AWS, CI/CD. Worked on Containerized app. 4 years of experience.",DevOps Engineer,4,Senior
4682,"Experienced in AWS, CI/CD, Linux. Worked on Cloud deployment. 2 years of experience.",DevOps Engineer,2,Mid
4683,"Experienced in Docker, Kubernetes, Linux. Worked on Cloud deployment. 1 years of experience.",DevOps Engineer,1,Junior
4684,"Experienced in CI/CD, Linux, Kubernetes. Worked on Cloud deployment. 4 years of experience.",DevOps Engineer,4,Senior
4685,"Experienced in Kubernetes, Docker, CI/CD. Worked on CI/CD pipeline. 3 years of experience.",DevOps Engineer,3,Mid
4686,"Experienced in Docker, Linux, AWS. Worked on Containerized app. 3 years of experience.",DevOps Engineer,3,Mid
4687,"Experienced in Linux, Docker, Kubernetes. Worked on CI/CD pipeline. 4 years of experience.",DevOps Engineer,4,Senior
4688,"Experienced in Kubernetes, AWS, Linux. Worked on Containerized app. 4 years of experience.",DevOps Engineer,4,Senior
4689,"Experienced in CI/CD, Kubernetes, Docker. Worked on CI/CD pipeline. 1 years of experience.",DevOps Engineer,1,Junior
4690,"Experienced in AWS, Kubernetes, Linux. Worked on Containerized app. 1 years of experience.",DevOps Engineer,1,Junior
4691,"Experienced in AWS, Docker, Linux. Worked on Containerized app. 2 years of experience.",DevOps Engineer,2,Mid
4692,"Experienced in AWS, Kubernetes, Docker. Worked on Containerized app. 3 years of experience.",DevOps Engineer,3,Mid
4693,"Experienced in Kubernetes, Linux, Docker. Worked on CI/CD pipeline. 3 years of experience.",DevOps Engineer,3,Mid
4694,"Experienced in AWS, Kubernetes, Linux. Worked on Containerized app. 1 years of experience.",DevOps Engineer,1,Junior
4695,"Experienced in CI/CD, AWS, Docker. Worked on Containerized app. 4 years of experience.",DevOps Engineer,4,Senior
4696,"Experienced in Docker, AWS, Kubernetes. Worked on CI/CD pipeline. 5 years of experience.",DevOps Engineer,5,Senior
4697,"Experienced in Kubernetes, AWS, CI/CD. Worked on CI/CD pipeline. 5 years of experience.",DevOps Engineer,5,Senior
4698,"Experienced in Kubernetes, CI/CD, AWS. Worked on Cloud deployment. 0 years of experience.",DevOps Engineer,0,Junior
4699,"Experienced in AWS, Docker, Kubernetes. Worked on Cloud deployment. 5 years of experience.",DevOps Engineer,5,Senior
4700,"Experienced in AWS, Docker, Linux. Worked on Containerized app. 2 years of experience.",DevOps Engineer,2,Mid
4701,"Experienced in Docker, AWS, Linux. Worked on CI/CD pipeline. 5 years of experience.",DevOps Engineer,5,Senior
4702,"Experienced in Linux, CI/CD, Docker. Worked on Containerized app. 0 years of experience.",DevOps Engineer,0,Junior
4703,"Experienced in Kubernetes, Linux, AWS. Worked on CI/CD pipeline. 3 years of experience.",DevOps Engineer,3,Mid
4704,"Experienced in Docker, Kubernetes, CI/CD. Worked on Cloud deployment. 2 years of experience.",DevOps Engineer,2,Mid
4705,"Experienced in Docker, Linux, Kubernetes. Worked on CI/CD pipeline. 3 years of experience.",DevOps Engineer,3,Mid
4706,"Experienced in CI/CD, AWS, Docker. Worked on Cloud deployment. 3 years of experience.",DevOps Engineer,3,Mid
4707,"Experienced in CI/CD, Linux, Kubernetes. Worked on Cloud deployment. 5 years of experience.",DevOps Engineer,5,Senior
4708,"Experienced in Docker, Linux, CI/CD. Worked on CI/CD pipeline. 5 years of experience.",DevOps Engineer,5,Senior
4709,"Experienced in AWS, Kubernetes, Linux. Worked on Cloud deployment. 5 years of experience.",DevOps Engineer,5,Senior
4710,"Experienced in Kubernetes, Linux, Docker. Worked on Containerized app. 0 years of experience.",DevOps Engineer,0,Junior
4711,"Experienced in AWS, CI/CD, Kubernetes. Worked on Containerized app. 2 years of experience.",DevOps Engineer,2,Mid
4712,"Experienced in AWS, Linux, Kubernetes. Worked on Containerized app. 5 years of experience.",DevOps Engineer,5,Senior
4713,"Experienced in CI/CD, AWS, Docker. Worked on Containerized app. 4 years of experience.",DevOps Engineer,4,Senior
4714,"Experienced in Docker, CI/CD, AWS. Worked on CI/CD pipeline. 1 years of experience.",DevOps Engineer,1,Junior
4715,"Experienced in Kubernetes, CI/CD, Docker. Worked on CI/CD pipeline. 1 years of experience.",DevOps Engineer,1,Junior
4716,"Experienced in Kubernetes, Linux, Docker. Worked on Containerized app. 3 years of experience.",DevOps Engineer,3,Mid
4717,"Experienced in Docker, Kubernetes, Linux. Worked on CI/CD pipeline. 4 years of experience.",DevOps Engineer,4,Senior
4718,"Experienced in CI/CD, Docker, Linux. Worked on CI/CD pipeline. 4 years of experience.",DevOps Engineer,4,Senior
4719,"Experienced in Docker, AWS, Kubernetes. Worked on CI/CD pipeline. 0 years of experience.",DevOps Engineer,0,Junior
4720,"Experienced in Linux, AWS, Kubernetes. Worked on Containerized app. 0 years of experience.",DevOps Engineer,0,Junior
4721,"Experienced in Linux, Kubernetes, Docker. Worked on Cloud deployment. 0 years of experience.",DevOps Engineer,0,Junior
4722,"Experienced in Linux, CI/CD, AWS. Worked on Cloud deployment. 1 years of experience.",DevOps Engineer,1,Junior
4723,"Experienced in Docker, Kubernetes, AWS. Worked on Containerized app. 0 years of experience.",DevOps Engineer,0,Junior
4724,"Experienced in AWS, CI/CD, Linux. Worked on CI/CD pipeline. 5 years of experience.",DevOps Engineer,5,Senior
4725,"Experienced in CI/CD, Linux, Kubernetes. Worked on Containerized app. 3 years of experience.",DevOps Engineer,3,Mid
4726,"Experienced in Docker, Kubernetes, CI/CD. Worked on CI/CD pipeline. 4 years of experience.",DevOps Engineer,4,Senior
4727,"Experienced in Docker, CI/CD, Kubernetes. Worked on Containerized app. 4 years of experience.",DevOps Engineer,4,Senior
4728,"Experienced in CI/CD, Docker, AWS. Worked on Containerized app. 5 years of experience.",DevOps Engineer,5,Senior
4729,"Experienced in CI/CD, Linux, AWS. Worked on Cloud deployment. 5 years of experience.",DevOps Engineer,5,Senior
4730,"Experienced in Kubernetes, Docker, AWS. Worked on CI/CD pipeline. 4 years of experience.",DevOps Engineer,4,Senior
4731,"Experienced in AWS, CI/CD, Linux. Worked on CI/CD pipeline. 4 years of experience.",DevOps Engineer,4,Senior
4732,"Experienced in Kubernetes, Linux, AWS. Worked on Containerized app. 5 years of experience.",DevOps Engineer,5,Senior
4733,"Experienced in Docker, Kubernetes, Linux. Worked on Containerized app. 4 years of experience.",DevOps Engineer,4,Senior
4734,"Experienced in Docker, Linux, CI/CD. Worked on CI/CD pipeline. 2 years of experience.",DevOps Engineer,2,Mid
4735,"Experienced in AWS, Linux, CI/CD. Worked on Cloud deployment. 0 years of experience.",DevOps Engineer,0,Junior
4736,"Experienced in Linux, Kubernetes, CI/CD. Worked on Cloud deployment. 2 years of experience.",DevOps Engineer,2,Mid
4737,"Experienced in AWS, Docker, CI/CD. Worked on Containerized app. 0 years of experience.",DevOps Engineer,0,Junior
4738,"Experienced in AWS, Kubernetes, CI/CD. Worked on Cloud deployment. 2 years of experience.",DevOps Engineer,2,Mid
4739,"Experienced in Docker, Kubernetes, AWS. Worked on CI/CD pipeline. 3 years of experience.",DevOps Engineer,3,Mid
4740,"Experienced in Linux, AWS, CI/CD. Worked on CI/CD pipeline. 1 years of experience.",DevOps Engineer,1,Junior
4741,"Experienced in AWS, Linux, CI/CD. Worked on Containerized app. 1 years of experience.",DevOps Engineer,1,Junior
4742,"Experienced in AWS, Kubernetes, Linux. Worked on CI/CD pipeline. 0 years of experience.",DevOps Engineer,0,Junior
4743,"Experienced in Linux, Kubernetes, CI/CD. Worked on Containerized app. 2 years of experience.",DevOps Engineer,2,Mid
4744,"Experienced in Kubernetes, CI/CD, Docker. Worked on Cloud deployment. 5 years of experience.",DevOps Engineer,5,Senior
4745,"Experienced in Linux, CI/CD, Docker. Worked on Cloud deployment. 2 years of experience.",DevOps Engineer,2,Mid
4746,"Experienced in AWS, Docker, Kubernetes. Worked on Containerized app. 3 years of experience.",DevOps Engineer,3,Mid
4747,"Experienced in AWS, Docker, Linux. Worked on Cloud deployment. 3 years of experience.",DevOps Engineer,3,Mid
4748,"Experienced in AWS, CI/CD, Docker. Worked on CI/CD pipeline. 5 years of experience.",DevOps Engineer,5,Senior
4749,"Experienced in AWS, Kubernetes, CI/CD. Worked on Containerized app. 5 years of experience.",DevOps Engineer,5,Senior
4750,"Experienced in Linux, Docker, Kubernetes. Worked on Cloud deployment. 5 years of experience.",DevOps Engineer,5,Senior
4751,"Experienced in Kubernetes, Docker, AWS. Worked on CI/CD pipeline. 3 years of experience.",DevOps Engineer,3,Mid
4752,"Experienced in Kubernetes, Linux, AWS. Worked on CI/CD pipeline. 4 years of experience.",DevOps Engineer,4,Senior
4753,"Experienced in CI/CD, AWS, Kubernetes. Worked on Containerized app. 4 years of experience.",DevOps Engineer,4,Senior
4754,"Experienced in CI/CD, Kubernetes, Linux. Worked on Cloud deployment. 2 years of experience.",DevOps Engineer,2,Mid
4755,"Experienced in Kubernetes, Docker, Linux. Worked on CI/CD pipeline. 3 years of experience.",DevOps Engineer,3,Mid
4756,"Experienced in AWS, CI/CD, Docker. Worked on CI/CD pipeline. 3 years of experience.",DevOps Engineer,3,Mid
4757,"Experienced in Kubernetes, AWS, Linux. Worked on Cloud deployment. 0 years of experience.",DevOps Engineer,0,Junior
4758,"Experienced in Kubernetes, AWS, Linux. Worked on Containerized app. 4 years of experience.",DevOps Engineer,4,Senior
4759,"Experienced in CI/CD, Kubernetes, Linux. Worked on Cloud deployment. 4 years of experience.",DevOps Engineer,4,Senior
4760,"Experienced in Linux, CI/CD, Docker. Worked on CI/CD pipeline. 4 years of experience.",DevOps Engineer,4,Senior
4761,"Experienced in AWS, CI/CD, Docker. Worked on CI/CD pipeline. 2 years of experience.",DevOps Engineer,2,Mid
4762,"Experienced in Docker, AWS, Linux. Worked on Containerized app. 3 years of experience.",DevOps Engineer,3,Mid
4763,"Experienced in Linux, CI/CD, Kubernetes. Worked on Containerized app. 4 years of experience.",DevOps Engineer,4,Senior
4764,"Experienced in Kubernetes, Docker, Linux. Worked on Cloud deployment. 0 years of experience.",DevOps Engineer,0,Junior
4765,"Experienced in AWS, Linux, Kubernetes. Worked on Containerized app. 4 years of experience.",DevOps Engineer,4,Senior
4766,"Experienced in Docker, AWS, Linux. Worked on Containerized app. 4 years of experience.",DevOps Engineer,4,Senior
4767,"Experienced in Kubernetes, Linux, Docker. Worked on Cloud deployment. 1 years of experience.",DevOps Engineer,1,Junior
4768,"Experienced in Linux, AWS, CI/CD. Worked on CI/CD pipeline. 4 years of experience.",DevOps Engineer,4,Senior
4769,"Experienced in CI/CD, AWS, Docker. Worked on CI/CD pipeline. 3 years of experience.",DevOps Engineer,3,Mid
4770,"Experienced in Kubernetes, CI/CD, Linux. Worked on CI/CD pipeline. 5 years of experience.",DevOps Engineer,5,Senior
4771,"Experienced in AWS, CI/CD, Docker. Worked on CI/CD pipeline. 3 years of experience.",DevOps Engineer,3,Mid
4772,"Experienced in Linux, Docker, AWS. Worked on Cloud deployment. 1 years of experience.",DevOps Engineer,1,Junior
4773,"Experienced in Linux, Docker, Kubernetes. Worked on CI/CD pipeline. 2 years of experience.",DevOps Engineer,2,Mid
4774,"Experienced in AWS, CI/CD, Docker. Worked on Containerized app. 1 years of experience.",DevOps Engineer,1,Junior
4775,"Experienced in AWS, Linux, Kubernetes. Worked on Cloud deployment. 0 years of experience.",DevOps Engineer,0,Junior
4776,"Experienced in CI/CD, Linux, Docker. Worked on Containerized app. 5 years of experience.",DevOps Engineer,5,Senior
4777,"Experienced in Kubernetes, CI/CD, Linux. Worked on Containerized app. 2 years of experience.",DevOps Engineer,2,Mid
4778,"Experienced in CI/CD, Kubernetes, Docker. Worked on CI/CD pipeline. 1 years of experience.",DevOps Engineer,1,Junior
4779,"Experienced in Linux, Kubernetes, AWS. Worked on CI/CD pipeline. 2 years of experience.",DevOps Engineer,2,Mid
4780,"Experienced in AWS, Linux, CI/CD. Worked on CI/CD pipeline. 3 years of experience.",DevOps Engineer,3,Mid
4781,"Experienced in AWS, Linux, Docker. Worked on CI/CD pipeline. 3 years of experience.",DevOps Engineer,3,Mid
4782,"Experienced in Docker, Linux, Kubernetes. Worked on Cloud deployment. 5 years of experience.",DevOps Engineer,5,Senior
4783,"Experienced in Linux, CI/CD, Kubernetes. Worked on Cloud deployment. 2 years of experience.",DevOps Engineer,2,Mid
4784,"Experienced in Kubernetes, AWS, Docker. Worked on CI/CD pipeline. 4 years of experience.",DevOps Engineer,4,Senior
4785,"Experienced in Linux, Kubernetes, CI/CD. Worked on CI/CD pipeline. 4 years of experience.",DevOps Engineer,4,Senior
4786,"Experienced in CI/CD, Linux, Docker. Worked on Cloud deployment. 1 years of experience.",DevOps Engineer,1,Junior
4787,"Experienced in Linux, AWS, Kubernetes. Worked on Cloud deployment. 3 years of experience.",DevOps Engineer,3,Mid
4788,"Experienced in AWS, Kubernetes, Linux. Worked on CI/CD pipeline. 3 years of experience.",DevOps Engineer,3,Mid
4789,"Experienced in Kubernetes, Docker, Linux. Worked on Containerized app. 2 years of experience.",DevOps Engineer,2,Mid
4790,"Experienced in Kubernetes, Docker, AWS. Worked on CI/CD pipeline. 4 years of experience.",DevOps Engineer,4,Senior
4791,"Experienced in Linux, Kubernetes, AWS. Worked on Cloud deployment. 0 years of experience.",DevOps Engineer,0,Junior
4792,"Experienced in Docker, Linux, AWS. Worked on CI/CD pipeline. 5 years of experience.",DevOps Engineer,5,Senior
4793,"Experienced in Linux, CI/CD, AWS. Worked on CI/CD pipeline. 4 years of experience.",DevOps Engineer,4,Senior
4794,"Experienced in AWS, Linux, Kubernetes. Worked on Containerized app. 3 years of experience.",DevOps Engineer,3,Mid
4795,"Experienced in AWS, Docker, Kubernetes. Worked on Cloud deployment. 3 years of experience.",DevOps Engineer,3,Mid
4796,"Experienced in Docker, Kubernetes, CI/CD. Worked on CI/CD pipeline. 0 years of experience.",DevOps Engineer,0,Junior
4797,"Experienced in Linux, AWS, Docker. Worked on Cloud deployment. 2 years of experience.",DevOps Engineer,2,Mid
4798,"Experienced in AWS, CI/CD, Docker. Worked on CI/CD pipeline. 5 years of experience.",DevOps Engineer,5,Senior
4799,"Experienced in AWS, Linux, Docker. Worked on Cloud deployment. 1 years of experience.",DevOps Engineer,1,Junior
4800,"Experienced in Linux, CI/CD, Kubernetes. Worked on CI/CD pipeline. 2 years of experience.",DevOps Engineer,2,Mid
4801,"Experienced in AWS, Docker, Kubernetes. Worked on Containerized app. 3 years of experience.",DevOps Engineer,3,Mid
4802,"Experienced in Kubernetes, Linux, AWS. Worked on Containerized app. 4 years of experience.",DevOps Engineer,4,Senior
4803,"Experienced in AWS, CI/CD, Linux. Worked on CI/CD pipeline. 1 years of experience.",DevOps Engineer,1,Junior
4804,"Experienced in AWS, Docker, Kubernetes. Worked on Cloud deployment. 2 years of experience.",DevOps Engineer,2,Mid
4805,"Experienced in AWS, Linux, CI/CD. Worked on Containerized app. 5 years of experience.",DevOps Engineer,5,Senior
4806,"Experienced in CI/CD, Docker, AWS. Worked on CI/CD pipeline. 0 years of experience.",DevOps Engineer,0,Junior
4807,"Experienced in Kubernetes, Linux, Docker. Worked on Containerized app. 1 years of experience.",DevOps Engineer,1,Junior
4808,"Experienced in AWS, Docker, Kubernetes. Worked on Cloud deployment. 1 years of experience.",DevOps Engineer,1,Junior
4809,"Experienced in Docker, Kubernetes, Linux. Worked on Containerized app. 5 years of experience.",DevOps Engineer,5,Senior
4810,"Experienced in AWS, Kubernetes, CI/CD. Worked on Containerized app. 0 years of experience.",DevOps Engineer,0,Junior
4811,"Experienced in Linux, CI/CD, Docker. Worked on Containerized app. 1 years of experience.",DevOps Engineer,1,Junior
4812,"Experienced in Linux, CI/CD, Kubernetes. Worked on Cloud deployment. 2 years of experience.",DevOps Engineer,2,Mid
4813,"Experienced in AWS, CI/CD, Linux. Worked on Containerized app. 1 years of experience.",DevOps Engineer,1,Junior
4814,"Experienced in CI/CD, Linux, AWS. Worked on CI/CD pipeline. 4 years of experience.",DevOps Engineer,4,Senior
4815,"Experienced in CI/CD, Linux, AWS. Worked on Containerized app. 1 years of experience.",DevOps Engineer,1,Junior
4816,"Experienced in CI/CD, AWS, Linux. Worked on CI/CD pipeline. 5 years of experience.",DevOps Engineer,5,Senior
4817,"Experienced in Linux, AWS, CI/CD. Worked on Containerized app. 2 years of experience.",DevOps Engineer,2,Mid
4818,"Experienced in Docker, Linux, CI/CD. Worked on Containerized app. 2 years of experience.",DevOps Engineer,2,Mid
4819,"Experienced in Docker, Kubernetes, Linux. Worked on Containerized app. 2 years of experience.",DevOps Engineer,2,Mid
4820,"Experienced in CI/CD, Kubernetes, Docker. Worked on Cloud deployment. 3 years of experience.",DevOps Engineer,3,Mid
4821,"Experienced in AWS, Docker, Linux. Worked on Containerized app. 1 years of experience.",DevOps Engineer,1,Junior
4822,"Experienced in Kubernetes, Docker, Linux. Worked on Containerized app. 2 years of experience.",DevOps Engineer,2,Mid
4823,"Experienced in Docker, Linux, Kubernetes. Worked on CI/CD pipeline. 2 years of experience.",DevOps Engineer,2,Mid
4824,"Experienced in Docker, Kubernetes, AWS. Worked on CI/CD pipeline. 2 years of experience.",DevOps Engineer,2,Mid
4825,"Experienced in Docker, AWS, CI/CD. Worked on Cloud deployment. 2 years of experience.",DevOps Engineer,2,Mid
4826,"Experienced in Docker, CI/CD, Kubernetes. Worked on CI/CD pipeline. 2 years of experience.",DevOps Engineer,2,Mid
4827,"Experienced in CI/CD, Linux, Docker. Worked on CI/CD pipeline. 5 years of experience.",DevOps Engineer,5,Senior
4828,"Experienced in Kubernetes, Linux, CI/CD. Worked on Containerized app. 0 years of experience.",DevOps Engineer,0,Junior
4829,"Experienced in CI/CD, Kubernetes, AWS. Worked on Containerized app. 0 years of experience.",DevOps Engineer,0,Junior
4830,"Experienced in AWS, Docker, CI/CD. Worked on CI/CD pipeline. 1 years of experience.",DevOps Engineer,1,Junior
4831,"Experienced in Docker, AWS, Linux. Worked on CI/CD pipeline. 1 years of experience.",DevOps Engineer,1,Junior
4832,"Experienced in CI/CD, AWS, Linux. Worked on Cloud deployment. 1 years of experience.",DevOps Engineer,1,Junior
4833,"Experienced in CI/CD, Kubernetes, Linux. Worked on Cloud deployment. 1 years of experience.",DevOps Engineer,1,Junior
4834,"Experienced in Kubernetes, Linux, CI/CD. Worked on Containerized app. 3 years of experience.",DevOps Engineer,3,Mid
4835,"Experienced in Docker, AWS, Linux. Worked on Containerized app. 0 years of experience.",DevOps Engineer,0,Junior
4836,"Experienced in Docker, CI/CD, AWS. Worked on Cloud deployment. 5 years of experience.",DevOps Engineer,5,Senior
4837,"Experienced in Linux, AWS, CI/CD. Worked on Cloud deployment. 4 years of experience.",DevOps Engineer,4,Senior
4838,"Experienced in Linux, AWS, Docker. Worked on CI/CD pipeline. 5 years of experience.",DevOps Engineer,5,Senior
4839,"Experienced in AWS, CI/CD, Linux. Worked on Containerized app. 5 years of experience.",DevOps Engineer,5,Senior
4840,"Experienced in Docker, CI/CD, AWS. Worked on CI/CD pipeline. 0 years of experience.",DevOps Engineer,0,Junior
4841,"Experienced in Linux, AWS, CI/CD. Worked on Cloud deployment. 5 years of experience.",DevOps Engineer,5,Senior
4842,"Experienced in CI/CD, Docker, Kubernetes. Worked on Containerized app. 3 years of experience.",DevOps Engineer,3,Mid
4843,"Experienced in Docker, Kubernetes, CI/CD. Worked on CI/CD pipeline. 0 years of experience.",DevOps Engineer,0,Junior
4844,"Experienced in Docker, Linux, AWS. Worked on CI/CD pipeline. 4 years of experience.",DevOps Engineer,4,Senior
4845,"Experienced in Linux, CI/CD, Kubernetes. Worked on CI/CD pipeline. 0 years of experience.",DevOps Engineer,0,Junior
4846,"Experienced in CI/CD, Kubernetes, Docker. Worked on Containerized app. 1 years of experience.",DevOps Engineer,1,Junior
4847,"Experienced in Docker, Kubernetes, CI/CD. Worked on CI/CD pipeline. 0 years of experience.",DevOps Engineer,0,Junior
4848,"Experienced in Docker, Kubernetes, CI/CD. Worked on Containerized app. 3 years of experience.",DevOps Engineer,3,Mid
4849,"Experienced in Kubernetes, Linux, CI/CD. Worked on CI/CD pipeline. 4 years of experience.",DevOps Engineer,4,Senior
4850,"Experienced in Docker, CI/CD, AWS. Worked on Cloud deployment. 3 years of experience.",DevOps Engineer,3,Mid
4851,"Experienced in Linux, AWS, Docker. Worked on Containerized app. 0 years of experience.",DevOps Engineer,0,Junior
4852,"Experienced in Linux, AWS, Docker. Worked on CI/CD pipeline. 4 years of experience.",DevOps Engineer,4,Senior
4853,"Experienced in Docker, Kubernetes, CI/CD. Worked on Containerized app. 0 years of experience.",DevOps Engineer,0,Junior
4854,"Experienced in Linux, CI/CD, Docker. Worked on CI/CD pipeline. 0 years of experience.",DevOps Engineer,0,Junior
4855,"Experienced in CI/CD, Kubernetes, AWS. Worked on Containerized app. 3 years of experience.",DevOps Engineer,3,Mid
4856,"Experienced in Kubernetes, CI/CD, Linux. Worked on Cloud deployment. 5 years of experience.",DevOps Engineer,5,Senior
4857,"Experienced in Linux, Kubernetes, Docker. Worked on Cloud deployment. 0 years of experience.",DevOps Engineer,0,Junior
4858,"Experienced in Kubernetes, Docker, CI/CD. Worked on Cloud deployment. 3 years of experience.",DevOps Engineer,3,Mid
4859,"Experienced in AWS, Docker, CI/CD. Worked on Cloud deployment. 0 years of experience.",DevOps Engineer,0,Junior
4860,"Experienced in Linux, CI/CD, AWS. Worked on CI/CD pipeline. 4 years of experience.",DevOps Engineer,4,Senior
4861,"Experienced in AWS, CI/CD, Docker. Worked on Cloud deployment. 4 years of experience.",DevOps Engineer,4,Senior
4862,"Experienced in Kubernetes, Linux, AWS. Worked on Cloud deployment. 2 years of experience.",DevOps Engineer,2,Mid
4863,"Experienced in CI/CD, Kubernetes, AWS. Worked on CI/CD pipeline. 2 years of experience.",DevOps Engineer,2,Mid
4864,"Experienced in Linux, AWS, Kubernetes. Worked on CI/CD pipeline. 5 years of experience.",DevOps Engineer,5,Senior
4865,"Experienced in AWS, CI/CD, Docker. Worked on Cloud deployment. 5 years of experience.",DevOps Engineer,5,Senior
4866,"Experienced in Linux, CI/CD, Docker. Worked on Cloud deployment. 0 years of experience.",DevOps Engineer,0,Junior
4867,"Experienced in AWS, Docker, Kubernetes. Worked on Containerized app. 3 years of experience.",DevOps Engineer,3,Mid
4868,"Experienced in Linux, CI/CD, AWS. Worked on Containerized app. 3 years of experience.",DevOps Engineer,3,Mid
4869,"Experienced in Kubernetes, CI/CD, Docker. Worked on CI/CD pipeline. 4 years of experience.",DevOps Engineer,4,Senior
4870,"Experienced in Kubernetes, Linux, AWS. Worked on Containerized app. 0 years of experience.",DevOps Engineer,0,Junior
4871,"Experienced in Linux, Kubernetes, Docker. Worked on Containerized app. 4 years of experience.",DevOps Engineer,4,Senior
4872,"Experienced in AWS, Docker, Linux. Worked on Cloud deployment. 1 years of experience.",DevOps Engineer,1,Junior
4873,"Experienced in AWS, Docker, Linux. Worked on Cloud deployment. 3 years of experience.",DevOps Engineer,3,Mid
4874,"Experienced in CI/CD, Kubernetes, Docker. Worked on Cloud deployment. 4 years of experience.",DevOps Engineer,4,Senior
4875,"Experienced in Kubernetes, AWS, Linux. Worked on Cloud deployment. 2 years of experience.",DevOps Engineer,2,Mid
4876,"Experienced in CI/CD, Kubernetes, AWS. Worked on Cloud deployment. 4 years of experience.",DevOps Engineer,4,Senior
4877,"Experienced in CI/CD, Docker, AWS. Worked on Containerized app. 2 years of experience.",DevOps Engineer,2,Mid
4878,"Experienced in Kubernetes, AWS, Linux. Worked on Containerized app. 0 years of experience.",DevOps Engineer,0,Junior
4879,"Experienced in AWS, Kubernetes, Docker. Worked on CI/CD pipeline. 1 years of experience.",DevOps Engineer,1,Junior
4880,"Experienced in AWS, Kubernetes, Docker. Worked on Cloud deployment. 3 years of experience.",DevOps Engineer,3,Mid
4881,"Experienced in CI/CD, AWS, Linux. Worked on CI/CD pipeline. 4 years of experience.",DevOps Engineer,4,Senior
4882,"Experienced in Docker, AWS, Linux. Worked on Containerized app. 2 years of experience.",DevOps Engineer,2,Mid
4883,"Experienced in CI/CD, AWS, Linux. Worked on CI/CD pipeline. 4 years of experience.",DevOps Engineer,4,Senior
4884,"Experienced in Docker, CI/CD, Kubernetes. Worked on Containerized app. 3 years of experience.",DevOps Engineer,3,Mid
4885,"Experienced in Linux, AWS, Kubernetes. Worked on CI/CD pipeline. 3 years of experience.",DevOps Engineer,3,Mid
4886,"Experienced in Kubernetes, Docker, AWS. Worked on Containerized app. 0 years of experience.",DevOps Engineer,0,Junior
4887,"Experienced in CI/CD, AWS, Kubernetes. Worked on Containerized app. 2 years of experience.",DevOps Engineer,2,Mid
4888,"Experienced in Docker, Linux, CI/CD. Worked on CI/CD pipeline. 3 years of experience.",DevOps Engineer,3,Mid
4889,"Experienced in AWS, Kubernetes, Docker. Worked on Containerized app. 0 years of experience.",DevOps Engineer,0,Junior
4890,"Experienced in Kubernetes, Docker, AWS. Worked on Containerized app. 5 years of experience.",DevOps Engineer,5,Senior
4891,"Experienced in AWS, Kubernetes, Linux. Worked on CI/CD pipeline. 0 years of experience.",DevOps Engineer,0,Junior
4892,"Experienced in AWS, Linux, Kubernetes. Worked on Cloud deployment. 2 years of experience.",DevOps Engineer,2,Mid
4893,"Experienced in Kubernetes, AWS, Linux. Worked on CI/CD pipeline. 5 years of experience.",DevOps Engineer,5,Senior
4894,"Experienced in Docker, CI/CD, AWS. Worked on CI/CD pipeline. 3 years of experience.",DevOps Engineer,3,Mid
4895,"Experienced in Kubernetes, Docker, Linux. Worked on Cloud deployment. 5 years of experience.",DevOps Engineer,5,Senior
4896,"Experienced in AWS, Docker, CI/CD. Worked on Cloud deployment. 3 years of experience.",DevOps Engineer,3,Mid
4897,"Experienced in AWS, Kubernetes, CI/CD. Worked on Cloud deployment. 3 years of experience.",DevOps Engineer,3,Mid
4898,"Experienced in Linux, CI/CD, AWS. Worked on Containerized app. 0 years of experience.",DevOps Engineer,0,Junior
4899,"Experienced in Kubernetes, AWS, CI/CD. Worked on Cloud deployment. 2 years of experience.",DevOps Engineer,2,Mid
4900,"Experienced in Linux, Docker, CI/CD. Worked on Cloud deployment. 5 years of experience.",DevOps Engineer,5,Senior
4901,"Experienced in Docker, Kubernetes, AWS. Worked on Cloud deployment. 5 years of experience.",DevOps Engineer,5,Senior
4902,"Experienced in Kubernetes, Linux, Docker. Worked on Containerized app. 2 years of experience.",DevOps Engineer,2,Mid
4903,"Experienced in Kubernetes, CI/CD, Linux. Worked on Containerized app. 5 years of experience.",DevOps Engineer,5,Senior
4904,"Experienced in CI/CD, AWS, Docker. Worked on Cloud deployment. 2 years of experience.",DevOps Engineer,2,Mid
4905,"Experienced in Kubernetes, CI/CD, Docker. Worked on Containerized app. 3 years of experience.",DevOps Engineer,3,Mid
4906,"Experienced in AWS, Kubernetes, Linux. Worked on CI/CD pipeline. 4 years of experience.",DevOps Engineer,4,Senior
4907,"Experienced in AWS, Kubernetes, Linux. Worked on CI/CD pipeline. 2 years of experience.",DevOps Engineer,2,Mid
4908,"Experienced in Kubernetes, AWS, CI/CD. Worked on Cloud deployment. 5 years of experience.",DevOps Engineer,5,Senior
4909,"Experienced in Kubernetes, Linux, CI/CD. Worked on CI/CD pipeline. 4 years of experience.",DevOps Engineer,4,Senior
4910,"Experienced in AWS, Docker, CI/CD. Worked on Cloud deployment. 5 years of experience.",DevOps Engineer,5,Senior
4911,"Experienced in AWS, Linux, CI/CD. Worked on Containerized app. 1 years of experience.",DevOps Engineer,1,Junior
4912,"Experienced in CI/CD, AWS, Linux. Worked on Cloud deployment. 0 years of experience.",DevOps Engineer,0,Junior
4913,"Experienced in Kubernetes, AWS, Linux. Worked on Cloud deployment. 2 years of experience.",DevOps Engineer,2,Mid
4914,"Experienced in AWS, Docker, Linux. Worked on CI/CD pipeline. 5 years of experience.",DevOps Engineer,5,Senior
4915,"Experienced in AWS, CI/CD, Docker. Worked on Containerized app. 0 years of experience.",DevOps Engineer,0,Junior
4916,"Experienced in AWS, Linux, Docker. Worked on Containerized app. 3 years of experience.",DevOps Engineer,3,Mid
4917,"Experienced in AWS, Linux, Kubernetes. Worked on CI/CD pipeline. 3 years of experience.",DevOps Engineer,3,Mid
4918,"Experienced in AWS, CI/CD, Kubernetes. Worked on CI/CD pipeline. 0 years of experience.",DevOps Engineer,0,Junior
4919,"Experienced in AWS, CI/CD, Kubernetes. Worked on Containerized app. 5 years of experience.",DevOps Engineer,5,Senior
4920,"Experienced in Docker, Kubernetes, AWS. Worked on Containerized app. 0 years of experience.",DevOps Engineer,0,Junior
4921,"Experienced in Docker, AWS, Kubernetes. Worked on Cloud deployment. 5 years of experience.",DevOps Engineer,5,Senior
4922,"Experienced in Docker, AWS, Kubernetes. Worked on Cloud deployment. 2 years of experience.",DevOps Engineer,2,Mid
4923,"Experienced in Docker, Kubernetes, Linux. Worked on Cloud deployment. 2 years of experience.",DevOps Engineer,2,Mid
4924,"Experienced in Linux, Kubernetes, CI/CD. Worked on Containerized app. 3 years of experience.",DevOps Engineer,3,Mid
4925,"Experienced in CI/CD, Kubernetes, Docker. Worked on Containerized app. 4 years of experience.",DevOps Engineer,4,Senior
4926,"Experienced in CI/CD, Kubernetes, AWS. Worked on CI/CD pipeline. 5 years of experience.",DevOps Engineer,5,Senior
4927,"Experienced in CI/CD, AWS, Linux. Worked on Cloud deployment. 2 years of experience.",DevOps Engineer,2,Mid
4928,"Experienced in Kubernetes, Docker, AWS. Worked on CI/CD pipeline. 1 years of experience.",DevOps Engineer,1,Junior
4929,"Experienced in Kubernetes, AWS, Docker. Worked on Containerized app. 3 years of experience.",DevOps Engineer,3,Mid
4930,"Experienced in CI/CD, AWS, Kubernetes. Worked on CI/CD pipeline. 3 years of experience.",DevOps Engineer,3,Mid
4931,"Experienced in AWS, CI/CD, Kubernetes. Worked on Cloud deployment. 0 years of experience.",DevOps Engineer,0,Junior
4932,"Experienced in CI/CD, Linux, Docker. Worked on Containerized app. 4 years of experience.",DevOps Engineer,4,Senior
4933,"Experienced in CI/CD, Docker, Kubernetes. Worked on Cloud deployment. 2 years of experience.",DevOps Engineer,2,Mid
4934,"Experienced in CI/CD, AWS, Docker. Worked on Containerized app. 4 years of experience.",DevOps Engineer,4,Senior
4935,"Experienced in CI/CD, Docker, AWS. Worked on Cloud deployment. 1 years of experience.",DevOps Engineer,1,Junior
4936,"Experienced in Kubernetes, Docker, AWS. Worked on CI/CD pipeline. 5 years of experience.",DevOps Engineer,5,Senior
4937,"Experienced in Linux, CI/CD, Kubernetes. Worked on Cloud deployment. 4 years of experience.",DevOps Engineer,4,Senior
4938,"Experienced in Linux, AWS, Kubernetes. Worked on Containerized app. 4 years of experience.",DevOps Engineer,4,Senior
4939,"Experienced in Docker, AWS, Kubernetes. Worked on CI/CD pipeline. 4 years of experience.",DevOps Engineer,4,Senior
4940,"Experienced in AWS, Docker, Kubernetes. Worked on Cloud deployment. 3 years of experience.",DevOps Engineer,3,Mid
4941,"Experienced in Docker, Kubernetes, AWS. Worked on Containerized app. 1 years of experience.",DevOps Engineer,1,Junior
4942,"Experienced in Linux, AWS, Kubernetes. Worked on Containerized app. 1 years of experience.",DevOps Engineer,1,Junior
4943,"Experienced in CI/CD, Kubernetes, Docker. Worked on Cloud deployment. 4 years of experience.",DevOps Engineer,4,Senior
4944,"Experienced in Linux, Docker, CI/CD. Worked on CI/CD pipeline. 1 years of experience.",DevOps Engineer,1,Junior
4945,"Experienced in CI/CD, AWS, Linux. Worked on Cloud deployment. 0 years of experience.",DevOps Engineer,0,Junior
4946,"Experienced in CI/CD, Kubernetes, AWS. Worked on CI/CD pipeline. 0 years of experience.",DevOps Engineer,0,Junior
4947,"Experienced in Docker, CI/CD, AWS. Worked on CI/CD pipeline. 5 years of experience.",DevOps Engineer,5,Senior
4948,"Experienced in Kubernetes, Docker, CI/CD. Worked on Containerized app. 0 years of experience.",DevOps Engineer,0,Junior
4949,"Experienced in Kubernetes, AWS, CI/CD. Worked on Containerized app. 4 years of experience.",DevOps Engineer,4,Senior
4950,"Experienced in CI/CD, Linux, Docker. Worked on Cloud deployment. 0 years of experience.",DevOps Engineer,0,Junior
4951,"Experienced in Docker, CI/CD, AWS. Worked on CI/CD pipeline. 4 years of experience.",DevOps Engineer,4,Senior
4952,"Experienced in Kubernetes, Linux, CI/CD. Worked on Cloud deployment. 4 years of experience.",DevOps Engineer,4,Senior
4953,"Experienced in AWS, Linux, CI/CD. Worked on Cloud deployment. 3 years of experience.",DevOps Engineer,3,Mid
4954,"Experienced in Docker, CI/CD, AWS. Worked on Cloud deployment. 1 years of experience.",DevOps Engineer,1,Junior
4955,"Experienced in Kubernetes, AWS, CI/CD. Worked on Cloud deployment. 2 years of experience.",DevOps Engineer,2,Mid
4956,"Experienced in Docker, Linux, AWS. Worked on Containerized app. 4 years of experience.",DevOps Engineer,4,Senior
4957,"Experienced in CI/CD, Docker, Linux. Worked on Cloud deployment. 1 years of experience.",DevOps Engineer,1,Junior
4958,"Experienced in Kubernetes, AWS, CI/CD. Worked on Containerized app. 0 years of experience.",DevOps Engineer,0,Junior
4959,"Experienced in Docker, AWS, CI/CD. Worked on Containerized app. 3 years of experience.",DevOps Engineer,3,Mid
4960,"Experienced in Kubernetes, Linux, CI/CD. Worked on CI/CD pipeline. 1 years of experience.",DevOps Engineer,1,Junior
4961,"Experienced in CI/CD, Docker, Linux. Worked on Containerized app. 4 years of experience.",DevOps Engineer,4,Senior
4962,"Experienced in Linux, Docker, AWS. Worked on CI/CD pipeline. 4 years of experience.",DevOps Engineer,4,Senior
4963,"Experienced in Kubernetes, AWS, Linux. Worked on CI/CD pipeline. 5 years of experience.",DevOps Engineer,5,Senior
4964,"Experienced in Kubernetes, AWS, CI/CD. Worked on Cloud deployment. 0 years of experience.",DevOps Engineer,0,Junior
4965,"Experienced in Kubernetes, CI/CD, Linux. Worked on Containerized app. 5 years of experience.",DevOps Engineer,5,Senior
4966,"Experienced in AWS, CI/CD, Kubernetes. Worked on CI/CD pipeline. 4 years of experience.",DevOps Engineer,4,Senior
4967,"Experienced in Linux, Docker, Kubernetes. Worked on Containerized app. 4 years of experience.",DevOps Engineer,4,Senior
4968,"Experienced in AWS, Docker, Kubernetes. Worked on CI/CD pipeline. 3 years of experience.",DevOps Engineer,3,Mid
4969,"Experienced in Docker, Linux, AWS. Worked on Containerized app. 2 years of experience.",DevOps Engineer,2,Mid
4970,"Experienced in AWS, Kubernetes, Linux. Worked on Containerized app. 3 years of experience.",DevOps Engineer,3,Mid
4971,"Experienced in Linux, AWS, CI/CD. Worked on CI/CD pipeline. 2 years of experience.",DevOps Engineer,2,Mid
4972,"Experienced in AWS, Linux, Docker. Worked on Cloud deployment. 5 years of experience.",DevOps Engineer,5,Senior
4973,"Experienced in CI/CD, Kubernetes, Docker. Worked on Cloud deployment. 1 years of experience.",DevOps Engineer,1,Junior
4974,"Experienced in AWS, Docker, Linux. Worked on Containerized app. 3 years of experience.",DevOps Engineer,3,Mid
4975,"Experienced in Linux, AWS, Docker. Worked on Containerized app. 1 years of experience.",DevOps Engineer,1,Junior
4976,"Experienced in Docker, Linux, Kubernetes. Worked on Containerized app. 3 years of experience.",DevOps Engineer,3,Mid
4977,"Experienced in Kubernetes, Linux, AWS. Worked on Cloud deployment. 2 years of experience.",DevOps Engineer,2,Mid
4978,"Experienced in Linux, Kubernetes, Docker. Worked on Cloud deployment. 0 years of experience.",DevOps Engineer,0,Junior
4979,"Experienced in Docker, Kubernetes, Linux. Worked on Cloud deployment. 3 years of experience.",DevOps Engineer,3,Mid
4980,"Experienced in AWS, Kubernetes, Linux. Worked on Cloud deployment. 2 years of experience.",DevOps Engineer,2,Mid
4981,"Experienced in Kubernetes, AWS, Docker. Worked on CI/CD pipeline. 0 years of experience.",DevOps Engineer,0,Junior
4982,"Experienced in Kubernetes, AWS, Linux. Worked on Containerized app. 1 years of experience.",DevOps Engineer,1,Junior
4983,"Experienced in Linux, CI/CD, Docker. Worked on Containerized app. 5 years of experience.",DevOps Engineer,5,Senior
4984,"Experienced in Linux, Docker, Kubernetes. Worked on Cloud deployment. 0 years of experience.",DevOps Engineer,0,Junior
4985,"Experienced in AWS, Docker, Linux. Worked on Containerized app. 0 years of experience.",DevOps Engineer,0,Junior
4986,"Experienced in Kubernetes, Docker, AWS. Worked on Cloud deployment. 0 years of experience.",DevOps Engineer,0,Junior
4987,"Experienced in CI/CD, Docker, Linux. Worked on CI/CD pipeline. 0 years of experience.",DevOps Engineer,0,Junior
4988,"Experienced in Linux, CI/CD, Docker. Worked on Cloud deployment. 0 years of experience.",DevOps Engineer,0,Junior
4989,"Experienced in Docker, Linux, CI/CD. Worked on Cloud deployment. 3 years of experience.",DevOps Engineer,3,Mid
4990,"Experienced in Linux, Docker, CI/CD. Worked on CI/CD pipeline. 2 years of experience.",DevOps Engineer,2,Mid
4991,"Experienced in AWS, Docker, CI/CD. Worked on CI/CD pipeline. 0 years of experience.",DevOps Engineer,0,Junior
4992,"Experienced in Linux, Kubernetes, Docker. Worked on Containerized app. 3 years of experience.",DevOps Engineer,3,Mid
4993,"Experienced in Linux, AWS, Kubernetes. Worked on CI/CD pipeline. 4 years of experience.",DevOps Engineer,4,Senior
4994,"Experienced in AWS, Kubernetes, Docker. Worked on CI/CD pipeline. 2 years of experience.",DevOps Engineer,2,Mid
4995,"Experienced in Docker, AWS, CI/CD. Worked on Containerized app. 3 years of experience.",DevOps Engineer,3,Mid
4996,"Experienced in AWS, Kubernetes, Linux. Worked on CI/CD pipeline. 3 years of experience.",DevOps Engineer,3,Mid
4997,"Experienced in Docker, AWS, Linux. Worked on Cloud deployment. 0 years of experience.",DevOps Engineer,0,Junior
4998,"Experienced in CI/CD, Kubernetes, Linux. Worked on Cloud deployment. 3 years of experience.",DevOps Engineer,3,Mid
4999,"Experienced in Docker, AWS, Linux. Worked on Cloud deployment. 1 years of experience.",DevOps Engineer,1,Junior
5000,"Experienced in Linux, AWS, Kubernetes. Worked on Cloud deployment. 4 years of experience.",DevOps Engineer,4,Senior
5001,"Experienced in Docker, Linux, CI/CD. Worked on CI/CD pipeline. 5 years of experience.",DevOps Engineer,5,Senior
5002,"Experienced in Kubernetes, Linux, Docker. Worked on Cloud deployment. 3 years of experience.",DevOps Engineer,3,Mid
5003,"Experienced in CI/CD, Kubernetes, Linux. Worked on Containerized app. 0 years of experience.",DevOps Engineer,0,Junior
5004,"Experienced in Docker, AWS, Kubernetes. Worked on Containerized app. 5 years of experience.",DevOps Engineer,5,Senior
5005,"Experienced in CI/CD, Docker, Linux. Worked on CI/CD pipeline. 0 years of experience.",DevOps Engineer,0,Junior
5006,"Experienced in Docker, Kubernetes, AWS. Worked on Cloud deployment. 0 years of experience.",DevOps Engineer,0,Junior
5007,"Experienced in Docker, CI/CD, AWS. Worked on Containerized app. 0 years of experience.",DevOps Engineer,0,Junior
5008,"Experienced in Linux, Docker, AWS. Worked on Cloud deployment. 5 years of experience.",DevOps Engineer,5,Senior
5009,"Experienced in CI/CD, Kubernetes, Linux. Worked on CI/CD pipeline. 1 years of experience.",DevOps Engineer,1,Junior
5010,"Experienced in AWS, Linux, Docker. Worked on CI/CD pipeline. 5 years of experience.",DevOps Engineer,5,Senior
5011,"Experienced in Docker, CI/CD, Kubernetes. Worked on CI/CD pipeline. 4 years of experience.",DevOps Engineer,4,Senior
5012,"Experienced in AWS, CI/CD, Kubernetes. Worked on CI/CD pipeline. 3 years of experience.",DevOps Engineer,3,Mid
5013,"Experienced in Linux, AWS, Kubernetes. Worked on Cloud deployment. 2 years of experience.",DevOps Engineer,2,Mid
5014,"Experienced in Docker, Kubernetes, CI/CD. Worked on Cloud deployment. 5 years of experience.",DevOps Engineer,5,Senior
5015,"Experienced in AWS, CI/CD, Docker. Worked on Cloud deployment. 2 years of experience.",DevOps Engineer,2,Mid
5016,"Experienced in AWS, Linux, Docker. Worked on Cloud deployment. 1 years of experience.",DevOps Engineer,1,Junior
5017,"Experienced in Linux, AWS, Kubernetes. Worked on Containerized app. 2 years of experience.",DevOps Engineer,2,Mid
5018,"Experienced in Kubernetes, CI/CD, Docker. Worked on CI/CD pipeline. 3 years of experience.",DevOps Engineer,3,Mid
5019,"Experienced in CI/CD, Kubernetes, Docker. Worked on CI/CD pipeline. 3 years of experience.",DevOps Engineer,3,Mid
5020,"Experienced in AWS, Docker, Kubernetes. Worked on CI/CD pipeline. 3 years of experience.",DevOps Engineer,3,Mid
5021,"Experienced in Linux, Docker, AWS. Worked on Cloud deployment. 4 years of experience.",DevOps Engineer,4,Senior
5022,"Experienced in CI/CD, Linux, Docker. Worked on CI/CD pipeline. 1 years of experience.",DevOps Engineer,1,Junior
5023,"Experienced in CI/CD, Kubernetes, Linux. Worked on CI/CD pipeline. 3 years of experience.",DevOps Engineer,3,Mid
5024,"Experienced in CI/CD, AWS, Docker. Worked on CI/CD pipeline. 1 years of experience.",DevOps Engineer,1,Junior
5025,"Experienced in CI/CD, Linux, Kubernetes. Worked on CI/CD pipeline. 1 years of experience.",DevOps Engineer,1,Junior
5026,"Experienced in Kubernetes, Linux, Docker. Worked on CI/CD pipeline. 1 years of experience.",DevOps Engineer,1,Junior
5027,"Experienced in Kubernetes, CI/CD, AWS. Worked on Containerized app. 2 years of experience.",DevOps Engineer,2,Mid
5028,"Experienced in Docker, Kubernetes, Linux. Worked on CI/CD pipeline. 2 years of experience.",DevOps Engineer,2,Mid
5029,"Experienced in Docker, Kubernetes, Linux. Worked on Cloud deployment. 2 years of experience.",DevOps Engineer,2,Mid
5030,"Experienced in Docker, Kubernetes, Linux. Worked on CI/CD pipeline. 1 years of experience.",DevOps Engineer,1,Junior
5031,"Experienced in AWS, CI/CD, Linux. Worked on Containerized app. 2 years of experience.",DevOps Engineer,2,Mid
5032,"Experienced in AWS, Docker, Linux. Worked on Containerized app. 2 years of experience.",DevOps Engineer,2,Mid
5033,"Experienced in AWS, Kubernetes, CI/CD. Worked on Containerized app. 2 years of experience.",DevOps Engineer,2,Mid
5034,"Experienced in Docker, Linux, CI/CD. Worked on CI/CD pipeline. 3 years of experience.",DevOps Engineer,3,Mid
5035,"Experienced in Docker, CI/CD, AWS. Worked on CI/CD pipeline. 0 years of experience.",DevOps Engineer,0,Junior
5036,"Experienced in Docker, CI/CD, AWS. Worked on Containerized app. 3 years of experience.",DevOps Engineer,3,Mid
5037,"Experienced in Docker, Linux, Kubernetes. Worked on CI/CD pipeline. 5 years of experience.",DevOps Engineer,5,Senior
5038,"Experienced in Kubernetes, Linux, AWS. Worked on Cloud deployment. 0 years of experience.",DevOps Engineer,0,Junior
5039,"Experienced in CI/CD, Linux, Kubernetes. Worked on Containerized app. 0 years of experience.",DevOps Engineer,0,Junior
5040,"Experienced in AWS, CI/CD, Docker. Worked on Containerized app. 0 years of experience.",DevOps Engineer,0,Junior
5041,"Experienced in Docker, CI/CD, Linux. Worked on CI/CD pipeline. 0 years of experience.",DevOps Engineer,0,Junior
5042,"Experienced in AWS, Linux, CI/CD. Worked on Cloud deployment. 1 years of experience.",DevOps Engineer,1,Junior
5043,"Experienced in AWS, Kubernetes, Linux. Worked on CI/CD pipeline. 4 years of experience.",DevOps Engineer,4,Senior
5044,"Experienced in CI/CD, Docker, AWS. Worked on CI/CD pipeline. 0 years of experience.",DevOps Engineer,0,Junior
5045,"Experienced in Linux, AWS, CI/CD. Worked on Cloud deployment. 5 years of experience.",DevOps Engineer,5,Senior
5046,"Experienced in Docker, Linux, Kubernetes. Worked on Cloud deployment. 4 years of experience.",DevOps Engineer,4,Senior
5047,"Experienced in Kubernetes, Docker, Linux. Worked on Containerized app. 1 years of experience.",DevOps Engineer,1,Junior
5048,"Experienced in AWS, Linux, CI/CD. Worked on CI/CD pipeline. 2 years of experience.",DevOps Engineer,2,Mid
5049,"Experienced in CI/CD, AWS, Linux. Worked on Containerized app. 1 years of experience.",DevOps Engineer,1,Junior
5050,"Experienced in Docker, Linux, AWS. Worked on Containerized app. 3 years of experience.",DevOps Engineer,3,Mid
5051,"Experienced in CI/CD, Docker, AWS. Worked on Containerized app. 4 years of experience.",DevOps Engineer,4,Senior
5052,"Experienced in Linux, CI/CD, AWS. Worked on Containerized app. 3 years of experience.",DevOps Engineer,3,Mid
5053,"Experienced in Kubernetes, CI/CD, AWS. Worked on CI/CD pipeline. 4 years of experience.",DevOps Engineer,4,Senior
5054,"Experienced in Linux, AWS, CI/CD. Worked on CI/CD pipeline. 4 years of experience.",DevOps Engineer,4,Senior
5055,"Experienced in Linux, CI/CD, Kubernetes. Worked on Cloud deployment. 2 years of experience.",DevOps Engineer,2,Mid
5056,"Experienced in Kubernetes, Docker, Linux. Worked on Cloud deployment. 1 years of experience.",DevOps Engineer,1,Junior
5057,"Experienced in CI/CD, Docker, AWS. Worked on Containerized app. 4 years of experience.",DevOps Engineer,4,Senior
5058,"Experienced in Docker, Kubernetes, CI/CD. Worked on CI/CD pipeline. 1 years of experience.",DevOps Engineer,1,Junior
5059,"Experienced in CI/CD, Kubernetes, AWS. Worked on Containerized app. 3 years of experience.",DevOps Engineer,3,Mid
5060,"Experienced in Docker, Kubernetes, Linux. Worked on CI/CD pipeline. 0 years of experience.",DevOps Engineer,0,Junior
5061,"Experienced in Linux, CI/CD, Kubernetes. Worked on CI/CD pipeline. 3 years of experience.",DevOps Engineer,3,Mid
5062,"Experienced in CI/CD, Docker, Linux. Worked on CI/CD pipeline. 4 years of experience.",DevOps Engineer,4,Senior
5063,"Experienced in Linux, Kubernetes, AWS. Worked on CI/CD pipeline. 0 years of experience.",DevOps Engineer,0,Junior
5064,"Experienced in Docker, Kubernetes, AWS. Worked on Containerized app. 5 years of experience.",DevOps Engineer,5,Senior
5065,"Experienced in Docker, Linux, AWS. Worked on CI/CD pipeline. 4 years of experience.",DevOps Engineer,4,Senior
5066,"Experienced in Linux, CI/CD, Kubernetes. Worked on Containerized app. 3 years of experience.",DevOps Engineer,3,Mid
5067,"Experienced in Linux, Docker, Kubernetes. Worked on Cloud deployment. 3 years of experience.",DevOps Engineer,3,Mid
5068,"Experienced in AWS, Linux, CI/CD. Worked on Cloud deployment. 5 years of experience.",DevOps Engineer,5,Senior
5069,"Experienced in AWS, Linux, CI/CD. Worked on Cloud deployment. 2 years of experience.",DevOps Engineer,2,Mid
5070,"Experienced in Docker, AWS, CI/CD. Worked on Cloud deployment. 3 years of experience.",DevOps Engineer,3,Mid
5071,"Experienced in CI/CD, Linux, Docker. Worked on Containerized app. 1 years of experience.",DevOps Engineer,1,Junior
5072,"Experienced in Kubernetes, Docker, Linux. Worked on CI/CD pipeline. 5 years of experience.",DevOps Engineer,5,Senior
5073,"Experienced in CI/CD, AWS, Docker. Worked on Cloud deployment. 4 years of experience.",DevOps Engineer,4,Senior
5074,"Experienced in Kubernetes, AWS, CI/CD. Worked on Containerized app. 4 years of experience.",DevOps Engineer,4,Senior
5075,"Experienced in Docker, AWS, CI/CD. Worked on Containerized app. 4 years of experience.",DevOps Engineer,4,Senior
5076,"Experienced in Linux, CI/CD, AWS. Worked on Cloud deployment. 0 years of experience.",DevOps Engineer,0,Junior
5077,"Experienced in Kubernetes, CI/CD, Docker. Worked on CI/CD pipeline. 0 years of experience.",DevOps Engineer,0,Junior
5078,"Experienced in Docker, AWS, CI/CD. Worked on Containerized app. 1 years of experience.",DevOps Engineer,1,Junior
5079,"Experienced in AWS, Docker, Linux. Worked on CI/CD pipeline. 5 years of experience.",DevOps Engineer,5,Senior
5080,"Experienced in Kubernetes, AWS, Linux. Worked on CI/CD pipeline. 3 years of experience.",DevOps Engineer,3,Mid
5081,"Experienced in Kubernetes, CI/CD, Docker. Worked on Cloud deployment. 3 years of experience.",DevOps Engineer,3,Mid
5082,"Experienced in Docker, AWS, Kubernetes. Worked on Containerized app. 0 years of experience.",DevOps Engineer,0,Junior
5083,"Experienced in Docker, Linux, CI/CD. Worked on Cloud deployment. 3 years of experience.",DevOps Engineer,3,Mid
5084,"Experienced in Kubernetes, Linux, AWS. Worked on Containerized app. 1 years of experience.",DevOps Engineer,1,Junior
5085,"Experienced in AWS, Linux, CI/CD. Worked on Cloud deployment. 0 years of experience.",DevOps Engineer,0,Junior
5086,"Experienced in Kubernetes, AWS, Linux. Worked on Containerized app. 3 years of experience.",DevOps Engineer,3,Mid
5087,"Experienced in CI/CD, Docker, Kubernetes. Worked on Containerized app. 1 years of experience.",DevOps Engineer,1,Junior
5088,"Experienced in Docker, Linux, AWS. Worked on Cloud deployment. 3 years of experience.",DevOps Engineer,3,Mid
5089,"Experienced in CI/CD, Docker, AWS. Worked on Cloud deployment. 2 years of experience.",DevOps Engineer,2,Mid
5090,"Experienced in Kubernetes, AWS, Docker. Worked on Containerized app. 4 years of experience.",DevOps Engineer,4,Senior
5091,"Experienced in Docker, Kubernetes, CI/CD. Worked on Containerized app. 5 years of experience.",DevOps Engineer,5,Senior
5092,"Experienced in CI/CD, Kubernetes, Linux. Worked on Cloud deployment. 5 years of experience.",DevOps Engineer,5,Senior
5093,"Experienced in Docker, CI/CD, Linux. Worked on Containerized app. 0 years of experience.",DevOps Engineer,0,Junior
5094,"Experienced in AWS, Kubernetes, Docker. Worked on Cloud deployment. 4 years of experience.",DevOps Engineer,4,Senior
5095,"Experienced in CI/CD, Docker, Linux. Worked on CI/CD pipeline. 4 years of experience.",DevOps Engineer,4,Senior
5096,"Experienced in Docker, Linux, CI/CD. Worked on Cloud deployment. 1 years of experience.",DevOps Engineer,1,Junior
5097,"Experienced in Linux, AWS, CI/CD. Worked on Containerized app. 0 years of experience.",DevOps Engineer,0,Junior
5098,"Experienced in CI/CD, Docker, AWS. Worked on Cloud deployment. 3 years of experience.",DevOps Engineer,3,Mid
5099,"Experienced in CI/CD, Linux, Docker. Worked on CI/CD pipeline. 4 years of experience.",DevOps Engineer,4,Senior
5100,"Experienced in CI/CD, Linux, Kubernetes. Worked on Cloud deployment. 2 years of experience.",DevOps Engineer,2,Mid
5101,"Experienced in AWS, Kubernetes, CI/CD. Worked on Cloud deployment. 1 years of experience.",DevOps Engineer,1,Junior
5102,"Experienced in Docker, Linux, CI/CD. Worked on Containerized app. 2 years of experience.",DevOps Engineer,2,Mid
5103,"Experienced in Docker, Kubernetes, Linux. Worked on Cloud deployment. 4 years of experience.",DevOps Engineer,4,Senior
5104,"Experienced in CI/CD, Kubernetes, AWS. Worked on CI/CD pipeline. 1 years of experience.",DevOps Engineer,1,Junior
5105,"Experienced in Docker, CI/CD, Linux. Worked on Cloud deployment. 2 years of experience.",DevOps Engineer,2,Mid
5106,"Experienced in AWS, Kubernetes, Docker. Worked on Cloud deployment. 1 years of experience.",DevOps Engineer,1,Junior
5107,"Experienced in Kubernetes, Docker, AWS. Worked on CI/CD pipeline. 1 years of experience.",DevOps Engineer,1,Junior
5108,"Experienced in Docker, AWS, Kubernetes. Worked on Cloud deployment. 1 years of experience.",DevOps Engineer,1,Junior
5109,"Experienced in Linux, Docker, AWS. Worked on Containerized app. 4 years of experience.",DevOps Engineer,4,Senior
5110,"Experienced in Docker, Kubernetes, Linux. Worked on Cloud deployment. 3 years of experience.",DevOps Engineer,3,Mid
5111,"Experienced in AWS, Kubernetes, Linux. Worked on CI/CD pipeline. 5 years of experience.",DevOps Engineer,5,Senior
5112,"Experienced in Docker, AWS, Kubernetes. Worked on Cloud deployment. 1 years of experience.",DevOps Engineer,1,Junior
5113,"Experienced in Docker, Linux, CI/CD. Worked on Cloud deployment. 1 years of experience.",DevOps Engineer,1,Junior
5114,"Experienced in Kubernetes, Linux, AWS. Worked on CI/CD pipeline. 4 years of experience.",DevOps Engineer,4,Senior
5115,"Experienced in AWS, Kubernetes, Docker. Worked on Containerized app. 3 years of experience.",DevOps Engineer,3,Mid
5116,"Experienced in Docker, Linux, Kubernetes. Worked on Containerized app. 3 years of experience.",DevOps Engineer,3,Mid
5117,"Experienced in CI/CD, Docker, Kubernetes. Worked on CI/CD pipeline. 0 years of experience.",DevOps Engineer,0,Junior
5118,"Experienced in Docker, Linux, CI/CD. Worked on Cloud deployment. 0 years of experience.",DevOps Engineer,0,Junior
5119,"Experienced in CI/CD, AWS, Docker. Worked on Cloud deployment. 3 years of experience.",DevOps Engineer,3,Mid
5120,"Experienced in Docker, Kubernetes, AWS. Worked on Containerized app. 1 years of experience.",DevOps Engineer,1,Junior
5121,"Experienced in CI/CD, AWS, Linux. Worked on CI/CD pipeline. 5 years of experience.",DevOps Engineer,5,Senior
5122,"Experienced in Docker, Linux, AWS. Worked on Containerized app. 3 years of experience.",DevOps Engineer,3,Mid
5123,"Experienced in Kubernetes, AWS, Docker. Worked on CI/CD pipeline. 0 years of experience.",DevOps Engineer,0,Junior
5124,"Experienced in AWS, CI/CD, Linux. Worked on Containerized app. 1 years of experience.",DevOps Engineer,1,Junior
5125,"Experienced in Docker, Kubernetes, AWS. Worked on CI/CD pipeline. 2 years of experience.",DevOps Engineer,2,Mid
5126,"Experienced in Linux, Docker, CI/CD. Worked on Cloud deployment. 0 years of experience.",DevOps Engineer,0,Junior
5127,"Experienced in AWS, Linux, Docker. Worked on Cloud deployment. 1 years of experience.",DevOps Engineer,1,Junior
5128,"Experienced in AWS, Docker, Kubernetes. Worked on Cloud deployment. 3 years of experience.",DevOps Engineer,3,Mid
5129,"Experienced in Docker, CI/CD, AWS. Worked on Cloud deployment. 0 years of experience.",DevOps Engineer,0,Junior
5130,"Experienced in CI/CD, Linux, Docker. Worked on Containerized app. 1 years of experience.",DevOps Engineer,1,Junior
5131,"Experienced in CI/CD, Kubernetes, AWS. Worked on Containerized app. 1 years of experience.",DevOps Engineer,1,Junior
5132,"Experienced in Docker, AWS, CI/CD. Worked on CI/CD pipeline. 2 years of experience.",DevOps Engineer,2,Mid
5133,"Experienced in Linux, Docker, Kubernetes. Worked on Cloud deployment. 3 years of experience.",DevOps Engineer,3,Mid
5134,"Experienced in Kubernetes, AWS, Docker. Worked on Containerized app. 4 years of experience.",DevOps Engineer,4,Senior
5135,"Experienced in Docker, Linux, AWS. Worked on Containerized app. 5 years of experience.",DevOps Engineer,5,Senior
5136,"Experienced in Linux, CI/CD, AWS. Worked on CI/CD pipeline. 2 years of experience.",DevOps Engineer,2,Mid
5137,"Experienced in Docker, Kubernetes, AWS. Worked on CI/CD pipeline. 2 years of experience.",DevOps Engineer,2,Mid
5138,"Experienced in Kubernetes, AWS, Linux. Worked on CI/CD pipeline. 1 years of experience.",DevOps Engineer,1,Junior
5139,"Experienced in Linux, AWS, Kubernetes. Worked on Containerized app. 2 years of experience.",DevOps Engineer,2,Mid
5140,"Experienced in AWS, Linux, Docker. Worked on CI/CD pipeline. 0 years of experience.",DevOps Engineer,0,Junior
5141,"Experienced in Docker, AWS, CI/CD. Worked on CI/CD pipeline. 4 years of experience.",DevOps Engineer,4,Senior
5142,"Experienced in Kubernetes, Docker, AWS. Worked on CI/CD pipeline. 1 years of experience.",DevOps Engineer,1,Junior
5143,"Experienced in Linux, Kubernetes, AWS. Worked on Cloud deployment. 3 years of experience.",DevOps Engineer,3,Mid
5144,"Experienced in Kubernetes, AWS, CI/CD. Worked on CI/CD pipeline. 5 years of experience.",DevOps Engineer,5,Senior
5145,"Experienced in Kubernetes, CI/CD, AWS. Worked on Containerized app. 3 years of experience.",DevOps Engineer,3,Mid
5146,"Experienced in AWS, CI/CD, Linux. Worked on Containerized app. 5 years of experience.",DevOps Engineer,5,Senior
5147,"Experienced in Docker, AWS, CI/CD. Worked on Cloud deployment. 5 years of experience.",DevOps Engineer,5,Senior
5148,"Experienced in Docker, AWS, Linux. Worked on Cloud deployment. 3 years of experience.",DevOps Engineer,3,Mid
5149,"Experienced in Docker, Kubernetes, AWS. Worked on Cloud deployment. 0 years of experience.",DevOps Engineer,0,Junior
5150,"Experienced in CI/CD, AWS, Kubernetes. Worked on Cloud deployment. 4 years of experience.",DevOps Engineer,4,Senior
5151,"Experienced in Linux, CI/CD, Kubernetes. Worked on Containerized app. 2 years of experience.",DevOps Engineer,2,Mid
5152,"Experienced in Linux, Docker, Kubernetes. Worked on CI/CD pipeline. 2 years of experience.",DevOps Engineer,2,Mid
5153,"Experienced in CI/CD, Docker, AWS. Worked on Containerized app. 4 years of experience.",DevOps Engineer,4,Senior
5154,"Experienced in Kubernetes, Docker, Linux. Worked on Cloud deployment. 4 years of experience.",DevOps Engineer,4,Senior
5155,"Experienced in AWS, Docker, Kubernetes. Worked on Cloud deployment. 0 years of experience.",DevOps Engineer,0,Junior
5156,"Experienced in CI/CD, Docker, Linux. Worked on Cloud deployment. 3 years of experience.",DevOps Engineer,3,Mid
5157,"Experienced in CI/CD, Kubernetes, AWS. Worked on Cloud deployment. 0 years of experience.",DevOps Engineer,0,Junior
5158,"Experienced in Kubernetes, CI/CD, Linux. Worked on CI/CD pipeline. 5 years of experience.",DevOps Engineer,5,Senior
5159,"Experienced in AWS, CI/CD, Linux. Worked on CI/CD pipeline. 2 years of experience.",DevOps Engineer,2,Mid
5160,"Experienced in CI/CD, Linux, Kubernetes. Worked on CI/CD pipeline. 1 years of experience.",DevOps Engineer,1,Junior
5161,"Experienced in Docker, Kubernetes, CI/CD. Worked on Containerized app. 0 years of experience.",DevOps Engineer,0,Junior
5162,"Experienced in AWS, CI/CD, Kubernetes. Worked on Cloud deployment. 4 years of experience.",DevOps Engineer,4,Senior
5163,"Experienced in Docker, Kubernetes, CI/CD. Worked on Cloud deployment. 2 years of experience.",DevOps Engineer,2,Mid
5164,"Experienced in Docker, Kubernetes, Linux. Worked on Containerized app. 0 years of experience.",DevOps Engineer,0,Junior
5165,"Experienced in Kubernetes, AWS, Linux. Worked on Cloud deployment. 4 years of experience.",DevOps Engineer,4,Senior
5166,"Experienced in Kubernetes, AWS, CI/CD. Worked on Cloud deployment. 0 years of experience.",DevOps Engineer,0,Junior
5167,"Experienced in Docker, Kubernetes, CI/CD. Worked on CI/CD pipeline. 2 years of experience.",DevOps Engineer,2,Mid
5168,"Experienced in Kubernetes, Linux, CI/CD. Worked on Containerized app. 3 years of experience.",DevOps Engineer,3,Mid
5169,"Experienced in Kubernetes, CI/CD, Linux. Worked on Containerized app. 3 years of experience.",DevOps Engineer,3,Mid
5170,"Experienced in Linux, Kubernetes, Docker. Worked on Cloud deployment. 5 years of experience.",DevOps Engineer,5,Senior
5171,"Experienced in AWS, CI/CD, Linux. Worked on Containerized app. 2 years of experience.",DevOps Engineer,2,Mid
5172,"Experienced in Linux, Docker, Kubernetes. Worked on Containerized app. 0 years of experience.",DevOps Engineer,0,Junior
5173,"Experienced in Docker, Linux, CI/CD. Worked on Containerized app. 4 years of experience.",DevOps Engineer,4,Senior
5174,"Experienced in AWS, CI/CD, Docker. Worked on Cloud deployment. 0 years of experience.",DevOps Engineer,0,Junior
5175,"Experienced in CI/CD, Linux, Docker. Worked on Cloud deployment. 2 years of experience.",DevOps Engineer,2,Mid
5176,"Experienced in Linux, AWS, Kubernetes. Worked on Cloud deployment. 2 years of experience.",DevOps Engineer,2,Mid
5177,"Experienced in Docker, Linux, Kubernetes. Worked on Containerized app. 2 years of experience.",DevOps Engineer,2,Mid
5178,"Experienced in Docker, Linux, Kubernetes. Worked on Containerized app. 2 years of experience.",DevOps Engineer,2,Mid
5179,"Experienced in Kubernetes, CI/CD, Linux. Worked on CI/CD pipeline. 1 years of experience.",DevOps Engineer,1,Junior
5180,"Experienced in Kubernetes, CI/CD, AWS. Worked on CI/CD pipeline. 3 years of experience.",DevOps Engineer,3,Mid
5181,"Experienced in CI/CD, AWS, Docker. Worked on Containerized app. 1 years of experience.",DevOps Engineer,1,Junior
5182,"Experienced in CI/CD, Kubernetes, AWS. Worked on Containerized app. 3 years of experience.",DevOps Engineer,3,Mid
5183,"Experienced in Docker, Linux, AWS. Worked on Containerized app. 0 years of experience.",DevOps Engineer,0,Junior
5184,"Experienced in Linux, Kubernetes, Docker. Worked on CI/CD pipeline. 0 years of experience.",DevOps Engineer,0,Junior
5185,"Experienced in Docker, Linux, CI/CD. Worked on Cloud deployment. 0 years of experience.",DevOps Engineer,0,Junior
5186,"Experienced in Kubernetes, Linux, Docker. Worked on CI/CD pipeline. 3 years of experience.",DevOps Engineer,3,Mid
5187,"Experienced in AWS, Kubernetes, CI/CD. Worked on Cloud deployment. 4 years of experience.",DevOps Engineer,4,Senior
5188,"Experienced in Linux, AWS, Docker. Worked on Containerized app. 3 years of experience.",DevOps Engineer,3,Mid
5189,"Experienced in CI/CD, AWS, Docker. Worked on Cloud deployment. 3 years of experience.",DevOps Engineer,3,Mid
5190,"Experienced in AWS, CI/CD, Linux. Worked on CI/CD pipeline. 4 years of experience.",DevOps Engineer,4,Senior
5191,"Experienced in Docker, Kubernetes, AWS. Worked on CI/CD pipeline. 3 years of experience.",DevOps Engineer,3,Mid
5192,"Experienced in Docker, Kubernetes, AWS. Worked on CI/CD pipeline. 4 years of experience.",DevOps Engineer,4,Senior
5193,"Experienced in Linux, CI/CD, Docker. Worked on CI/CD pipeline. 5 years of experience.",DevOps Engineer,5,Senior
5194,"Experienced in AWS, Linux, Docker. Worked on Containerized app. 0 years of experience.",DevOps Engineer,0,Junior
5195,"Experienced in CI/CD, Docker, Kubernetes. Worked on Containerized app. 0 years of experience.",DevOps Engineer,0,Junior
5196,"Experienced in CI/CD, Linux, Docker. Worked on Containerized app. 4 years of experience.",DevOps Engineer,4,Senior
5197,"Experienced in Kubernetes, Linux, CI/CD. Worked on Cloud deployment. 0 years of experience.",DevOps Engineer,0,Junior
5198,"Experienced in Docker, Kubernetes, AWS. Worked on CI/CD pipeline. 2 years of experience.",DevOps Engineer,2,Mid
5199,"Experienced in Kubernetes, AWS, Linux. Worked on Containerized app. 3 years of experience.",DevOps Engineer,3,Mid
5200,"Experienced in CI/CD, AWS, Docker. Worked on Containerized app. 0 years of experience.",DevOps Engineer,0,Junior
5201,"Experienced in Docker, Linux, AWS. Worked on Containerized app. 0 years of experience.",DevOps Engineer,0,Junior
5202,"Experienced in AWS, Linux, CI/CD. Worked on Cloud deployment. 2 years of experience.",DevOps Engineer,2,Mid
5203,"Experienced in Kubernetes, CI/CD, AWS. Worked on CI/CD pipeline. 3 years of experience.",DevOps Engineer,3,Mid
5204,"Experienced in Linux, Docker, AWS. Worked on Cloud deployment. 5 years of experience.",DevOps Engineer,5,Senior
5205,"Experienced in Kubernetes, Linux, Docker. Worked on CI/CD pipeline. 2 years of experience.",DevOps Engineer,2,Mid
5206,"Experienced in Kubernetes, CI/CD, AWS. Worked on Cloud deployment. 1 years of experience.",DevOps Engineer,1,Junior
5207,"Experienced in CI/CD, Linux, AWS. Worked on Cloud deployment. 4 years of experience.",DevOps Engineer,4,Senior
5208,"Experienced in AWS, Docker, CI/CD. Worked on Containerized app. 3 years of experience.",DevOps Engineer,3,Mid
5209,"Experienced in AWS, Kubernetes, Docker. Worked on CI/CD pipeline. 3 years of experience.",DevOps Engineer,3,Mid
5210,"Experienced in Docker, AWS, CI/CD. Worked on Cloud deployment. 2 years of experience.",DevOps Engineer,2,Mid
5211,"Experienced in Kubernetes, CI/CD, Linux. Worked on Cloud deployment. 0 years of experience.",DevOps Engineer,0,Junior
5212,"Experienced in CI/CD, Kubernetes, Docker. Worked on Cloud deployment. 5 years of experience.",DevOps Engineer,5,Senior
5213,"Experienced in Linux, CI/CD, AWS. Worked on CI/CD pipeline. 5 years of experience.",DevOps Engineer,5,Senior
5214,"Experienced in Docker, AWS, CI/CD. Worked on Containerized app. 0 years of experience.",DevOps Engineer,0,Junior
5215,"Experienced in Linux, Kubernetes, CI/CD. Worked on Containerized app. 0 years of experience.",DevOps Engineer,0,Junior
5216,"Experienced in AWS, Docker, Linux. Worked on Containerized app. 4 years of experience.",DevOps Engineer,4,Senior
5217,"Experienced in AWS, CI/CD, Kubernetes. Worked on Containerized app. 2 years of experience.",DevOps Engineer,2,Mid
5218,"Experienced in Docker, Kubernetes, AWS. Worked on Containerized app. 4 years of experience.",DevOps Engineer,4,Senior
5219,"Experienced in Linux, CI/CD, Kubernetes. Worked on CI/CD pipeline. 2 years of experience.",DevOps Engineer,2,Mid
5220,"Experienced in Kubernetes, AWS, Linux. Worked on Containerized app. 4 years of experience.",DevOps Engineer,4,Senior
5221,"Experienced in CI/CD, Kubernetes, Linux. Worked on Containerized app. 0 years of experience.",DevOps Engineer,0,Junior
5222,"Experienced in CI/CD, Kubernetes, Docker. Worked on CI/CD pipeline. 0 years of experience.",DevOps Engineer,0,Junior
5223,"Experienced in Docker, CI/CD, Kubernetes. Worked on Containerized app. 4 years of experience.",DevOps Engineer,4,Senior
5224,"Experienced in CI/CD, AWS, Kubernetes. Worked on Containerized app. 1 years of experience.",DevOps Engineer,1,Junior
5225,"Experienced in Kubernetes, CI/CD, Docker. Worked on CI/CD pipeline. 2 years of experience.",DevOps Engineer,2,Mid
5226,"Experienced in AWS, CI/CD, Linux. Worked on Containerized app. 4 years of experience.",DevOps Engineer,4,Senior
5227,"Experienced in Linux, Kubernetes, AWS. Worked on Containerized app. 4 years of experience.",DevOps Engineer,4,Senior
5228,"Experienced in Docker, Kubernetes, CI/CD. Worked on Cloud deployment. 5 years of experience.",DevOps Engineer,5,Senior
5229,"Experienced in AWS, CI/CD, Kubernetes. Worked on Containerized app. 1 years of experience.",DevOps Engineer,1,Junior
5230,"Experienced in Kubernetes, Docker, AWS. Worked on Cloud deployment. 0 years of experience.",DevOps Engineer,0,Junior
5231,"Experienced in Linux, Kubernetes, CI/CD. Worked on Cloud deployment. 5 years of experience.",DevOps Engineer,5,Senior
5232,"Experienced in CI/CD, Linux, Kubernetes. Worked on CI/CD pipeline. 0 years of experience.",DevOps Engineer,0,Junior
5233,"Experienced in Kubernetes, CI/CD, Docker. Worked on Cloud deployment. 4 years of experience.",DevOps Engineer,4,Senior
5234,"Experienced in Linux, CI/CD, Docker. Worked on CI/CD pipeline. 3 years of experience.",DevOps Engineer,3,Mid
5235,"Experienced in CI/CD, Linux, AWS. Worked on Cloud deployment. 4 years of experience.",DevOps Engineer,4,Senior
5236,"Experienced in Docker, Kubernetes, AWS. Worked on CI/CD pipeline. 3 years of experience.",DevOps Engineer,3,Mid
5237,"Experienced in CI/CD, Linux, Kubernetes. Worked on CI/CD pipeline. 3 years of experience.",DevOps Engineer,3,Mid
5238,"Experienced in Docker, AWS, Kubernetes. Worked on Cloud deployment. 4 years of experience.",DevOps Engineer,4,Senior
5239,"Experienced in Docker, Kubernetes, AWS. Worked on CI/CD pipeline. 2 years of experience.",DevOps Engineer,2,Mid
5240,"Experienced in Docker, Kubernetes, Linux. Worked on Cloud deployment. 1 years of experience.",DevOps Engineer,1,Junior
5241,"Experienced in CI/CD, Docker, Kubernetes. Worked on CI/CD pipeline. 3 years of experience.",DevOps Engineer,3,Mid
5242,"Experienced in Docker, AWS, Kubernetes. Worked on CI/CD pipeline. 5 years of experience.",DevOps Engineer,5,Senior
5243,"Experienced in CI/CD, Docker, Linux. Worked on Cloud deployment. 4 years of experience.",DevOps Engineer,4,Senior
5244,"Experienced in AWS, Linux, CI/CD. Worked on CI/CD pipeline. 4 years of experience.",DevOps Engineer,4,Senior
5245,"Experienced in CI/CD, Kubernetes, AWS. Worked on Cloud deployment. 0 years of experience.",DevOps Engineer,0,Junior
5246,"Experienced in Docker, CI/CD, Linux. Worked on CI/CD pipeline. 1 years of experience.",DevOps Engineer,1,Junior
5247,"Experienced in Kubernetes, Linux, CI/CD. Worked on CI/CD pipeline. 4 years of experience.",DevOps Engineer,4,Senior
5248,"Experienced in Kubernetes, AWS, CI/CD. Worked on Cloud deployment. 2 years of experience.",DevOps Engineer,2,Mid
5249,"Experienced in Linux, Kubernetes, Docker. Worked on Containerized app. 4 years of experience.",DevOps Engineer,4,Senior
5250,"Experienced in Docker, Linux, AWS. Worked on Containerized app. 2 years of experience.",DevOps Engineer,2,Mid
5251,"Experienced in Linux, AWS, Docker. Worked on Cloud deployment. 2 years of experience.",DevOps Engineer,2,Mid
5252,"Experienced in Kubernetes, Linux, CI/CD. Worked on Cloud deployment. 1 years of experience.",DevOps Engineer,1,Junior
5253,"Experienced in Docker, AWS, Kubernetes. Worked on Cloud deployment. 0 years of experience.",DevOps Engineer,0,Junior
5254,"Experienced in CI/CD, Linux, AWS. Worked on Containerized app. 5 years of experience.",DevOps Engineer,5,Senior
5255,"Experienced in Kubernetes, Docker, AWS. Worked on Containerized app. 4 years of experience.",DevOps Engineer,4,Senior
5256,"Experienced in Docker, AWS, Linux. Worked on Cloud deployment. 0 years of experience.",DevOps Engineer,0,Junior
5257,"Experienced in Linux, Docker, Kubernetes. Worked on Cloud deployment. 3 years of experience.",DevOps Engineer,3,Mid
5258,"Experienced in AWS, Kubernetes, Docker. Worked on Containerized app. 1 years of experience.",DevOps Engineer,1,Junior
5259,"Experienced in Kubernetes, Docker, CI/CD. Worked on CI/CD pipeline. 0 years of experience.",DevOps Engineer,0,Junior
5260,"Experienced in AWS, Linux, CI/CD. Worked on Containerized app. 3 years of experience.",DevOps Engineer,3,Mid
5261,"Experienced in AWS, Linux, CI/CD. Worked on Containerized app. 2 years of experience.",DevOps Engineer,2,Mid
5262,"Experienced in AWS, Kubernetes, CI/CD. Worked on CI/CD pipeline. 3 years of experience.",DevOps Engineer,3,Mid
5263,"Experienced in Kubernetes, CI/CD, Linux. Worked on Cloud deployment. 1 years of experience.",DevOps Engineer,1,Junior
5264,"Experienced in Kubernetes, CI/CD, Linux. Worked on CI/CD pipeline. 4 years of experience.",DevOps Engineer,4,Senior
5265,"Experienced in Docker, Linux, AWS. Worked on Cloud deployment. 4 years of experience.",DevOps Engineer,4,Senior
5266,"Experienced in Kubernetes, Docker, AWS. Worked on CI/CD pipeline. 4 years of experience.",DevOps Engineer,4,Senior
5267,"Experienced in Docker, AWS, CI/CD. Worked on CI/CD pipeline. 0 years of experience.",DevOps Engineer,0,Junior
5268,"Experienced in AWS, Docker, CI/CD. Worked on Cloud deployment. 3 years of experience.",DevOps Engineer,3,Mid
5269,"Experienced in Linux, CI/CD, AWS. Worked on CI/CD pipeline. 3 years of experience.",DevOps Engineer,3,Mid
5270,"Experienced in CI/CD, Kubernetes, Docker. Worked on CI/CD pipeline. 0 years of experience.",DevOps Engineer,0,Junior
5271,"Experienced in Linux, Kubernetes, AWS. Worked on CI/CD pipeline. 5 years of experience.",DevOps Engineer,5,Senior
5272,"Experienced in Linux, AWS, CI/CD. Worked on Containerized app. 2 years of experience.",DevOps Engineer,2,Mid
5273,"Experienced in Kubernetes, Docker, Linux. Worked on Cloud deployment. 4 years of experience.",DevOps Engineer,4,Senior
5274,"Experienced in AWS, Docker, Linux. Worked on CI/CD pipeline. 0 years of experience.",DevOps Engineer,0,Junior
5275,"Experienced in CI/CD, Linux, AWS. Worked on Cloud deployment. 1 years of experience.",DevOps Engineer,1,Junior
5276,"Experienced in Kubernetes, AWS, Linux. Worked on CI/CD pipeline. 2 years of experience.",DevOps Engineer,2,Mid
5277,"Experienced in AWS, Linux, CI/CD. Worked on Containerized app. 1 years of experience.",DevOps Engineer,1,Junior
5278,"Experienced in AWS, CI/CD, Linux. Worked on CI/CD pipeline. 4 years of experience.",DevOps Engineer,4,Senior
5279,"Experienced in Linux, Docker, Kubernetes. Worked on CI/CD pipeline. 5 years of experience.",DevOps Engineer,5,Senior
5280,"Experienced in Linux, CI/CD, Docker. Worked on CI/CD pipeline. 1 years of experience.",DevOps Engineer,1,Junior
5281,"Experienced in Docker, AWS, Kubernetes. Worked on CI/CD pipeline. 3 years of experience.",DevOps Engineer,3,Mid
5282,"Experienced in CI/CD, Linux, AWS. Worked on Cloud deployment. 1 years of experience.",DevOps Engineer,1,Junior
5283,"Experienced in CI/CD, AWS, Kubernetes. Worked on Cloud deployment. 4 years of experience.",DevOps Engineer,4,Senior
5284,"Experienced in Docker, CI/CD, Kubernetes. Worked on Cloud deployment. 1 years of experience.",DevOps Engineer,1,Junior
5285,"Experienced in Docker, CI/CD, Linux. Worked on CI/CD pipeline. 3 years of experience.",DevOps Engineer,3,Mid
5286,"Experienced in AWS, CI/CD, Linux. Worked on CI/CD pipeline. 5 years of experience.",DevOps Engineer,5,Senior
5287,"Experienced in Docker, Kubernetes, Linux. Worked on Cloud deployment. 4 years of experience.",DevOps Engineer,4,Senior
5288,"Experienced in Docker, AWS, Linux. Worked on Cloud deployment. 0 years of experience.",DevOps Engineer,0,Junior
5289,"Experienced in Docker, Kubernetes, CI/CD. Worked on CI/CD pipeline. 1 years of experience.",DevOps Engineer,1,Junior
5290,"Experienced in Docker, Linux, CI/CD. Worked on CI/CD pipeline. 4 years of experience.",DevOps Engineer,4,Senior
5291,"Experienced in CI/CD, Docker, Kubernetes. Worked on Cloud deployment. 3 years of experience.",DevOps Engineer,3,Mid
5292,"Experienced in AWS, Docker, Kubernetes. Worked on Containerized app. 5 years of experience.",DevOps Engineer,5,Senior
5293,"Experienced in Kubernetes, Docker, CI/CD. Worked on CI/CD pipeline. 2 years of experience.",DevOps Engineer,2,Mid
5294,"Experienced in Docker, Linux, AWS. Worked on Cloud deployment. 3 years of experience.",DevOps Engineer,3,Mid
5295,"Experienced in Docker, AWS, Kubernetes. Worked on Cloud deployment. 0 years of experience.",DevOps Engineer,0,Junior
5296,"Experienced in AWS, Kubernetes, Docker. Worked on CI/CD pipeline. 0 years of experience.",DevOps Engineer,0,Junior
5297,"Experienced in CI/CD, Kubernetes, Linux. Worked on Containerized app. 3 years of experience.",DevOps Engineer,3,Mid
5298,"Experienced in Linux, Docker, CI/CD. Worked on CI/CD pipeline. 4 years of experience.",DevOps Engineer,4,Senior
5299,"Experienced in Kubernetes, Docker, Linux. Worked on Containerized app. 2 years of experience.",DevOps Engineer,2,Mid
5300,"Experienced in Linux, Docker, AWS. Worked on Containerized app. 1 years of experience.",DevOps Engineer,1,Junior
5301,"Experienced in CI/CD, AWS, Linux. Worked on CI/CD pipeline. 5 years of experience.",DevOps Engineer,5,Senior
5302,"Experienced in AWS, Docker, Kubernetes. Worked on CI/CD pipeline. 4 years of experience.",DevOps Engineer,4,Senior
5303,"Experienced in Docker, Kubernetes, Linux. Worked on CI/CD pipeline. 3 years of experience.",DevOps Engineer,3,Mid
5304,"Experienced in CI/CD, Linux, Kubernetes. Worked on CI/CD pipeline. 5 years of experience.",DevOps Engineer,5,Senior
5305,"Experienced in Linux, Kubernetes, AWS. Worked on CI/CD pipeline. 5 years of experience.",DevOps Engineer,5,Senior
5306,"Experienced in CI/CD, Kubernetes, Docker. Worked on CI/CD pipeline. 4 years of experience.",DevOps Engineer,4,Senior
5307,"Experienced in Linux, AWS, Docker. Worked on Containerized app. 2 years of experience.",DevOps Engineer,2,Mid
5308,"Experienced in Kubernetes, Docker, Linux. Worked on Cloud deployment. 1 years of experience.",DevOps Engineer,1,Junior
5309,"Experienced in CI/CD, Docker, Kubernetes. Worked on CI/CD pipeline. 1 years of experience.",DevOps Engineer,1,Junior
5310,"Experienced in Docker, Kubernetes, Linux. Worked on CI/CD pipeline. 5 years of experience.",DevOps Engineer,5,Senior
5311,"Experienced in Docker, CI/CD, Linux. Worked on CI/CD pipeline. 5 years of experience.",DevOps Engineer,5,Senior
5312,"Experienced in CI/CD, AWS, Linux. Worked on Containerized app. 0 years of experience.",DevOps Engineer,0,Junior
5313,"Experienced in CI/CD, Linux, AWS. Worked on CI/CD pipeline. 2 years of experience.",DevOps Engineer,2,Mid
5314,"Experienced in Linux, AWS, CI/CD. Worked on Containerized app. 0 years of experience.",DevOps Engineer,0,Junior
5315,"Experienced in Kubernetes, AWS, CI/CD. Worked on Containerized app. 5 years of experience.",DevOps Engineer,5,Senior
5316,"Experienced in CI/CD, Docker, Linux. Worked on Containerized app. 2 years of experience.",DevOps Engineer,2,Mid
5317,"Experienced in AWS, Docker, Kubernetes. Worked on CI/CD pipeline. 0 years of experience.",DevOps Engineer,0,Junior
5318,"Experienced in Linux, CI/CD, Kubernetes. Worked on Cloud deployment. 4 years of experience.",DevOps Engineer,4,Senior
5319,"Experienced in AWS, Docker, Linux. Worked on CI/CD pipeline. 1 years of experience.",DevOps Engineer,1,Junior
5320,"Experienced in Docker, AWS, CI/CD. Worked on Cloud deployment. 1 years of experience.",DevOps Engineer,1,Junior
5321,"Experienced in Linux, CI/CD, AWS. Worked on Containerized app. 4 years of experience.",DevOps Engineer,4,Senior
5322,"Experienced in AWS, Docker, Kubernetes. Worked on Containerized app. 5 years of experience.",DevOps Engineer,5,Senior
5323,"Experienced in Docker, CI/CD, Kubernetes. Worked on Cloud deployment. 2 years of experience.",DevOps Engineer,2,Mid
5324,"Experienced in AWS, Kubernetes, Docker. Worked on Cloud deployment. 5 years of experience.",DevOps Engineer,5,Senior
5325,"Experienced in Docker, Linux, CI/CD. Worked on CI/CD pipeline. 3 years of experience.",DevOps Engineer,3,Mid
5326,"Experienced in AWS, Linux, Docker. Worked on Containerized app. 4 years of experience.",DevOps Engineer,4,Senior
5327,"Experienced in CI/CD, Docker, Kubernetes. Worked on Containerized app. 4 years of experience.",DevOps Engineer,4,Senior
5328,"Experienced in AWS, Kubernetes, CI/CD. Worked on Cloud deployment. 5 years of experience.",DevOps Engineer,5,Senior
5329,"Experienced in Linux, Kubernetes, CI/CD. Worked on Cloud deployment. 5 years of experience.",DevOps Engineer,5,Senior
5330,"Experienced in CI/CD, Kubernetes, Docker. Worked on Cloud deployment. 3 years of experience.",DevOps Engineer,3,Mid
5331,"Experienced in Linux, Kubernetes, Docker. Worked on Containerized app. 2 years of experience.",DevOps Engineer,2,Mid
5332,"Experienced in Linux, CI/CD, Docker. Worked on CI/CD pipeline. 2 years of experience.",DevOps Engineer,2,Mid
5333,"Experienced in AWS, Kubernetes, Linux. Worked on Containerized app. 0 years of experience.",DevOps Engineer,0,Junior
5334,"Experienced in Linux, Docker, Kubernetes. Worked on Containerized app. 3 years of experience.",DevOps Engineer,3,Mid
5335,"Experienced in AWS, Linux, Kubernetes. Worked on Cloud deployment. 0 years of experience.",DevOps Engineer,0,Junior
5336,"Experienced in AWS, Linux, CI/CD. Worked on Containerized app. 3 years of experience.",DevOps Engineer,3,Mid
5337,"Experienced in Linux, CI/CD, Docker. Worked on CI/CD pipeline. 0 years of experience.",DevOps Engineer,0,Junior
5338,"Experienced in Linux, AWS, Kubernetes. Worked on Cloud deployment. 5 years of experience.",DevOps Engineer,5,Senior
5339,"Experienced in Linux, CI/CD, Docker. Worked on CI/CD pipeline. 5 years of experience.",DevOps Engineer,5,Senior
5340,"Experienced in Linux, Kubernetes, AWS. Worked on Cloud deployment. 5 years of experience.",DevOps Engineer,5,Senior
5341,"Experienced in Docker, Linux, AWS. Worked on CI/CD pipeline. 0 years of experience.",DevOps Engineer,0,Junior
5342,"Experienced in CI/CD, AWS, Kubernetes. Worked on CI/CD pipeline. 2 years of experience.",DevOps Engineer,2,Mid
5343,"Experienced in AWS, Kubernetes, CI/CD. Worked on Cloud deployment. 5 years of experience.",DevOps Engineer,5,Senior
5344,"Experienced in CI/CD, Linux, AWS. Worked on Containerized app. 2 years of experience.",DevOps Engineer,2,Mid
5345,"Experienced in Docker, Linux, CI/CD. Worked on Containerized app. 5 years of experience.",DevOps Engineer,5,Senior
5346,"Experienced in CI/CD, Kubernetes, Docker. Worked on CI/CD pipeline. 3 years of experience.",DevOps Engineer,3,Mid
5347,"Experienced in AWS, Linux, Kubernetes. Worked on Cloud deployment. 0 years of experience.",DevOps Engineer,0,Junior
5348,"Experienced in Docker, Kubernetes, Linux. Worked on Containerized app. 4 years of experience.",DevOps Engineer,4,Senior
5349,"Experienced in AWS, Docker, CI/CD. Worked on Cloud deployment. 4 years of experience.",DevOps Engineer,4,Senior
5350,"Experienced in Docker, Kubernetes, CI/CD. Worked on CI/CD pipeline. 3 years of experience.",DevOps Engineer,3,Mid
5351,"Experienced in CI/CD, Kubernetes, Linux. Worked on Cloud deployment. 3 years of experience.",DevOps Engineer,3,Mid
5352,"Experienced in AWS, Docker, Linux. Worked on Containerized app. 1 years of experience.",DevOps Engineer,1,Junior
5353,"Experienced in Linux, AWS, CI/CD. Worked on Cloud deployment. 4 years of experience.",DevOps Engineer,4,Senior
5354,"Experienced in CI/CD, Linux, Docker. Worked on Cloud deployment. 0 years of experience.",DevOps Engineer,0,Junior
5355,"Experienced in CI/CD, AWS, Docker. Worked on CI/CD pipeline. 2 years of experience.",DevOps Engineer,2,Mid
5356,"Experienced in Kubernetes, AWS, Docker. Worked on Containerized app. 4 years of experience.",DevOps Engineer,4,Senior
5357,"Experienced in Docker, Kubernetes, CI/CD. Worked on CI/CD pipeline. 2 years of experience.",DevOps Engineer,2,Mid
5358,"Experienced in AWS, Docker, Linux. Worked on Cloud deployment. 1 years of experience.",DevOps Engineer,1,Junior
5359,"Experienced in CI/CD, Docker, AWS. Worked on CI/CD pipeline. 2 years of experience.",DevOps Engineer,2,Mid
5360,"Experienced in Kubernetes, Linux, AWS. Worked on Containerized app. 0 years of experience.",DevOps Engineer,0,Junior
5361,"Experienced in Docker, CI/CD, AWS. Worked on CI/CD pipeline. 1 years of experience.",DevOps Engineer,1,Junior
5362,"Experienced in Kubernetes, AWS, Linux. Worked on Containerized app. 1 years of experience.",DevOps Engineer,1,Junior
5363,"Experienced in CI/CD, AWS, Docker. Worked on Containerized app. 0 years of experience.",DevOps Engineer,0,Junior
5364,"Experienced in AWS, CI/CD, Linux. Worked on Containerized app. 1 years of experience.",DevOps Engineer,1,Junior
5365,"Experienced in Kubernetes, CI/CD, Linux. Worked on Cloud deployment. 2 years of experience.",DevOps Engineer,2,Mid
5366,"Experienced in Docker, AWS, Kubernetes. Worked on Containerized app. 1 years of experience.",DevOps Engineer,1,Junior
5367,"Experienced in Linux, Kubernetes, AWS. Worked on Containerized app. 1 years of experience.",DevOps Engineer,1,Junior
5368,"Experienced in Docker, CI/CD, AWS. Worked on Containerized app. 3 years of experience.",DevOps Engineer,3,Mid
5369,"Experienced in CI/CD, Kubernetes, AWS. Worked on CI/CD pipeline. 2 years of experience.",DevOps Engineer,2,Mid
5370,"Experienced in Linux, CI/CD, AWS. Worked on Containerized app. 2 years of experience.",DevOps Engineer,2,Mid
5371,"Experienced in Linux, AWS, CI/CD. Worked on Containerized app. 0 years of experience.",DevOps Engineer,0,Junior
5372,"Experienced in CI/CD, Linux, Kubernetes. Worked on CI/CD pipeline. 0 years of experience.",DevOps Engineer,0,Junior
5373,"Experienced in AWS, Linux, CI/CD. Worked on Cloud deployment. 2 years of experience.",DevOps Engineer,2,Mid
5374,"Experienced in AWS, CI/CD, Linux. Worked on Containerized app. 1 years of experience.",DevOps Engineer,1,Junior
5375,"Experienced in Kubernetes, AWS, Linux. Worked on Cloud deployment. 1 years of experience.",DevOps Engineer,1,Junior
5376,"Experienced in CI/CD, AWS, Kubernetes. Worked on CI/CD pipeline. 0 years of experience.",DevOps Engineer,0,Junior
5377,"Experienced in Docker, AWS, Linux. Worked on Containerized app. 4 years of experience.",DevOps Engineer,4,Senior
5378,"Experienced in Docker, AWS, CI/CD. Worked on Cloud deployment. 4 years of experience.",DevOps Engineer,4,Senior
5379,"Experienced in AWS, CI/CD, Docker. Worked on Cloud deployment. 3 years of experience.",DevOps Engineer,3,Mid
5380,"Experienced in Kubernetes, Linux, AWS. Worked on Cloud deployment. 4 years of experience.",DevOps Engineer,4,Senior
5381,"Experienced in Docker, AWS, Kubernetes. Worked on Containerized app. 5 years of experience.",DevOps Engineer,5,Senior
5382,"Experienced in Docker, Linux, Kubernetes. Worked on Cloud deployment. 3 years of experience.",DevOps Engineer,3,Mid
5383,"Experienced in AWS, Linux, CI/CD. Worked on Containerized app. 0 years of experience.",DevOps Engineer,0,Junior
5384,"Experienced in Kubernetes, Docker, CI/CD. Worked on CI/CD pipeline. 3 years of experience.",DevOps Engineer,3,Mid
5385,"Experienced in AWS, CI/CD, Kubernetes. Worked on Cloud deployment. 4 years of experience.",DevOps Engineer,4,Senior
5386,"Experienced in Linux, CI/CD, AWS. Worked on Cloud deployment. 5 years of experience.",DevOps Engineer,5,Senior
5387,"Experienced in Kubernetes, AWS, Docker. Worked on Cloud deployment. 2 years of experience.",DevOps Engineer,2,Mid
5388,"Experienced in AWS, Kubernetes, Docker. Worked on Cloud deployment. 3 years of experience.",DevOps Engineer,3,Mid
5389,"Experienced in AWS, Linux, Docker. Worked on Cloud deployment. 0 years of experience.",DevOps Engineer,0,Junior
5390,"Experienced in Kubernetes, Docker, AWS. Worked on Cloud deployment. 2 years of experience.",DevOps Engineer,2,Mid
5391,"Experienced in CI/CD, Kubernetes, AWS. Worked on CI/CD pipeline. 3 years of experience.",DevOps Engineer,3,Mid
5392,"Experienced in Linux, Kubernetes, CI/CD. Worked on Cloud deployment. 1 years of experience.",DevOps Engineer,1,Junior
5393,"Experienced in Linux, Docker, CI/CD. Worked on Containerized app. 3 years of experience.",DevOps Engineer,3,Mid
5394,"Experienced in Linux, Kubernetes, CI/CD. Worked on Cloud deployment. 1 years of experience.",DevOps Engineer,1,Junior
5395,"Experienced in Kubernetes, Docker, Linux. Worked on Cloud deployment. 1 years of experience.",DevOps Engineer,1,Junior
5396,"Experienced in Kubernetes, AWS, CI/CD. Worked on Cloud deployment. 5 years of experience.",DevOps Engineer,5,Senior
5397,"Experienced in CI/CD, Kubernetes, Linux. Worked on CI/CD pipeline. 4 years of experience.",DevOps Engineer,4,Senior
5398,"Experienced in Kubernetes, CI/CD, AWS. Worked on Cloud deployment. 0 years of experience.",DevOps Engineer,0,Junior
5399,"Experienced in CI/CD, Kubernetes, AWS. Worked on Containerized app. 3 years of experience.",DevOps Engineer,3,Mid
5400,"Experienced in Kubernetes, Docker, CI/CD. Worked on CI/CD pipeline. 1 years of experience.",DevOps Engineer,1,Junior
5401,"Experienced in Docker, CI/CD, Kubernetes. Worked on CI/CD pipeline. 2 years of experience.",DevOps Engineer,2,Mid
5402,"Experienced in AWS, CI/CD, Linux. Worked on CI/CD pipeline. 4 years of experience.",DevOps Engineer,4,Senior
5403,"Experienced in Kubernetes, AWS, Linux. Worked on Cloud deployment. 2 years of experience.",DevOps Engineer,2,Mid
5404,"Experienced in Docker, CI/CD, AWS. Worked on Containerized app. 1 years of experience.",DevOps Engineer,1,Junior
5405,"Experienced in Linux, Docker, AWS. Worked on CI/CD pipeline. 3 years of experience.",DevOps Engineer,3,Mid
5406,"Experienced in AWS, Docker, CI/CD. Worked on Cloud deployment. 3 years of experience.",DevOps Engineer,3,Mid
5407,"Experienced in AWS, Kubernetes, Linux. Worked on CI/CD pipeline. 2 years of experience.",DevOps Engineer,2,Mid
5408,"Experienced in Kubernetes, CI/CD, Linux. Worked on Cloud deployment. 5 years of experience.",DevOps Engineer,5,Senior
5409,"Experienced in Linux, AWS, Docker. Worked on Containerized app. 3 years of experience.",DevOps Engineer,3,Mid
5410,"Experienced in Linux, Docker, CI/CD. Worked on Cloud deployment. 0 years of experience.",DevOps Engineer,0,Junior
5411,"Experienced in CI/CD, Docker, AWS. Worked on CI/CD pipeline. 5 years of experience.",DevOps Engineer,5,Senior
5412,"Experienced in Linux, Docker, Kubernetes. Worked on Cloud deployment. 1 years of experience.",DevOps Engineer,1,Junior
5413,"Experienced in AWS, CI/CD, Docker. Worked on Cloud deployment. 0 years of experience.",DevOps Engineer,0,Junior
5414,"Experienced in Docker, Kubernetes, AWS. Worked on CI/CD pipeline. 4 years of experience.",DevOps Engineer,4,Senior
5415,"Experienced in CI/CD, Kubernetes, Linux. Worked on CI/CD pipeline. 5 years of experience.",DevOps Engineer,5,Senior
5416,"Experienced in Docker, Linux, CI/CD. Worked on CI/CD pipeline. 1 years of experience.",DevOps Engineer,1,Junior
5417,"Experienced in Kubernetes, AWS, Linux. Worked on Containerized app. 2 years of experience.",DevOps Engineer,2,Mid
5418,"Experienced in CI/CD, Kubernetes, AWS. Worked on CI/CD pipeline. 5 years of experience.",DevOps Engineer,5,Senior
5419,"Experienced in CI/CD, AWS, Docker. Worked on Cloud deployment. 3 years of experience.",DevOps Engineer,3,Mid
5420,"Experienced in Docker, AWS, Linux. Worked on Containerized app. 5 years of experience.",DevOps Engineer,5,Senior
5421,"Experienced in Linux, Docker, CI/CD. Worked on CI/CD pipeline. 5 years of experience.",DevOps Engineer,5,Senior
5422,"Experienced in Kubernetes, Linux, Docker. Worked on Containerized app. 1 years of experience.",DevOps Engineer,1,Junior
5423,"Experienced in Docker, AWS, CI/CD. Worked on Cloud deployment. 4 years of experience.",DevOps Engineer,4,Senior
5424,"Experienced in AWS, Kubernetes, Linux. Worked on Containerized app. 4 years of experience.",DevOps Engineer,4,Senior
5425,"Experienced in Docker, Kubernetes, CI/CD. Worked on Cloud deployment. 5 years of experience.",DevOps Engineer,5,Senior
5426,"Experienced in CI/CD, Kubernetes, Linux. Worked on Cloud deployment. 3 years of experience.",DevOps Engineer,3,Mid
5427,"Experienced in Kubernetes, Docker, AWS. Worked on CI/CD pipeline. 1 years of experience.",DevOps Engineer,1,Junior
5428,"Experienced in Docker, CI/CD, Kubernetes. Worked on CI/CD pipeline. 0 years of experience.",DevOps Engineer,0,Junior
5429,"Experienced in Linux, Docker, AWS. Worked on CI/CD pipeline. 4 years of experience.",DevOps Engineer,4,Senior
5430,"Experienced in Kubernetes, CI/CD, Linux. Worked on Containerized app. 3 years of experience.",DevOps Engineer,3,Mid
5431,"Experienced in AWS, Linux, Kubernetes. Worked on Cloud deployment. 3 years of experience.",DevOps Engineer,3,Mid
5432,"Experienced in Kubernetes, AWS, Docker. Worked on CI/CD pipeline. 1 years of experience.",DevOps Engineer,1,Junior
5433,"Experienced in AWS, Kubernetes, Docker. Worked on CI/CD pipeline. 4 years of experience.",DevOps Engineer,4,Senior
5434,"Experienced in Kubernetes, Linux, AWS. Worked on Cloud deployment. 0 years of experience.",DevOps Engineer,0,Junior
5435,"Experienced in AWS, Linux, Docker. Worked on Cloud deployment. 1 years of experience.",DevOps Engineer,1,Junior
5436,"Experienced in AWS, Linux, Docker. Worked on CI/CD pipeline. 2 years of experience.",DevOps Engineer,2,Mid
5437,"Experienced in Kubernetes, Linux, Docker. Worked on CI/CD pipeline. 2 years of experience.",DevOps Engineer,2,Mid
5438,"Experienced in CI/CD, AWS, Kubernetes. Worked on Cloud deployment. 3 years of experience.",DevOps Engineer,3,Mid
5439,"Experienced in Kubernetes, AWS, Linux. Worked on CI/CD pipeline. 2 years of experience.",DevOps Engineer,2,Mid
5440,"Experienced in Kubernetes, AWS, CI/CD. Worked on Containerized app. 5 years of experience.",DevOps Engineer,5,Senior
5441,"Experienced in Docker, CI/CD, Kubernetes. Worked on Cloud deployment. 3 years of experience.",DevOps Engineer,3,Mid
5442,"Experienced in Docker, Linux, Kubernetes. Worked on CI/CD pipeline. 3 years of experience.",DevOps Engineer,3,Mid
5443,"Experienced in Kubernetes, Linux, AWS. Worked on Cloud deployment. 2 years of experience.",DevOps Engineer,2,Mid
5444,"Experienced in CI/CD, Kubernetes, Linux. Worked on CI/CD pipeline. 4 years of experience.",DevOps Engineer,4,Senior
5445,"Experienced in Kubernetes, CI/CD, Docker. Worked on Containerized app. 1 years of experience.",DevOps Engineer,1,Junior
5446,"Experienced in Kubernetes, CI/CD, Docker. Worked on CI/CD pipeline. 1 years of experience.",DevOps Engineer,1,Junior
5447,"Experienced in Docker, Linux, CI/CD. Worked on CI/CD pipeline. 1 years of experience.",DevOps Engineer,1,Junior
5448,"Experienced in Kubernetes, CI/CD, AWS. Worked on CI/CD pipeline. 5 years of experience.",DevOps Engineer,5,Senior
5449,"Experienced in CI/CD, Docker, AWS. Worked on Cloud deployment. 5 years of experience.",DevOps Engineer,5,Senior
5450,"Experienced in CI/CD, Docker, Kubernetes. Worked on Containerized app. 2 years of experience.",DevOps Engineer,2,Mid
5451,"Experienced in Docker, Kubernetes, CI/CD. Worked on Cloud deployment. 0 years of experience.",DevOps Engineer,0,Junior
5452,"Experienced in Kubernetes, AWS, Linux. Worked on CI/CD pipeline. 1 years of experience.",DevOps Engineer,1,Junior
5453,"Experienced in Kubernetes, Linux, Docker. Worked on Containerized app. 2 years of experience.",DevOps Engineer,2,Mid
5454,"Experienced in Kubernetes, CI/CD, Linux. Worked on Containerized app. 4 years of experience.",DevOps Engineer,4,Senior
5455,"Experienced in Kubernetes, Docker, CI/CD. Worked on CI/CD pipeline. 5 years of experience.",DevOps Engineer,5,Senior
5456,"Experienced in AWS, Docker, Kubernetes. Worked on Cloud deployment. 4 years of experience.",DevOps Engineer,4,Senior
5457,"Experienced in Docker, Kubernetes, CI/CD. Worked on Cloud deployment. 1 years of experience.",DevOps Engineer,1,Junior
5458,"Experienced in Kubernetes, Docker, CI/CD. Worked on CI/CD pipeline. 0 years of experience.",DevOps Engineer,0,Junior
5459,"Experienced in Linux, CI/CD, AWS. Worked on Cloud deployment. 5 years of experience.",DevOps Engineer,5,Senior
5460,"Experienced in CI/CD, Linux, Docker. Worked on CI/CD pipeline. 4 years of experience.",DevOps Engineer,4,Senior
5461,"Experienced in AWS, Docker, CI/CD. Worked on CI/CD pipeline. 5 years of experience.",DevOps Engineer,5,Senior
5462,"Experienced in Docker, Kubernetes, Linux. Worked on Cloud deployment. 2 years of experience.",DevOps Engineer,2,Mid
5463,"Experienced in AWS, Linux, Kubernetes. Worked on CI/CD pipeline. 4 years of experience.",DevOps Engineer,4,Senior
5464,"Experienced in Docker, CI/CD, Kubernetes. Worked on CI/CD pipeline. 4 years of experience.",DevOps Engineer,4,Senior
5465,"Experienced in Docker, Kubernetes, Linux. Worked on Containerized app. 5 years of experience.",DevOps Engineer,5,Senior
5466,"Experienced in AWS, Kubernetes, Docker. Worked on CI/CD pipeline. 2 years of experience.",DevOps Engineer,2,Mid
5467,"Experienced in AWS, Kubernetes, CI/CD. Worked on CI/CD pipeline. 0 years of experience.",DevOps Engineer,0,Junior
5468,"Experienced in Linux, Docker, Kubernetes. Worked on Cloud deployment. 2 years of experience.",DevOps Engineer,2,Mid
5469,"Experienced in Docker, Linux, CI/CD. Worked on Cloud deployment. 2 years of experience.",DevOps Engineer,2,Mid
5470,"Experienced in Docker, AWS, Kubernetes. Worked on Cloud deployment. 0 years of experience.",DevOps Engineer,0,Junior
5471,"Experienced in Kubernetes, AWS, CI/CD. Worked on CI/CD pipeline. 5 years of experience.",DevOps Engineer,5,Senior
5472,"Experienced in AWS, Kubernetes, CI/CD. Worked on Cloud deployment. 1 years of experience.",DevOps Engineer,1,Junior
5473,"Experienced in CI/CD, Kubernetes, Docker. Worked on Containerized app. 2 years of experience.",DevOps Engineer,2,Mid
5474,"Experienced in AWS, CI/CD, Kubernetes. Worked on Containerized app. 0 years of experience.",DevOps Engineer,0,Junior
5475,"Experienced in AWS, Linux, CI/CD. Worked on CI/CD pipeline. 2 years of experience.",DevOps Engineer,2,Mid
5476,"Experienced in Kubernetes, AWS, Docker. Worked on Containerized app. 5 years of experience.",DevOps Engineer,5,Senior
5477,"Experienced in AWS, Kubernetes, Linux. Worked on Containerized app. 0 years of experience.",DevOps Engineer,0,Junior
5478,"Experienced in Docker, AWS, Linux. Worked on Containerized app. 2 years of experience.",DevOps Engineer,2,Mid
5479,"Experienced in Docker, AWS, Kubernetes. Worked on CI/CD pipeline. 1 years of experience.",DevOps Engineer,1,Junior
5480,"Experienced in Docker, AWS, Linux. Worked on Containerized app. 2 years of experience.",DevOps Engineer,2,Mid
5481,"Experienced in Linux, CI/CD, AWS. Worked on CI/CD pipeline. 4 years of experience.",DevOps Engineer,4,Senior
5482,"Experienced in Kubernetes, AWS, Docker. Worked on Containerized app. 5 years of experience.",DevOps Engineer,5,Senior
5483,"Experienced in CI/CD, Linux, Kubernetes. Worked on Cloud deployment. 5 years of experience.",DevOps Engineer,5,Senior
5484,"Experienced in AWS, Kubernetes, CI/CD. Worked on CI/CD pipeline. 4 years of experience.",DevOps Engineer,4,Senior
5485,"Experienced in CI/CD, Docker, Linux. Worked on Cloud deployment. 1 years of experience.",DevOps Engineer,1,Junior
5486,"Experienced in Linux, Docker, AWS. Worked on CI/CD pipeline. 3 years of experience.",DevOps Engineer,3,Mid
5487,"Experienced in Docker, Linux, AWS. Worked on Containerized app. 5 years of experience.",DevOps Engineer,5,Senior
5488,"Experienced in Kubernetes, CI/CD, Docker. Worked on Containerized app. 5 years of experience.",DevOps Engineer,5,Senior
5489,"Experienced in CI/CD, Linux, Kubernetes. Worked on Cloud deployment. 1 years of experience.",DevOps Engineer,1,Junior
5490,"Experienced in Kubernetes, Docker, AWS. Worked on Cloud deployment. 3 years of experience.",DevOps Engineer,3,Mid
5491,"Experienced in Docker, Kubernetes, CI/CD. Worked on Cloud deployment. 5 years of experience.",DevOps Engineer,5,Senior
5492,"Experienced in AWS, Docker, CI/CD. Worked on CI/CD pipeline. 4 years of experience.",DevOps Engineer,4,Senior
5493,"Experienced in AWS, Docker, Kubernetes. Worked on Containerized app. 0 years of experience.",DevOps Engineer,0,Junior
5494,"Experienced in Linux, Kubernetes, CI/CD. Worked on Cloud deployment. 4 years of experience.",DevOps Engineer,4,Senior
5495,"Experienced in Docker, CI/CD, Kubernetes. Worked on Cloud deployment. 5 years of experience.",DevOps Engineer,5,Senior
5496,"Experienced in AWS, CI/CD, Docker. Worked on CI/CD pipeline. 0 years of experience.",DevOps Engineer,0,Junior
5497,"Experienced in AWS, Linux, Docker. Worked on Cloud deployment. 0 years of experience.",DevOps Engineer,0,Junior
5498,"Experienced in Docker, CI/CD, Kubernetes. Worked on Containerized app. 3 years of experience.",DevOps Engineer,3,Mid
5499,"Experienced in AWS, Kubernetes, Docker. Worked on CI/CD pipeline. 0 years of experience.",DevOps Engineer,0,Junior
5500,"Experienced in Docker, Kubernetes, CI/CD. Worked on CI/CD pipeline. 0 years of experience.",DevOps Engineer,0,Junior
5501,"Experienced in CI/CD, Linux, AWS. Worked on Containerized app. 2 years of experience.",DevOps Engineer,2,Mid
5502,"Experienced in CI/CD, AWS, Docker. Worked on Cloud deployment. 2 years of experience.",DevOps Engineer,2,Mid
5503,"Experienced in CI/CD, Kubernetes, Linux. Worked on Cloud deployment. 1 years of experience.",DevOps Engineer,1,Junior
5504,"Experienced in Docker, Linux, Kubernetes. Worked on CI/CD pipeline. 1 years of experience.",DevOps Engineer,1,Junior
5505,"Experienced in Kubernetes, Docker, Linux. Worked on CI/CD pipeline. 3 years of experience.",DevOps Engineer,3,Mid
5506,"Experienced in Linux, AWS, Docker. Worked on CI/CD pipeline. 5 years of experience.",DevOps Engineer,5,Senior
5507,"Experienced in AWS, Kubernetes, Docker. Worked on Containerized app. 2 years of experience.",DevOps Engineer,2,Mid
5508,"Experienced in AWS, Kubernetes, Docker. Worked on CI/CD pipeline. 4 years of experience.",DevOps Engineer,4,Senior
5509,"Experienced in Docker, Linux, Kubernetes. Worked on Containerized app. 2 years of experience.",DevOps Engineer,2,Mid
5510,"Experienced in Linux, Kubernetes, AWS. Worked on Containerized app. 5 years of experience.",DevOps Engineer,5,Senior
5511,"Experienced in Linux, CI/CD, AWS. Worked on Cloud deployment. 0 years of experience.",DevOps Engineer,0,Junior
5512,"Experienced in Docker, CI/CD, Linux. Worked on Cloud deployment. 4 years of experience.",DevOps Engineer,4,Senior
5513,"Experienced in Docker, Linux, AWS. Worked on Containerized app. 5 years of experience.",DevOps Engineer,5,Senior
5514,"Experienced in Linux, AWS, Kubernetes. Worked on Containerized app. 4 years of experience.",DevOps Engineer,4,Senior
5515,"Experienced in CI/CD, Kubernetes, Docker. Worked on Containerized app. 2 years of experience.",DevOps Engineer,2,Mid
5516,"Experienced in Linux, CI/CD, Kubernetes. Worked on CI/CD pipeline. 5 years of experience.",DevOps Engineer,5,Senior
5517,"Experienced in CI/CD, Linux, Kubernetes. Worked on Cloud deployment. 5 years of experience.",DevOps Engineer,5,Senior
5518,"Experienced in AWS, Kubernetes, CI/CD. Worked on Containerized app. 3 years of experience.",DevOps Engineer,3,Mid
5519,"Experienced in Linux, AWS, Docker. Worked on Cloud deployment. 5 years of experience.",DevOps Engineer,5,Senior
5520,"Experienced in Docker, Linux, AWS. Worked on Containerized app. 0 years of experience.",DevOps Engineer,0,Junior
5521,"Experienced in CI/CD, AWS, Docker. Worked on CI/CD pipeline. 3 years of experience.",DevOps Engineer,3,Mid
5522,"Experienced in Kubernetes, AWS, CI/CD. Worked on Cloud deployment. 2 years of experience.",DevOps Engineer,2,Mid
5523,"Experienced in Kubernetes, Linux, Docker. Worked on Cloud deployment. 3 years of experience.",DevOps Engineer,3,Mid
5524,"Experienced in AWS, Kubernetes, CI/CD. Worked on Containerized app. 3 years of experience.",DevOps Engineer,3,Mid
5525,"Experienced in Kubernetes, AWS, CI/CD. Worked on Cloud deployment. 3 years of experience.",DevOps Engineer,3,Mid
5526,"Experienced in Kubernetes, Linux, Docker. Worked on Cloud deployment. 0 years of experience.",DevOps Engineer,0,Junior
5527,"Experienced in Linux, AWS, Docker. Worked on CI/CD pipeline. 5 years of experience.",DevOps Engineer,5,Senior
5528,"Experienced in Docker, Kubernetes, AWS. Worked on CI/CD pipeline. 1 years of experience.",DevOps Engineer,1,Junior
5529,"Experienced in AWS, Kubernetes, Linux. Worked on Cloud deployment. 4 years of experience.",DevOps Engineer,4,Senior
5530,"Experienced in Kubernetes, Linux, CI/CD. Worked on Cloud deployment. 4 years of experience.",DevOps Engineer,4,Senior
5531,"Experienced in AWS, Linux, Kubernetes. Worked on Containerized app. 2 years of experience.",DevOps Engineer,2,Mid
5532,"Experienced in Docker, Linux, AWS. Worked on Cloud deployment. 5 years of experience.",DevOps Engineer,5,Senior
5533,"Experienced in AWS, Docker, Linux. Worked on Containerized app. 1 years of experience.",DevOps Engineer,1,Junior
5534,"Experienced in Docker, Linux, Kubernetes. Worked on Cloud deployment. 5 years of experience.",DevOps Engineer,5,Senior
5535,"Experienced in Linux, Kubernetes, AWS. Worked on Cloud deployment. 1 years of experience.",DevOps Engineer,1,Junior
5536,"Experienced in Docker, Kubernetes, Linux. Worked on Containerized app. 1 years of experience.",DevOps Engineer,1,Junior
5537,"Experienced in Kubernetes, CI/CD, Docker. Worked on Containerized app. 2 years of experience.",DevOps Engineer,2,Mid
5538,"Experienced in Linux, Kubernetes, Docker. Worked on Containerized app. 5 years of experience.",DevOps Engineer,5,Senior
5539,"Experienced in Kubernetes, AWS, Docker. Worked on Cloud deployment. 2 years of experience.",DevOps Engineer,2,Mid
5540,"Experienced in AWS, Linux, Kubernetes. Worked on CI/CD pipeline. 4 years of experience.",DevOps Engineer,4,Senior
5541,"Experienced in Linux, CI/CD, AWS. Worked on Cloud deployment. 1 years of experience.",DevOps Engineer,1,Junior
5542,"Experienced in Kubernetes, CI/CD, AWS. Worked on CI/CD pipeline. 4 years of experience.",DevOps Engineer,4,Senior
5543,"Experienced in Kubernetes, AWS, Linux. Worked on Containerized app. 3 years of experience.",DevOps Engineer,3,Mid
5544,"Experienced in Kubernetes, AWS, Docker. Worked on CI/CD pipeline. 0 years of experience.",DevOps Engineer,0,Junior
5545,"Experienced in CI/CD, Linux, AWS. Worked on CI/CD pipeline. 4 years of experience.",DevOps Engineer,4,Senior
5546,"Experienced in CI/CD, Docker, Kubernetes. Worked on Containerized app. 5 years of experience.",DevOps Engineer,5,Senior
5547,"Experienced in AWS, Linux, Kubernetes. Worked on Cloud deployment. 5 years of experience.",DevOps Engineer,5,Senior
5548,"Experienced in Docker, Linux, CI/CD. Worked on CI/CD pipeline. 5 years of experience.",DevOps Engineer,5,Senior
5549,"Experienced in AWS, CI/CD, Kubernetes. Worked on CI/CD pipeline. 4 years of experience.",DevOps Engineer,4,Senior
5550,"Experienced in Docker, AWS, Linux. Worked on Cloud deployment. 2 years of experience.",DevOps Engineer,2,Mid
5551,"Experienced in Linux, Docker, Kubernetes. Worked on Containerized app. 3 years of experience.",DevOps Engineer,3,Mid
5552,"Experienced in Kubernetes, CI/CD, Linux. Worked on CI/CD pipeline. 3 years of experience.",DevOps Engineer,3,Mid
5553,"Experienced in Docker, Linux, CI/CD. Worked on Cloud deployment. 2 years of experience.",DevOps Engineer,2,Mid
5554,"Experienced in Kubernetes, CI/CD, Docker. Worked on CI/CD pipeline. 1 years of experience.",DevOps Engineer,1,Junior
5555,"Experienced in Kubernetes, CI/CD, Linux. Worked on Cloud deployment. 2 years of experience.",DevOps Engineer,2,Mid
5556,"Experienced in Docker, CI/CD, Kubernetes. Worked on CI/CD pipeline. 5 years of experience.",DevOps Engineer,5,Senior
5557,"Experienced in Docker, AWS, CI/CD. Worked on Containerized app. 0 years of experience.",DevOps Engineer,0,Junior
5558,"Experienced in Docker, Kubernetes, Linux. Worked on Cloud deployment. 2 years of experience.",DevOps Engineer,2,Mid
5559,"Experienced in Docker, AWS, Linux. Worked on CI/CD pipeline. 1 years of experience.",DevOps Engineer,1,Junior
5560,"Experienced in Docker, Kubernetes, AWS. Worked on CI/CD pipeline. 0 years of experience.",DevOps Engineer,0,Junior
5561,"Experienced in Kubernetes, AWS, Docker. Worked on Cloud deployment. 2 years of experience.",DevOps Engineer,2,Mid
5562,"Experienced in CI/CD, Kubernetes, Linux. Worked on Containerized app. 4 years of experience.",DevOps Engineer,4,Senior
5563,"Experienced in Kubernetes, Linux, CI/CD. Worked on Containerized app. 4 years of experience.",DevOps Engineer,4,Senior
5564,"Experienced in Kubernetes, Linux, CI/CD. Worked on CI/CD pipeline. 5 years of experience.",DevOps Engineer,5,Senior
5565,"Experienced in AWS, Kubernetes, CI/CD. Worked on Containerized app. 2 years of experience.",DevOps Engineer,2,Mid
5566,"Experienced in Linux, AWS, CI/CD. Worked on Containerized app. 4 years of experience.",DevOps Engineer,4,Senior
5567,"Experienced in Kubernetes, CI/CD, AWS. Worked on CI/CD pipeline. 5 years of experience.",DevOps Engineer,5,Senior
5568,"Experienced in CI/CD, Linux, Kubernetes. Worked on CI/CD pipeline. 3 years of experience.",DevOps Engineer,3,Mid
5569,"Experienced in Kubernetes, Docker, Linux. Worked on Containerized app. 3 years of experience.",DevOps Engineer,3,Mid
5570,"Experienced in Linux, CI/CD, AWS. Worked on Cloud deployment. 5 years of experience.",DevOps Engineer,5,Senior
5571,"Experienced in CI/CD, AWS, Docker. Worked on CI/CD pipeline. 4 years of experience.",DevOps Engineer,4,Senior
5572,"Experienced in Docker, CI/CD, AWS. Worked on Cloud deployment. 3 years of experience.",DevOps Engineer,3,Mid
5573,"Experienced in Docker, AWS, CI/CD. Worked on CI/CD pipeline. 0 years of experience.",DevOps Engineer,0,Junior
5574,"Experienced in CI/CD, Linux, Docker. Worked on Cloud deployment. 1 years of experience.",DevOps Engineer,1,Junior
5575,"Experienced in Linux, Kubernetes, CI/CD. Worked on CI/CD pipeline. 5 years of experience.",DevOps Engineer,5,Senior
5576,"Experienced in Kubernetes, CI/CD, AWS. Worked on Cloud deployment. 0 years of experience.",DevOps Engineer,0,Junior
5577,"Experienced in CI/CD, Kubernetes, Linux. Worked on Containerized app. 4 years of experience.",DevOps Engineer,4,Senior
5578,"Experienced in Linux, Kubernetes, Docker. Worked on CI/CD pipeline. 3 years of experience.",DevOps Engineer,3,Mid
5579,"Experienced in Docker, Kubernetes, Linux. Worked on Containerized app. 3 years of experience.",DevOps Engineer,3,Mid
5580,"Experienced in AWS, CI/CD, Kubernetes. Worked on CI/CD pipeline. 2 years of experience.",DevOps Engineer,2,Mid
5581,"Experienced in Kubernetes, Linux, AWS. Worked on Cloud deployment. 5 years of experience.",DevOps Engineer,5,Senior
5582,"Experienced in Docker, CI/CD, Kubernetes. Worked on CI/CD pipeline. 1 years of experience.",DevOps Engineer,1,Junior
5583,"Experienced in Docker, AWS, CI/CD. Worked on Cloud deployment. 2 years of experience.",DevOps Engineer,2,Mid
5584,"Experienced in Linux, AWS, Kubernetes. Worked on Containerized app. 5 years of experience.",DevOps Engineer,5,Senior
5585,"Experienced in AWS, Kubernetes, Linux. Worked on CI/CD pipeline. 0 years of experience.",DevOps Engineer,0,Junior
5586,"Experienced in Docker, Linux, CI/CD. Worked on Cloud deployment. 3 years of experience.",DevOps Engineer,3,Mid
5587,"Experienced in CI/CD, Linux, AWS. Worked on Containerized app. 5 years of experience.",DevOps Engineer,5,Senior
5588,"Experienced in CI/CD, Linux, AWS. Worked on Cloud deployment. 0 years of experience.",DevOps Engineer,0,Junior
5589,"Experienced in Linux, Kubernetes, CI/CD. Worked on Cloud deployment. 0 years of experience.",DevOps Engineer,0,Junior
5590,"Experienced in Docker, Kubernetes, Linux. Worked on Cloud deployment. 4 years of experience.",DevOps Engineer,4,Senior
5591,"Experienced in AWS, Kubernetes, Linux. Worked on Containerized app. 2 years of experience.",DevOps Engineer,2,Mid
5592,"Experienced in Linux, CI/CD, Docker. Worked on CI/CD pipeline. 5 years of experience.",DevOps Engineer,5,Senior
5593,"Experienced in Docker, CI/CD, Linux. Worked on Containerized app. 4 years of experience.",DevOps Engineer,4,Senior
5594,"Experienced in AWS, Kubernetes, CI/CD. Worked on Cloud deployment. 0 years of experience.",DevOps Engineer,0,Junior
5595,"Experienced in Linux, CI/CD, Docker. Worked on Cloud deployment. 3 years of experience.",DevOps Engineer,3,Mid
5596,"Experienced in Docker, Kubernetes, AWS. Worked on CI/CD pipeline. 1 years of experience.",DevOps Engineer,1,Junior
5597,"Experienced in Kubernetes, CI/CD, AWS. Worked on Containerized app. 4 years of experience.",DevOps Engineer,4,Senior
5598,"Experienced in AWS, CI/CD, Linux. Worked on CI/CD pipeline. 4 years of experience.",DevOps Engineer,4,Senior
5599,"Experienced in Kubernetes, Linux, Docker. Worked on Containerized app. 4 years of experience.",DevOps Engineer,4,Senior
5600,"Experienced in AWS, Docker, Linux. Worked on Cloud deployment. 0 years of experience.",DevOps Engineer,0,Junior
5601,"Experienced in AWS, Linux, Docker. Worked on Containerized app. 3 years of experience.",DevOps Engineer,3,Mid
5602,"Experienced in AWS, Linux, Kubernetes. Worked on Containerized app. 2 years of experience.",DevOps Engineer,2,Mid
5603,"Experienced in Docker, Kubernetes, AWS. Worked on Cloud deployment. 1 years of experience.",DevOps Engineer,1,Junior
5604,"Experienced in Kubernetes, Docker, AWS. Worked on Containerized app. 3 years of experience.",DevOps Engineer,3,Mid
5605,"Experienced in CI/CD, Docker, Linux. Worked on Cloud deployment. 0 years of experience.",DevOps Engineer,0,Junior
5606,"Experienced in CI/CD, Kubernetes, Linux. Worked on Cloud deployment. 0 years of experience.",DevOps Engineer,0,Junior
5607,"Experienced in CI/CD, AWS, Linux. Worked on Cloud deployment. 4 years of experience.",DevOps Engineer,4,Senior
5608,"Experienced in Linux, AWS, CI/CD. Worked on Cloud deployment. 2 years of experience.",DevOps Engineer,2,Mid
5609,"Experienced in CI/CD, AWS, Kubernetes. Worked on Containerized app. 4 years of experience.",DevOps Engineer,4,Senior
5610,"Experienced in CI/CD, Docker, Linux. Worked on Containerized app. 4 years of experience.",DevOps Engineer,4,Senior
5611,"Experienced in Linux, Docker, Kubernetes. Worked on Cloud deployment. 5 years of experience.",DevOps Engineer,5,Senior
5612,"Experienced in Docker, Linux, CI/CD. Worked on CI/CD pipeline. 1 years of experience.",DevOps Engineer,1,Junior
5613,"Experienced in Kubernetes, Docker, CI/CD. Worked on Cloud deployment. 4 years of experience.",DevOps Engineer,4,Senior
5614,"Experienced in CI/CD, AWS, Kubernetes. Worked on CI/CD pipeline. 3 years of experience.",DevOps Engineer,3,Mid
5615,"Experienced in CI/CD, AWS, Linux. Worked on CI/CD pipeline. 0 years of experience.",DevOps Engineer,0,Junior
5616,"Experienced in Kubernetes, AWS, Docker. Worked on Cloud deployment. 5 years of experience.",DevOps Engineer,5,Senior
5617,"Experienced in Linux, CI/CD, Kubernetes. Worked on Containerized app. 4 years of experience.",DevOps Engineer,4,Senior
5618,"Experienced in CI/CD, Docker, Kubernetes. Worked on Cloud deployment. 4 years of experience.",DevOps Engineer,4,Senior
5619,"Experienced in AWS, Kubernetes, Docker. Worked on CI/CD pipeline. 2 years of experience.",DevOps Engineer,2,Mid
5620,"Experienced in Docker, AWS, CI/CD. Worked on Containerized app. 0 years of experience.",DevOps Engineer,0,Junior
5621,"Experienced in AWS, Kubernetes, Docker. Worked on CI/CD pipeline. 3 years of experience.",DevOps Engineer,3,Mid
5622,"Experienced in Docker, AWS, CI/CD. Worked on Containerized app. 5 years of experience.",DevOps Engineer,5,Senior
5623,"Experienced in CI/CD, AWS, Linux. Worked on CI/CD pipeline. 0 years of experience.",DevOps Engineer,0,Junior
5624,"Experienced in Linux, AWS, Docker. Worked on Containerized app. 2 years of experience.",DevOps Engineer,2,Mid
5625,"Experienced in CI/CD, Linux, Kubernetes. Worked on Containerized app. 0 years of experience.",DevOps Engineer,0,Junior
5626,"Experienced in Kubernetes, CI/CD, AWS. Worked on Containerized app. 2 years of experience.",DevOps Engineer,2,Mid
5627,"Experienced in AWS, Docker, CI/CD. Worked on Containerized app. 3 years of experience.",DevOps Engineer,3,Mid
5628,"Experienced in AWS, Linux, Docker. Worked on Containerized app. 5 years of experience.",DevOps Engineer,5,Senior
5629,"Experienced in Docker, Kubernetes, AWS. Worked on Containerized app. 4 years of experience.",DevOps Engineer,4,Senior
5630,"Experienced in Kubernetes, Docker, AWS. Worked on CI/CD pipeline. 3 years of experience.",DevOps Engineer,3,Mid
5631,"Experienced in Docker, CI/CD, Linux. Worked on Containerized app. 2 years of experience.",DevOps Engineer,2,Mid
5632,"Experienced in CI/CD, Kubernetes, Docker. Worked on Containerized app. 0 years of experience.",DevOps Engineer,0,Junior
5633,"Experienced in AWS, Linux, CI/CD. Worked on Containerized app. 0 years of experience.",DevOps Engineer,0,Junior
5634,"Experienced in Linux, AWS, Docker. Worked on Containerized app. 0 years of experience.",DevOps Engineer,0,Junior
5635,"Experienced in Kubernetes, AWS, Docker. Worked on CI/CD pipeline. 2 years of experience.",DevOps Engineer,2,Mid
5636,"Experienced in AWS, CI/CD, Docker. Worked on Containerized app. 4 years of experience.",DevOps Engineer,4,Senior
5637,"Experienced in CI/CD, Kubernetes, AWS. Worked on CI/CD pipeline. 1 years of experience.",DevOps Engineer,1,Junior
5638,"Experienced in Kubernetes, AWS, CI/CD. Worked on Containerized app. 0 years of experience.",DevOps Engineer,0,Junior
5639,"Experienced in Docker, CI/CD, AWS. Worked on CI/CD pipeline. 2 years of experience.",DevOps Engineer,2,Mid
5640,"Experienced in CI/CD, AWS, Linux. Worked on Cloud deployment. 5 years of experience.",DevOps Engineer,5,Senior
5641,"Experienced in CI/CD, AWS, Kubernetes. Worked on Cloud deployment. 2 years of experience.",DevOps Engineer,2,Mid
5642,"Experienced in AWS, CI/CD, Docker. Worked on CI/CD pipeline. 0 years of experience.",DevOps Engineer,0,Junior
5643,"Experienced in Linux, CI/CD, Docker. Worked on Containerized app. 4 years of experience.",DevOps Engineer,4,Senior
5644,"Experienced in Linux, Kubernetes, CI/CD. Worked on CI/CD pipeline. 4 years of experience.",DevOps Engineer,4,Senior
5645,"Experienced in CI/CD, Kubernetes, Linux. Worked on CI/CD pipeline. 4 years of experience.",DevOps Engineer,4,Senior
5646,"Experienced in Docker, Linux, AWS. Worked on Containerized app. 2 years of experience.",DevOps Engineer,2,Mid
5647,"Experienced in Linux, Docker, AWS. Worked on CI/CD pipeline. 5 years of experience.",DevOps Engineer,5,Senior
5648,"Experienced in Kubernetes, CI/CD, Linux. Worked on Containerized app. 1 years of experience.",DevOps Engineer,1,Junior
5649,"Experienced in Kubernetes, Linux, CI/CD. Worked on CI/CD pipeline. 4 years of experience.",DevOps Engineer,4,Senior
5650,"Experienced in Docker, CI/CD, Kubernetes. Worked on CI/CD pipeline. 0 years of experience.",DevOps Engineer,0,Junior
5651,"Experienced in Docker, Linux, AWS. Worked on CI/CD pipeline. 5 years of experience.",DevOps Engineer,5,Senior
5652,"Experienced in Linux, Kubernetes, CI/CD. Worked on CI/CD pipeline. 1 years of experience.",DevOps Engineer,1,Junior
5653,"Experienced in Kubernetes, CI/CD, AWS. Worked on CI/CD pipeline. 2 years of experience.",DevOps Engineer,2,Mid
5654,"Experienced in Docker, CI/CD, Linux. Worked on Cloud deployment. 4 years of experience.",DevOps Engineer,4,Senior
5655,"Experienced in AWS, Kubernetes, CI/CD. Worked on CI/CD pipeline. 2 years of experience.",DevOps Engineer,2,Mid
5656,"Experienced in Kubernetes, AWS, Docker. Worked on CI/CD pipeline. 3 years of experience.",DevOps Engineer,3,Mid
5657,"Experienced in Linux, AWS, Kubernetes. Worked on Cloud deployment. 5 years of experience.",DevOps Engineer,5,Senior
5658,"Experienced in CI/CD, Linux, AWS. Worked on Cloud deployment. 3 years of experience.",DevOps Engineer,3,Mid
5659,"Experienced in Kubernetes, Docker, Linux. Worked on Containerized app. 0 years of experience.",DevOps Engineer,0,Junior
5660,"Experienced in CI/CD, AWS, Kubernetes. Worked on Containerized app. 4 years of experience.",DevOps Engineer,4,Senior
5661,"Experienced in AWS, CI/CD, Kubernetes. Worked on CI/CD pipeline. 3 years of experience.",DevOps Engineer,3,Mid
5662,"Experienced in Linux, Kubernetes, CI/CD. Worked on Containerized app. 5 years of experience.",DevOps Engineer,5,Senior
5663,"Experienced in Docker, AWS, Kubernetes. Worked on Cloud deployment. 2 years of experience.",DevOps Engineer,2,Mid
5664,"Experienced in Docker, Kubernetes, Linux. Worked on CI/CD pipeline. 1 years of experience.",DevOps Engineer,1,Junior
5665,"Experienced in Kubernetes, Docker, AWS. Worked on Cloud deployment. 3 years of experience.",DevOps Engineer,3,Mid
5666,"Experienced in Docker, AWS, Linux. Worked on Containerized app. 0 years of experience.",DevOps Engineer,0,Junior
5667,"Experienced in AWS, Linux, Docker. Worked on CI/CD pipeline. 2 years of experience.",DevOps Engineer,2,Mid
5668,"Experienced in Kubernetes, CI/CD, Docker. Worked on Cloud deployment. 0 years of experience.",DevOps Engineer,0,Junior
5669,"Experienced in AWS, CI/CD, Kubernetes. Worked on Containerized app. 0 years of experience.",DevOps Engineer,0,Junior
5670,"Experienced in CI/CD, Kubernetes, Linux. Worked on Cloud deployment. 1 years of experience.",DevOps Engineer,1,Junior
5671,"Experienced in Linux, Kubernetes, AWS. Worked on CI/CD pipeline. 5 years of experience.",DevOps Engineer,5,Senior
5672,"Experienced in Kubernetes, Linux, CI/CD. Worked on CI/CD pipeline. 0 years of experience.",DevOps Engineer,0,Junior
5673,"Experienced in Linux, AWS, Kubernetes. Worked on CI/CD pipeline. 0 years of experience.",DevOps Engineer,0,Junior
5674,"Experienced in Docker, Kubernetes, Linux. Worked on CI/CD pipeline. 0 years of experience.",DevOps Engineer,0,Junior
5675,"Experienced in AWS, Docker, Linux. Worked on CI/CD pipeline. 0 years of experience.",DevOps Engineer,0,Junior
5676,"Experienced in AWS, CI/CD, Docker. Worked on Cloud deployment. 0 years of experience.",DevOps Engineer,0,Junior
5677,"Experienced in Docker, AWS, Linux. Worked on Cloud deployment. 2 years of experience.",DevOps Engineer,2,Mid
5678,"Experienced in Docker, CI/CD, Kubernetes. Worked on Cloud deployment. 3 years of experience.",DevOps Engineer,3,Mid
5679,"Experienced in Docker, CI/CD, Linux. Worked on CI/CD pipeline. 2 years of experience.",DevOps Engineer,2,Mid
5680,"Experienced in CI/CD, Linux, Kubernetes. Worked on CI/CD pipeline. 1 years of experience.",DevOps Engineer,1,Junior
5681,"Experienced in AWS, CI/CD, Linux. Worked on CI/CD pipeline. 5 years of experience.",DevOps Engineer,5,Senior
5682,"Experienced in Docker, AWS, Kubernetes. Worked on Cloud deployment. 0 years of experience.",DevOps Engineer,0,Junior
5683,"Experienced in Linux, CI/CD, Kubernetes. Worked on Cloud deployment. 3 years of experience.",DevOps Engineer,3,Mid
5684,"Experienced in Kubernetes, Docker, Linux. Worked on Containerized app. 2 years of experience.",DevOps Engineer,2,Mid
5685,"Experienced in AWS, Linux, Kubernetes. Worked on CI/CD pipeline. 1 years of experience.",DevOps Engineer,1,Junior
5686,"Experienced in Kubernetes, CI/CD, AWS. Worked on CI/CD pipeline. 1 years of experience.",DevOps Engineer,1,Junior
5687,"Experienced in Kubernetes, CI/CD, AWS. Worked on Containerized app. 2 years of experience.",DevOps Engineer,2,Mid
5688,"Experienced in CI/CD, Linux, Docker. Worked on Cloud deployment. 4 years of experience.",DevOps Engineer,4,Senior
5689,"Experienced in Kubernetes, Docker, Linux. Worked on Containerized app. 2 years of experience.",DevOps Engineer,2,Mid
5690,"Experienced in Docker, CI/CD, AWS. Worked on CI/CD pipeline. 2 years of experience.",DevOps Engineer,2,Mid
5691,"Experienced in Docker, Kubernetes, AWS. Worked on Cloud deployment. 5 years of experience.",DevOps Engineer,5,Senior
5692,"Experienced in Docker, CI/CD, AWS. Worked on CI/CD pipeline. 5 years of experience.",DevOps Engineer,5,Senior
5693,"Experienced in CI/CD, Docker, Linux. Worked on CI/CD pipeline. 3 years of experience.",DevOps Engineer,3,Mid
5694,"Experienced in Docker, CI/CD, AWS. Worked on CI/CD pipeline. 1 years of experience.",DevOps Engineer,1,Junior
5695,"Experienced in Kubernetes, CI/CD, Docker. Worked on CI/CD pipeline. 0 years of experience.",DevOps Engineer,0,Junior
5696,"Experienced in Docker, Linux, AWS. Worked on CI/CD pipeline. 4 years of experience.",DevOps Engineer,4,Senior
5697,"Experienced in Linux, Kubernetes, AWS. Worked on Cloud deployment. 5 years of experience.",DevOps Engineer,5,Senior
5698,"Experienced in Kubernetes, Docker, AWS. Worked on Containerized app. 2 years of experience.",DevOps Engineer,2,Mid
5699,"Experienced in CI/CD, Kubernetes, AWS. Worked on Containerized app. 2 years of experience.",DevOps Engineer,2,Mid
5700,"Experienced in CI/CD, Kubernetes, Linux. Worked on Containerized app. 5 years of experience.",DevOps Engineer,5,Senior
5701,"Experienced in Linux, CI/CD, AWS. Worked on Cloud deployment. 4 years of experience.",DevOps Engineer,4,Senior
5702,"Experienced in Linux, Docker, Kubernetes. Worked on CI/CD pipeline. 0 years of experience.",DevOps Engineer,0,Junior
5703,"Experienced in Docker, CI/CD, Linux. Worked on CI/CD pipeline. 3 years of experience.",DevOps Engineer,3,Mid
5704,"Experienced in AWS, Linux, Docker. Worked on CI/CD pipeline. 3 years of experience.",DevOps Engineer,3,Mid
5705,"Experienced in Docker, Kubernetes, CI/CD. Worked on Cloud deployment. 0 years of experience.",DevOps Engineer,0,Junior
5706,"Experienced in Kubernetes, Linux, Docker. Worked on CI/CD pipeline. 0 years of experience.",DevOps Engineer,0,Junior
5707,"Experienced in Linux, Kubernetes, AWS. Worked on Containerized app. 0 years of experience.",DevOps Engineer,0,Junior
5708,"Experienced in Linux, AWS, CI/CD. Worked on Cloud deployment. 4 years of experience.",DevOps Engineer,4,Senior
5709,"Experienced in CI/CD, Docker, AWS. Worked on Cloud deployment. 4 years of experience.",DevOps Engineer,4,Senior
5710,"Experienced in Docker, AWS, CI/CD. Worked on Containerized app. 1 years of experience.",DevOps Engineer,1,Junior
5711,"Experienced in AWS, CI/CD, Linux. Worked on Containerized app. 2 years of experience.",DevOps Engineer,2,Mid
5712,"Experienced in CI/CD, Kubernetes, AWS. Worked on CI/CD pipeline. 1 years of experience.",DevOps Engineer,1,Junior
5713,"Experienced in Linux, Docker, CI/CD. Worked on CI/CD pipeline. 0 years of experience.",DevOps Engineer,0,Junior
5714,"Experienced in Docker, AWS, Kubernetes. Worked on CI/CD pipeline. 1 years of experience.",DevOps Engineer,1,Junior
5715,"Experienced in AWS, CI/CD, Docker. Worked on CI/CD pipeline. 5 years of experience.",DevOps Engineer,5,Senior
5716,"Experienced in CI/CD, Docker, Linux. Worked on Cloud deployment. 1 years of experience.",DevOps Engineer,1,Junior
5717,"Experienced in CI/CD, Kubernetes, Docker. Worked on CI/CD pipeline. 4 years of experience.",DevOps Engineer,4,Senior
5718,"Experienced in CI/CD, AWS, Linux. Worked on Containerized app. 4 years of experience.",DevOps Engineer,4,Senior
5719,"Experienced in CI/CD, Kubernetes, Docker. Worked on Cloud deployment. 4 years of experience.",DevOps Engineer,4,Senior
5720,"Experienced in CI/CD, Kubernetes, AWS. Worked on CI/CD pipeline. 4 years of experience.",DevOps Engineer,4,Senior
5721,"Experienced in Docker, Kubernetes, AWS. Worked on Cloud deployment. 2 years of experience.",DevOps Engineer,2,Mid
5722,"Experienced in Docker, Linux, Kubernetes. Worked on Containerized app. 0 years of experience.",DevOps Engineer,0,Junior
5723,"Experienced in Docker, AWS, Linux. Worked on Cloud deployment. 3 years of experience.",DevOps Engineer,3,Mid
5724,"Experienced in AWS, Kubernetes, Linux. Worked on Cloud deployment. 5 years of experience.",DevOps Engineer,5,Senior
5725,"Experienced in Linux, CI/CD, Kubernetes. Worked on Containerized app. 1 years of experience.",DevOps Engineer,1,Junior
5726,"Experienced in CI/CD, Linux, Docker. Worked on Cloud deployment. 5 years of experience.",DevOps Engineer,5,Senior
5727,"Experienced in Docker, Linux, AWS. Worked on CI/CD pipeline. 4 years of experience.",DevOps Engineer,4,Senior
5728,"Experienced in CI/CD, AWS, Kubernetes. Worked on Containerized app. 3 years of experience.",DevOps Engineer,3,Mid
5729,"Experienced in Docker, AWS, Linux. Worked on Containerized app. 1 years of experience.",DevOps Engineer,1,Junior
5730,"Experienced in Linux, Kubernetes, CI/CD. Worked on Containerized app. 1 years of experience.",DevOps Engineer,1,Junior
5731,"Experienced in Kubernetes, Docker, AWS. Worked on CI/CD pipeline. 1 years of experience.",DevOps Engineer,1,Junior
5732,"Experienced in CI/CD, AWS, Docker. Worked on Containerized app. 3 years of experience.",DevOps Engineer,3,Mid
5733,"Experienced in AWS, CI/CD, Kubernetes. Worked on Cloud deployment. 4 years of experience.",DevOps Engineer,4,Senior
5734,"Experienced in Docker, Linux, Kubernetes. Worked on Containerized app. 3 years of experience.",DevOps Engineer,3,Mid
5735,"Experienced in AWS, Linux, CI/CD. Worked on Containerized app. 2 years of experience.",DevOps Engineer,2,Mid
5736,"Experienced in AWS, CI/CD, Linux. Worked on Cloud deployment. 4 years of experience.",DevOps Engineer,4,Senior
5737,"Experienced in Docker, AWS, Kubernetes. Worked on Cloud deployment. 0 years of experience.",DevOps Engineer,0,Junior
5738,"Experienced in Docker, Linux, CI/CD. Worked on CI/CD pipeline. 5 years of experience.",DevOps Engineer,5,Senior
5739,"Experienced in CI/CD, Kubernetes, AWS. Worked on CI/CD pipeline. 2 years of experience.",DevOps Engineer,2,Mid
5740,"Experienced in AWS, Linux, Kubernetes. Worked on Containerized app. 0 years of experience.",DevOps Engineer,0,Junior
5741,"Experienced in Kubernetes, CI/CD, Docker. Worked on Containerized app. 0 years of experience.",DevOps Engineer,0,Junior
5742,"Experienced in Kubernetes, Linux, Docker. Worked on CI/CD pipeline. 1 years of experience.",DevOps Engineer,1,Junior
5743,"Experienced in AWS, Docker, Linux. Worked on CI/CD pipeline. 1 years of experience.",DevOps Engineer,1,Junior
5744,"Experienced in AWS, CI/CD, Linux. Worked on Cloud deployment. 3 years of experience.",DevOps Engineer,3,Mid
5745,"Experienced in Linux, AWS, CI/CD. Worked on Containerized app. 2 years of experience.",DevOps Engineer,2,Mid
5746,"Experienced in Docker, Kubernetes, CI/CD. Worked on CI/CD pipeline. 3 years of experience.",DevOps Engineer,3,Mid
5747,"Experienced in AWS, CI/CD, Linux. Worked on CI/CD pipeline. 3 years of experience.",DevOps Engineer,3,Mid
5748,"Experienced in Linux, AWS, Docker. Worked on CI/CD pipeline. 1 years of experience.",DevOps Engineer,1,Junior
5749,"Experienced in CI/CD, AWS, Linux. Worked on CI/CD pipeline. 4 years of experience.",DevOps Engineer,4,Senior
5750,"Experienced in Linux, Kubernetes, Docker. Worked on Cloud deployment. 3 years of experience.",DevOps Engineer,3,Mid
5751,"Experienced in Linux, AWS, CI/CD. Worked on Cloud deployment. 5 years of experience.",DevOps Engineer,5,Senior
5752,"Experienced in Docker, Linux, CI/CD. Worked on Containerized app. 0 years of experience.",DevOps Engineer,0,Junior
5753,"Experienced in Linux, Docker, AWS. Worked on Containerized app. 1 years of experience.",DevOps Engineer,1,Junior
5754,"Experienced in Linux, AWS, CI/CD. Worked on Cloud deployment. 1 years of experience.",DevOps Engineer,1,Junior
5755,"Experienced in AWS, CI/CD, Kubernetes. Worked on CI/CD pipeline. 4 years of experience.",DevOps Engineer,4,Senior
5756,"Experienced in Docker, CI/CD, AWS. Worked on CI/CD pipeline. 5 years of experience.",DevOps Engineer,5,Senior
5757,"Experienced in Linux, CI/CD, Kubernetes. Worked on Containerized app. 1 years of experience.",DevOps Engineer,1,Junior
5758,"Experienced in CI/CD, Linux, Docker. Worked on Containerized app. 5 years of experience.",DevOps Engineer,5,Senior
5759,"Experienced in Docker, AWS, CI/CD. Worked on Containerized app. 1 years of experience.",DevOps Engineer,1,Junior
5760,"Experienced in AWS, Docker, Linux. Worked on Containerized app. 1 years of experience.",DevOps Engineer,1,Junior
5761,"Experienced in AWS, CI/CD, Linux. Worked on Cloud deployment. 3 years of experience.",DevOps Engineer,3,Mid
5762,"Experienced in AWS, Kubernetes, CI/CD. Worked on Containerized app. 5 years of experience.",DevOps Engineer,5,Senior
5763,"Experienced in AWS, Linux, Kubernetes. Worked on Containerized app. 5 years of experience.",DevOps Engineer,5,Senior
5764,"Experienced in CI/CD, Docker, Kubernetes. Worked on CI/CD pipeline. 2 years of experience.",DevOps Engineer,2,Mid
5765,"Experienced in CI/CD, Kubernetes, Linux. Worked on Cloud deployment. 4 years of experience.",DevOps Engineer,4,Senior
5766,"Experienced in AWS, Linux, CI/CD. Worked on Containerized app. 4 years of experience.",DevOps Engineer,4,Senior
5767,"Experienced in CI/CD, Kubernetes, Docker. Worked on CI/CD pipeline. 3 years of experience.",DevOps Engineer,3,Mid
5768,"Experienced in Linux, AWS, Kubernetes. Worked on Containerized app. 5 years of experience.",DevOps Engineer,5,Senior
5769,"Experienced in AWS, Docker, Kubernetes. Worked on Cloud deployment. 2 years of experience.",DevOps Engineer,2,Mid
5770,"Experienced in AWS, Docker, Kubernetes. Worked on CI/CD pipeline. 0 years of experience.",DevOps Engineer,0,Junior
5771,"Experienced in CI/CD, Linux, Docker. Worked on Containerized app. 0 years of experience.",DevOps Engineer,0,Junior
5772,"Experienced in Kubernetes, Linux, Docker. Worked on Cloud deployment. 1 years of experience.",DevOps Engineer,1,Junior
5773,"Experienced in Docker, AWS, Kubernetes. Worked on Containerized app. 5 years of experience.",DevOps Engineer,5,Senior
5774,"Experienced in Linux, Kubernetes, Docker. Worked on Containerized app. 2 years of experience.",DevOps Engineer,2,Mid
5775,"Experienced in AWS, Kubernetes, CI/CD. Worked on Cloud deployment. 4 years of experience.",DevOps Engineer,4,Senior
5776,"Experienced in CI/CD, Docker, Linux. Worked on CI/CD pipeline. 5 years of experience.",DevOps Engineer,5,Senior
5777,"Experienced in Linux, Docker, AWS. Worked on CI/CD pipeline. 1 years of experience.",DevOps Engineer,1,Junior
5778,"Experienced in Linux, Docker, Kubernetes. Worked on Cloud deployment. 2 years of experience.",DevOps Engineer,2,Mid
5779,"Experienced in AWS, Kubernetes, CI/CD. Worked on CI/CD pipeline. 1 years of experience.",DevOps Engineer,1,Junior
5780,"Experienced in Kubernetes, AWS, CI/CD. Worked on Cloud deployment. 1 years of experience.",DevOps Engineer,1,Junior
5781,"Experienced in Kubernetes, CI/CD, Linux. Worked on CI/CD pipeline. 5 years of experience.",DevOps Engineer,5,Senior
5782,"Experienced in Linux, Kubernetes, AWS. Worked on Containerized app. 4 years of experience.",DevOps Engineer,4,Senior
5783,"Experienced in CI/CD, AWS, Linux. Worked on CI/CD pipeline. 2 years of experience.",DevOps Engineer,2,Mid
5784,"Experienced in Kubernetes, AWS, CI/CD. Worked on Containerized app. 0 years of experience.",DevOps Engineer,0,Junior
5785,"Experienced in AWS, Kubernetes, Linux. Worked on Containerized app. 2 years of experience.",DevOps Engineer,2,Mid
5786,"Experienced in CI/CD, AWS, Kubernetes. Worked on Containerized app. 5 years of experience.",DevOps Engineer,5,Senior
5787,"Experienced in Linux, Docker, AWS. Worked on Containerized app. 2 years of experience.",DevOps Engineer,2,Mid
5788,"Experienced in AWS, CI/CD, Docker. Worked on Cloud deployment. 0 years of experience.",DevOps Engineer,0,Junior
5789,"Experienced in CI/CD, Kubernetes, Docker. Worked on Cloud deployment. 4 years of experience.",DevOps Engineer,4,Senior
5790,"Experienced in CI/CD, AWS, Kubernetes. Worked on Containerized app. 4 years of experience.",DevOps Engineer,4,Senior
5791,"Experienced in Kubernetes, Linux, Docker. Worked on Containerized app. 4 years of experience.",DevOps Engineer,4,Senior
5792,"Experienced in CI/CD, Kubernetes, Docker. Worked on Containerized app. 4 years of experience.",DevOps Engineer,4,Senior
5793,"Experienced in Docker, CI/CD, Kubernetes. Worked on Cloud deployment. 4 years of experience.",DevOps Engineer,4,Senior
5794,"Experienced in Docker, Kubernetes, AWS. Worked on Cloud deployment. 3 years of experience.",DevOps Engineer,3,Mid
5795,"Experienced in AWS, Linux, Kubernetes. Worked on CI/CD pipeline. 4 years of experience.",DevOps Engineer,4,Senior
5796,"Experienced in AWS, Linux, Kubernetes. Worked on CI/CD pipeline. 3 years of experience.",DevOps Engineer,3,Mid
5797,"Experienced in Linux, Kubernetes, Docker. Worked on Containerized app. 0 years of experience.",DevOps Engineer,0,Junior
5798,"Experienced in AWS, Docker, CI/CD. Worked on Containerized app. 3 years of experience.",DevOps Engineer,3,Mid
5799,"Experienced in Kubernetes, Docker, Linux. Worked on Containerized app. 4 years of experience.",DevOps Engineer,4,Senior
5800,"Experienced in CI/CD, Docker, Kubernetes. Worked on Containerized app. 2 years of experience.",DevOps Engineer,2,Mid
5801,"Experienced in Linux, Kubernetes, Docker. Worked on Cloud deployment. 2 years of experience.",DevOps Engineer,2,Mid
5802,"Experienced in AWS, Docker, Kubernetes. Worked on Containerized app. 5 years of experience.",DevOps Engineer,5,Senior
5803,"Experienced in Docker, Linux, Kubernetes. Worked on Cloud deployment. 4 years of experience.",DevOps Engineer,4,Senior
5804,"Experienced in Docker, AWS, CI/CD. Worked on Cloud deployment. 5 years of experience.",DevOps Engineer,5,Senior
5805,"Experienced in Docker, AWS, Kubernetes. Worked on Containerized app. 2 years of experience.",DevOps Engineer,2,Mid
5806,"Experienced in CI/CD, Kubernetes, Linux. Worked on Cloud deployment. 3 years of experience.",DevOps Engineer,3,Mid
5807,"Experienced in CI/CD, Kubernetes, AWS. Worked on Containerized app. 4 years of experience.",DevOps Engineer,4,Senior
5808,"Experienced in Docker, AWS, CI/CD. Worked on CI/CD pipeline. 4 years of experience.",DevOps Engineer,4,Senior
5809,"Experienced in Linux, Docker, CI/CD. Worked on Containerized app. 0 years of experience.",DevOps Engineer,0,Junior
5810,"Experienced in AWS, CI/CD, Kubernetes. Worked on CI/CD pipeline. 2 years of experience.",DevOps Engineer,2,Mid
5811,"Experienced in CI/CD, Docker, AWS. Worked on Containerized app. 3 years of experience.",DevOps Engineer,3,Mid
5812,"Experienced in CI/CD, Linux, Kubernetes. Worked on Containerized app. 4 years of experience.",DevOps Engineer,4,Senior
5813,"Experienced in AWS, CI/CD, Linux. Worked on Containerized app. 5 years of experience.",DevOps Engineer,5,Senior
5814,"Experienced in CI/CD, Linux, Kubernetes. Worked on Containerized app. 4 years of experience.",DevOps Engineer,4,Senior
5815,"Experienced in Docker, AWS, CI/CD. Worked on Cloud deployment. 1 years of experience.",DevOps Engineer,1,Junior
5816,"Experienced in CI/CD, AWS, Kubernetes. Worked on Cloud deployment. 5 years of experience.",DevOps Engineer,5,Senior
5817,"Experienced in Linux, CI/CD, Docker. Worked on CI/CD pipeline. 1 years of experience.",DevOps Engineer,1,Junior
5818,"Experienced in AWS, Docker, CI/CD. Worked on Containerized app. 5 years of experience.",DevOps Engineer,5,Senior
5819,"Experienced in Docker, Kubernetes, CI/CD. Worked on CI/CD pipeline. 0 years of experience.",DevOps Engineer,0,Junior
5820,"Experienced in AWS, Linux, Docker. Worked on CI/CD pipeline. 5 years of experience.",DevOps Engineer,5,Senior
5821,"Experienced in CI/CD, Docker, Linux. Worked on Containerized app. 4 years of experience.",DevOps Engineer,4,Senior
5822,"Experienced in Linux, AWS, Docker. Worked on Containerized app. 4 years of experience.",DevOps Engineer,4,Senior
5823,"Experienced in CI/CD, AWS, Docker. Worked on Cloud deployment. 2 years of experience.",DevOps Engineer,2,Mid
5824,"Experienced in AWS, CI/CD, Kubernetes. Worked on Containerized app. 4 years of experience.",DevOps Engineer,4,Senior
5825,"Experienced in Kubernetes, Linux, CI/CD. Worked on Containerized app. 0 years of experience.",DevOps Engineer,0,Junior
5826,"Experienced in Linux, Kubernetes, Docker. Worked on Cloud deployment. 2 years of experience.",DevOps Engineer,2,Mid
5827,"Experienced in Kubernetes, Docker, AWS. Worked on Cloud deployment. 1 years of experience.",DevOps Engineer,1,Junior
5828,"Experienced in AWS, CI/CD, Docker. Worked on Cloud deployment. 3 years of experience.",DevOps Engineer,3,Mid
5829,"Experienced in AWS, Docker, Linux. Worked on Cloud deployment. 2 years of experience.",DevOps Engineer,2,Mid
5830,"Experienced in Docker, AWS, Linux. Worked on Containerized app. 5 years of experience.",DevOps Engineer,5,Senior
5831,"Experienced in Linux, Docker, AWS. Worked on Containerized app. 4 years of experience.",DevOps Engineer,4,Senior
5832,"Experienced in CI/CD, Docker, AWS. Worked on Cloud deployment. 4 years of experience.",DevOps Engineer,4,Senior
5833,"Experienced in AWS, Docker, Linux. Worked on Cloud deployment. 5 years of experience.",DevOps Engineer,5,Senior
5834,"Experienced in AWS, Docker, Linux. Worked on Containerized app. 2 years of experience.",DevOps Engineer,2,Mid
5835,"Experienced in AWS, Linux, Kubernetes. Worked on CI/CD pipeline. 5 years of experience.",DevOps Engineer,5,Senior
5836,"Experienced in CI/CD, AWS, Docker. Worked on Containerized app. 0 years of experience.",DevOps Engineer,0,Junior
5837,"Experienced in Docker, Linux, AWS. Worked on Containerized app. 4 years of experience.",DevOps Engineer,4,Senior
5838,"Experienced in Linux, Docker, Kubernetes. Worked on Containerized app. 5 years of experience.",DevOps Engineer,5,Senior
5839,"Experienced in Docker, CI/CD, AWS. Worked on CI/CD pipeline. 3 years of experience.",DevOps Engineer,3,Mid
5840,"Experienced in Docker, Linux, Kubernetes. Worked on Containerized app. 1 years of experience.",DevOps Engineer,1,Junior
5841,"Experienced in Linux, AWS, Docker. Worked on Cloud deployment. 5 years of experience.",DevOps Engineer,5,Senior
5842,"Experienced in Docker, Linux, AWS. Worked on Cloud deployment. 1 years of experience.",DevOps Engineer,1,Junior
5843,"Experienced in Docker, AWS, CI/CD. Worked on CI/CD pipeline. 2 years of experience.",DevOps Engineer,2,Mid
5844,"Experienced in Linux, CI/CD, AWS. Worked on CI/CD pipeline. 2 years of experience.",DevOps Engineer,2,Mid
5845,"Experienced in Kubernetes, CI/CD, AWS. Worked on CI/CD pipeline. 4 years of experience.",DevOps Engineer,4,Senior
5846,"Experienced in CI/CD, Docker, Linux. Worked on CI/CD pipeline. 3 years of experience.",DevOps Engineer,3,Mid
5847,"Experienced in Docker, Kubernetes, CI/CD. Worked on CI/CD pipeline. 0 years of experience.",DevOps Engineer,0,Junior
5848,"Experienced in Docker, CI/CD, Kubernetes. Worked on CI/CD pipeline. 0 years of experience.",DevOps Engineer,0,Junior
5849,"Experienced in CI/CD, Docker, Kubernetes. Worked on CI/CD pipeline. 2 years of experience.",DevOps Engineer,2,Mid
5850,"Experienced in Docker, Linux, Kubernetes. Worked on Containerized app. 1 years of experience.",DevOps Engineer,1,Junior
5851,"Experienced in AWS, CI/CD, Linux. Worked on Cloud deployment. 1 years of experience.",DevOps Engineer,1,Junior
5852,"Experienced in Docker, AWS, Kubernetes. Worked on Containerized app. 3 years of experience.",DevOps Engineer,3,Mid
5853,"Experienced in AWS, Linux, Docker. Worked on Containerized app. 1 years of experience.",DevOps Engineer,1,Junior
5854,"Experienced in AWS, Kubernetes, CI/CD. Worked on Cloud deployment. 3 years of experience.",DevOps Engineer,3,Mid
5855,"Experienced in Linux, AWS, Kubernetes. Worked on CI/CD pipeline. 3 years of experience.",DevOps Engineer,3,Mid
5856,"Experienced in CI/CD, Kubernetes, AWS. Worked on Cloud deployment. 4 years of experience.",DevOps Engineer,4,Senior
5857,"Experienced in CI/CD, AWS, Kubernetes. Worked on CI/CD pipeline. 3 years of experience.",DevOps Engineer,3,Mid
5858,"Experienced in Linux, AWS, Docker. Worked on CI/CD pipeline. 0 years of experience.",DevOps Engineer,0,Junior
5859,"Experienced in Docker, AWS, Kubernetes. Worked on Containerized app. 1 years of experience.",DevOps Engineer,1,Junior
5860,"Experienced in AWS, Kubernetes, CI/CD. Worked on Cloud deployment. 5 years of experience.",DevOps Engineer,5,Senior
5861,"Experienced in CI/CD, Docker, AWS. Worked on CI/CD pipeline. 0 years of experience.",DevOps Engineer,0,Junior
5862,"Experienced in CI/CD, Linux, Kubernetes. Worked on Containerized app. 2 years of experience.",DevOps Engineer,2,Mid
5863,"Experienced in Docker, AWS, CI/CD. Worked on Containerized app. 4 years of experience.",DevOps Engineer,4,Senior
5864,"Experienced in Docker, AWS, Kubernetes. Worked on Cloud deployment. 3 years of experience.",DevOps Engineer,3,Mid
5865,"Experienced in Kubernetes, Docker, AWS. Worked on Containerized app. 0 years of experience.",DevOps Engineer,0,Junior
5866,"Experienced in Linux, CI/CD, AWS. Worked on Containerized app. 4 years of experience.",DevOps Engineer,4,Senior
5867,"Experienced in CI/CD, Kubernetes, Linux. Worked on Cloud deployment. 5 years of experience.",DevOps Engineer,5,Senior
5868,"Experienced in Docker, Kubernetes, AWS. Worked on Containerized app. 1 years of experience.",DevOps Engineer,1,Junior
5869,"Experienced in AWS, Linux, CI/CD. Worked on Containerized app. 5 years of experience.",DevOps Engineer,5,Senior
5870,"Experienced in CI/CD, Kubernetes, Linux. Worked on Cloud deployment. 1 years of experience.",DevOps Engineer,1,Junior
5871,"Experienced in CI/CD, Linux, Kubernetes. Worked on Cloud deployment. 2 years of experience.",DevOps Engineer,2,Mid
5872,"Experienced in Linux, Docker, CI/CD. Worked on CI/CD pipeline. 2 years of experience.",DevOps Engineer,2,Mid
5873,"Experienced in AWS, CI/CD, Docker. Worked on CI/CD pipeline. 0 years of experience.",DevOps Engineer,0,Junior
5874,"Experienced in AWS, CI/CD, Linux. Worked on Cloud deployment. 3 years of experience.",DevOps Engineer,3,Mid
5875,"Experienced in Linux, AWS, Kubernetes. Worked on Cloud deployment. 0 years of experience.",DevOps Engineer,0,Junior
5876,"Experienced in Docker, AWS, Kubernetes. Worked on CI/CD pipeline. 3 years of experience.",DevOps Engineer,3,Mid
5877,"Experienced in Docker, Kubernetes, CI/CD. Worked on Cloud deployment. 5 years of experience.",DevOps Engineer,5,Senior
5878,"Experienced in Linux, Docker, Kubernetes. Worked on Containerized app. 4 years of experience.",DevOps Engineer,4,Senior
5879,"Experienced in Docker, CI/CD, Linux. Worked on Cloud deployment. 1 years of experience.",DevOps Engineer,1,Junior
5880,"Experienced in CI/CD, AWS, Linux. Worked on Cloud deployment. 3 years of experience.",DevOps Engineer,3,Mid
5881,"Experienced in CI/CD, Docker, Kubernetes. Worked on CI/CD pipeline. 1 years of experience.",DevOps Engineer,1,Junior
5882,"Experienced in Docker, AWS, CI/CD. Worked on CI/CD pipeline. 2 years of experience.",DevOps Engineer,2,Mid
5883,"Experienced in AWS, CI/CD, Docker. Worked on CI/CD pipeline. 3 years of experience.",DevOps Engineer,3,Mid
5884,"Experienced in Linux, CI/CD, Docker. Worked on Cloud deployment. 4 years of experience.",DevOps Engineer,4,Senior
5885,"Experienced in AWS, Docker, Kubernetes. Worked on CI/CD pipeline. 0 years of experience.",DevOps Engineer,0,Junior
5886,"Experienced in AWS, Linux, CI/CD. Worked on Cloud deployment. 0 years of experience.",DevOps Engineer,0,Junior
5887,"Experienced in CI/CD, Linux, Docker. Worked on Containerized app. 3 years of experience.",DevOps Engineer,3,Mid
5888,"Experienced in Kubernetes, CI/CD, Docker. Worked on CI/CD pipeline. 5 years of experience.",DevOps Engineer,5,Senior
5889,"Experienced in Kubernetes, Docker, AWS. Worked on CI/CD pipeline. 1 years of experience.",DevOps Engineer,1,Junior
5890,"Experienced in Linux, Kubernetes, AWS. Worked on Cloud deployment. 1 years of experience.",DevOps Engineer,1,Junior
5891,"Experienced in Docker, Kubernetes, CI/CD. Worked on Containerized app. 5 years of experience.",DevOps Engineer,5,Senior
5892,"Experienced in Linux, Docker, AWS. Worked on CI/CD pipeline. 5 years of experience.",DevOps Engineer,5,Senior
5893,"Experienced in Kubernetes, CI/CD, Docker. Worked on CI/CD pipeline. 3 years of experience.",DevOps Engineer,3,Mid
5894,"Experienced in Kubernetes, CI/CD, Linux. Worked on CI/CD pipeline. 0 years of experience.",DevOps Engineer,0,Junior
5895,"Experienced in AWS, Docker, Linux. Worked on Containerized app. 2 years of experience.",DevOps Engineer,2,Mid
5896,"Experienced in CI/CD, Docker, Kubernetes. Worked on Cloud deployment. 2 years of experience.",DevOps Engineer,2,Mid
5897,"Experienced in AWS, Linux, Kubernetes. Worked on Containerized app. 2 years of experience.",DevOps Engineer,2,Mid
5898,"Experienced in Linux, Kubernetes, AWS. Worked on Cloud deployment. 0 years of experience.",DevOps Engineer,0,Junior
5899,"Experienced in Kubernetes, Docker, Linux. Worked on CI/CD pipeline. 4 years of experience.",DevOps Engineer,4,Senior
5900,"Experienced in AWS, Docker, CI/CD. Worked on Cloud deployment. 2 years of experience.",DevOps Engineer,2,Mid
5901,"Experienced in CI/CD, Linux, AWS. Worked on CI/CD pipeline. 4 years of experience.",DevOps Engineer,4,Senior
5902,"Experienced in CI/CD, Docker, AWS. Worked on CI/CD pipeline. 4 years of experience.",DevOps Engineer,4,Senior
5903,"Experienced in Kubernetes, Linux, Docker. Worked on CI/CD pipeline. 3 years of experience.",DevOps Engineer,3,Mid
5904,"Experienced in Docker, Kubernetes, AWS. Worked on Containerized app. 5 years of experience.",DevOps Engineer,5,Senior
5905,"Experienced in CI/CD, Docker, AWS. Worked on Cloud deployment. 5 years of experience.",DevOps Engineer,5,Senior
5906,"Experienced in AWS, Docker, Kubernetes. Worked on Containerized app. 1 years of experience.",DevOps Engineer,1,Junior
5907,"Experienced in Kubernetes, Linux, Docker. Worked on Cloud deployment. 4 years of experience.",DevOps Engineer,4,Senior
5908,"Experienced in Docker, Linux, CI/CD. Worked on Containerized app. 5 years of experience.",DevOps Engineer,5,Senior
5909,"Experienced in Docker, CI/CD, Linux. Worked on CI/CD pipeline. 1 years of experience.",DevOps Engineer,1,Junior
5910,"Experienced in AWS, Docker, CI/CD. Worked on Containerized app. 0 years of experience.",DevOps Engineer,0,Junior
5911,"Experienced in CI/CD, AWS, Linux. Worked on Cloud deployment. 2 years of experience.",DevOps Engineer,2,Mid
5912,"Experienced in Kubernetes, CI/CD, AWS. Worked on Cloud deployment. 5 years of experience.",DevOps Engineer,5,Senior
5913,"Experienced in Linux, Docker, Kubernetes. Worked on Containerized app. 3 years of experience.",DevOps Engineer,3,Mid
5914,"Experienced in Docker, Linux, AWS. Worked on Containerized app. 0 years of experience.",DevOps Engineer,0,Junior
5915,"Experienced in Docker, Linux, CI/CD. Worked on Cloud deployment. 4 years of experience.",DevOps Engineer,4,Senior
5916,"Experienced in Linux, AWS, Kubernetes. Worked on Containerized app. 5 years of experience.",DevOps Engineer,5,Senior
5917,"Experienced in Docker, CI/CD, AWS. Worked on Cloud deployment. 5 years of experience.",DevOps Engineer,5,Senior
5918,"Experienced in Docker, CI/CD, Kubernetes. Worked on Cloud deployment. 0 years of experience.",DevOps Engineer,0,Junior
5919,"Experienced in Kubernetes, Linux, CI/CD. Worked on Cloud deployment. 5 years of experience.",DevOps Engineer,5,Senior
5920,"Experienced in Linux, CI/CD, Docker. Worked on Cloud deployment. 4 years of experience.",DevOps Engineer,4,Senior
5921,"Experienced in Kubernetes, AWS, Docker. Worked on Containerized app. 5 years of experience.",DevOps Engineer,5,Senior
5922,"Experienced in CI/CD, Kubernetes, AWS. Worked on Cloud deployment. 4 years of experience.",DevOps Engineer,4,Senior
5923,"Experienced in Kubernetes, Linux, AWS. Worked on Cloud deployment. 1 years of experience.",DevOps Engineer,1,Junior
5924,"Experienced in Docker, AWS, CI/CD. Worked on Cloud deployment. 5 years of experience.",DevOps Engineer,5,Senior
5925,"Experienced in CI/CD, Docker, Kubernetes. Worked on CI/CD pipeline. 3 years of experience.",DevOps Engineer,3,Mid
5926,"Experienced in AWS, Kubernetes, Docker. Worked on Containerized app. 1 years of experience.",DevOps Engineer,1,Junior
5927,"Experienced in CI/CD, Linux, Kubernetes. Worked on Cloud deployment. 5 years of experience.",DevOps Engineer,5,Senior
5928,"Experienced in AWS, Docker, CI/CD. Worked on Containerized app. 2 years of experience.",DevOps Engineer,2,Mid
5929,"Experienced in CI/CD, AWS, Kubernetes. Worked on Cloud deployment. 5 years of experience.",DevOps Engineer,5,Senior
5930,"Experienced in Linux, Kubernetes, AWS. Worked on Cloud deployment. 4 years of experience.",DevOps Engineer,4,Senior
5931,"Experienced in Kubernetes, Linux, AWS. Worked on Cloud deployment. 1 years of experience.",DevOps Engineer,1,Junior
5932,"Experienced in AWS, Docker, Linux. Worked on Cloud deployment. 0 years of experience.",DevOps Engineer,0,Junior
5933,"Experienced in Linux, Kubernetes, CI/CD. Worked on Containerized app. 3 years of experience.",DevOps Engineer,3,Mid
5934,"Experienced in AWS, Linux, CI/CD. Worked on Cloud deployment. 4 years of experience.",DevOps Engineer,4,Senior
5935,"Experienced in CI/CD, Docker, AWS. Worked on Containerized app. 4 years of experience.",DevOps Engineer,4,Senior
5936,"Experienced in Docker, Linux, AWS. Worked on Containerized app. 0 years of experience.",DevOps Engineer,0,Junior
5937,"Experienced in Linux, Kubernetes, CI/CD. Worked on CI/CD pipeline. 1 years of experience.",DevOps Engineer,1,Junior
5938,"Experienced in Kubernetes, AWS, Docker. Worked on Cloud deployment. 0 years of experience.",DevOps Engineer,0,Junior
5939,"Experienced in Kubernetes, AWS, CI/CD. Worked on CI/CD pipeline. 5 years of experience.",DevOps Engineer,5,Senior
5940,"Experienced in Docker, Linux, AWS. Worked on Containerized app. 2 years of experience.",DevOps Engineer,2,Mid
5941,"Experienced in Kubernetes, Docker, AWS. Worked on Cloud deployment. 1 years of experience.",DevOps Engineer,1,Junior
5942,"Experienced in Docker, Linux, Kubernetes. Worked on Containerized app. 5 years of experience.",DevOps Engineer,5,Senior
5943,"Experienced in CI/CD, Docker, Kubernetes. Worked on Containerized app. 1 years of experience.",DevOps Engineer,1,Junior
5944,"Experienced in Linux, Kubernetes, AWS. Worked on Containerized app. 4 years of experience.",DevOps Engineer,4,Senior
5945,"Experienced in CI/CD, Docker, Linux. Worked on Cloud deployment. 0 years of experience.",DevOps Engineer,0,Junior
5946,"Experienced in AWS, Linux, Docker. Worked on Cloud deployment. 4 years of experience.",DevOps Engineer,4,Senior
5947,"Experienced in AWS, Docker, Linux. Worked on CI/CD pipeline. 4 years of experience.",DevOps Engineer,4,Senior
5948,"Experienced in Linux, CI/CD, Docker. Worked on Cloud deployment. 0 years of experience.",DevOps Engineer,0,Junior
5949,"Experienced in CI/CD, Linux, AWS. Worked on Containerized app. 3 years of experience.",DevOps Engineer,3,Mid
5950,"Experienced in Kubernetes, CI/CD, Docker. Worked on Cloud deployment. 3 years of experience.",DevOps Engineer,3,Mid
5951,"Experienced in Kubernetes, CI/CD, Docker. Worked on Cloud deployment. 2 years of experience.",DevOps Engineer,2,Mid
5952,"Experienced in CI/CD, AWS, Docker. Worked on CI/CD pipeline. 4 years of experience.",DevOps Engineer,4,Senior
5953,"Experienced in Docker, AWS, Linux. Worked on CI/CD pipeline. 5 years of experience.",DevOps Engineer,5,Senior
5954,"Experienced in Kubernetes, Docker, CI/CD. Worked on CI/CD pipeline. 0 years of experience.",DevOps Engineer,0,Junior
5955,"Experienced in Docker, Kubernetes, Linux. Worked on CI/CD pipeline. 5 years of experience.",DevOps Engineer,5,Senior
5956,"Experienced in Docker, Linux, AWS. Worked on Cloud deployment. 5 years of experience.",DevOps Engineer,5,Senior
5957,"Experienced in Docker, CI/CD, Linux. Worked on CI/CD pipeline. 0 years of experience.",DevOps Engineer,0,Junior
5958,"Experienced in Linux, CI/CD, Kubernetes. Worked on Cloud deployment. 2 years of experience.",DevOps Engineer,2,Mid
5959,"Experienced in Kubernetes, Docker, CI/CD. Worked on Cloud deployment. 0 years of experience.",DevOps Engineer,0,Junior
5960,"Experienced in CI/CD, Docker, AWS. Worked on CI/CD pipeline. 0 years of experience.",DevOps Engineer,0,Junior
5961,"Experienced in Linux, AWS, Kubernetes. Worked on CI/CD pipeline. 1 years of experience.",DevOps Engineer,1,Junior
5962,"Experienced in Kubernetes, AWS, Docker. Worked on Containerized app. 5 years of experience.",DevOps Engineer,5,Senior
5963,"Experienced in AWS, Docker, Kubernetes. Worked on CI/CD pipeline. 1 years of experience.",DevOps Engineer,1,Junior
5964,"Experienced in CI/CD, Kubernetes, Docker. Worked on CI/CD pipeline. 5 years of experience.",DevOps Engineer,5,Senior
5965,"Experienced in Kubernetes, Linux, Docker. Worked on Containerized app. 4 years of experience.",DevOps Engineer,4,Senior
5966,"Experienced in Kubernetes, Linux, AWS. Worked on Cloud deployment. 4 years of experience.",DevOps Engineer,4,Senior
5967,"Experienced in Kubernetes, AWS, CI/CD. Worked on CI/CD pipeline. 1 years of experience.",DevOps Engineer,1,Junior
5968,"Experienced in Docker, Linux, Kubernetes. Worked on CI/CD pipeline. 1 years of experience.",DevOps Engineer,1,Junior
5969,"Experienced in Linux, CI/CD, AWS. Worked on Containerized app. 5 years of experience.",DevOps Engineer,5,Senior
5970,"Experienced in Kubernetes, AWS, CI/CD. Worked on Cloud deployment. 2 years of experience.",DevOps Engineer,2,Mid
5971,"Experienced in AWS, CI/CD, Linux. Worked on CI/CD pipeline. 0 years of experience.",DevOps Engineer,0,Junior
5972,"Experienced in Docker, AWS, Linux. Worked on Cloud deployment. 0 years of experience.",DevOps Engineer,0,Junior
5973,"Experienced in Linux, Docker, CI/CD. Worked on Cloud deployment. 1 years of experience.",DevOps Engineer,1,Junior
5974,"Experienced in Kubernetes, Linux, AWS. Worked on Containerized app. 5 years of experience.",DevOps Engineer,5,Senior
5975,"Experienced in Linux, AWS, Docker. Worked on Containerized app. 4 years of experience.",DevOps Engineer,4,Senior
5976,"Experienced in Kubernetes, CI/CD, Docker. Worked on Cloud deployment. 4 years of experience.",DevOps Engineer,4,Senior
5977,"Experienced in CI/CD, Kubernetes, AWS. Worked on Containerized app. 5 years of experience.",DevOps Engineer,5,Senior
5978,"Experienced in Docker, CI/CD, AWS. Worked on CI/CD pipeline. 0 years of experience.",DevOps Engineer,0,Junior
5979,"Experienced in Linux, Kubernetes, Docker. Worked on Cloud deployment. 1 years of experience.",DevOps Engineer,1,Junior
5980,"Experienced in CI/CD, Kubernetes, Docker. Worked on CI/CD pipeline. 0 years of experience.",DevOps Engineer,0,Junior
5981,"Experienced in AWS, Docker, Linux. Worked on Cloud deployment. 3 years of experience.",DevOps Engineer,3,Mid
5982,"Experienced in Linux, Kubernetes, AWS. Worked on Cloud deployment. 5 years of experience.",DevOps Engineer,5,Senior
5983,"Experienced in Docker, Kubernetes, CI/CD. Worked on Containerized app. 0 years of experience.",DevOps Engineer,0,Junior
5984,"Experienced in Linux, Kubernetes, CI/CD. Worked on Cloud deployment. 4 years of experience.",DevOps Engineer,4,Senior
5985,"Experienced in CI/CD, Kubernetes, Linux. Worked on Cloud deployment. 0 years of experience.",DevOps Engineer,0,Junior
5986,"Experienced in CI/CD, Docker, Kubernetes. Worked on Cloud deployment. 2 years of experience.",DevOps Engineer,2,Mid
5987,"Experienced in Linux, Docker, AWS. Worked on Containerized app. 4 years of experience.",DevOps Engineer,4,Senior
5988,"Experienced in Linux, AWS, Kubernetes. Worked on CI/CD pipeline. 4 years of experience.",DevOps Engineer,4,Senior
5989,"Experienced in Docker, CI/CD, Linux. Worked on Cloud deployment. 0 years of experience.",DevOps Engineer,0,Junior
5990,"Experienced in AWS, Kubernetes, Docker. Worked on Containerized app. 5 years of experience.",DevOps Engineer,5,Senior
5991,"Experienced in AWS, Kubernetes, CI/CD. Worked on Containerized app. 2 years of experience.",DevOps Engineer,2,Mid
5992,"Experienced in AWS, Docker, CI/CD. Worked on Containerized app. 0 years of experience.",DevOps Engineer,0,Junior
5993,"Experienced in CI/CD, Linux, Kubernetes. Worked on Containerized app. 0 years of experience.",DevOps Engineer,0,Junior
5994,"Experienced in Kubernetes, Docker, Linux. Worked on CI/CD pipeline. 1 years of experience.",DevOps Engineer,1,Junior
5995,"Experienced in Kubernetes, CI/CD, AWS. Worked on Cloud deployment. 5 years of experience.",DevOps Engineer,5,Senior
5996,"Experienced in Docker, AWS, CI/CD. Worked on CI/CD pipeline. 0 years of experience.",DevOps Engineer,0,Junior
5997,"Experienced in Linux, CI/CD, Kubernetes. Worked on Containerized app. 5 years of experience.",DevOps Engineer,5,Senior
5998,"Experienced in CI/CD, Linux, AWS. Worked on CI/CD pipeline. 3 years of experience.",DevOps Engineer,3,Mid
5999,"Experienced in Linux, Kubernetes, Docker. Worked on Containerized app. 5 years of experience.",DevOps Engineer,5,Senior
6000,"Experienced in Docker, AWS, Linux. Worked on Cloud deployment. 5 years of experience.",DevOps Engineer,5,Senior
